year,community_area,primary_type,count,community_name
2020,1,ARSON,1,ROGERS PARK
2020,1,ASSAULT,274,ROGERS PARK
2020,1,BATTERY,626,ROGERS PARK
2020,1,BURGLARY,120,ROGERS PARK
2020,1,CRIM SEXUAL ASSAULT,5,ROGERS PARK
2020,1,CRIMINAL DAMAGE,443,ROGERS PARK
2020,1,CRIMINAL SEXUAL ASSAULT,33,ROGERS PARK
2020,1,CRIMINAL TRESPASS,60,ROGERS PARK
2020,1,DECEPTIVE PRACTICE,316,ROGERS PARK
2020,1,HOMICIDE,6,ROGERS PARK
2020,1,INTERFERENCE WITH PUBLIC OFFICER,9,ROGERS PARK
2020,1,INTIMIDATION,2,ROGERS PARK
2020,1,KIDNAPPING,2,ROGERS PARK
2020,1,LIQUOR LAW VIOLATION,4,ROGERS PARK
2020,1,MOTOR VEHICLE THEFT,105,ROGERS PARK
2020,1,NARCOTICS,60,ROGERS PARK
2020,1,OFFENSE INVOLVING CHILDREN,20,ROGERS PARK
2020,1,OTHER NARCOTIC VIOLATION,1,ROGERS PARK
2020,1,OTHER OFFENSE,179,ROGERS PARK
2020,1,PROSTITUTION,1,ROGERS PARK
2020,1,PUBLIC INDECENCY,1,ROGERS PARK
2020,1,PUBLIC PEACE VIOLATION,10,ROGERS PARK
2020,1,ROBBERY,115,ROGERS PARK
2020,1,SEX OFFENSE,27,ROGERS PARK
2020,1,STALKING,6,ROGERS PARK
2020,1,THEFT,848,ROGERS PARK
2020,1,WEAPONS VIOLATION,33,ROGERS PARK
2020,2,ARSON,4,WEST RIDGE
2020,2,ASSAULT,230,WEST RIDGE
2020,2,BATTERY,567,WEST RIDGE
2020,2,BURGLARY,168,WEST RIDGE
2020,2,CRIM SEXUAL ASSAULT,4,WEST RIDGE
2020,2,CRIMINAL DAMAGE,390,WEST RIDGE
2020,2,CRIMINAL SEXUAL ASSAULT,8,WEST RIDGE
2020,2,CRIMINAL TRESPASS,64,WEST RIDGE
2020,2,DECEPTIVE PRACTICE,352,WEST RIDGE
2020,2,HOMICIDE,6,WEST RIDGE
2020,2,INTERFERENCE WITH PUBLIC OFFICER,2,WEST RIDGE
2020,2,INTIMIDATION,3,WEST RIDGE
2020,2,KIDNAPPING,1,WEST RIDGE
2020,2,LIQUOR LAW VIOLATION,3,WEST RIDGE
2020,2,MOTOR VEHICLE THEFT,141,WEST RIDGE
2020,2,NARCOTICS,48,WEST RIDGE
2020,2,OBSCENITY,2,WEST RIDGE
2020,2,OFFENSE INVOLVING CHILDREN,23,WEST RIDGE
2020,2,OTHER OFFENSE,164,WEST RIDGE
2020,2,PUBLIC PEACE VIOLATION,11,WEST RIDGE
2020,2,ROBBERY,99,WEST RIDGE
2020,2,SEX OFFENSE,18,WEST RIDGE
2020,2,STALKING,2,WEST RIDGE
2020,2,THEFT,769,WEST RIDGE
2020,2,WEAPONS VIOLATION,31,WEST RIDGE
2020,3,ARSON,4,UPTOWN
2020,3,ASSAULT,247,UPTOWN
2020,3,BATTERY,528,UPTOWN
2020,3,BURGLARY,113,UPTOWN
2020,3,CONCEALED CARRY LICENSE VIOLATION,1,UPTOWN
2020,3,CRIM SEXUAL ASSAULT,2,UPTOWN
2020,3,CRIMINAL DAMAGE,272,UPTOWN
2020,3,CRIMINAL SEXUAL ASSAULT,27,UPTOWN
2020,3,CRIMINAL TRESPASS,64,UPTOWN
2020,3,DECEPTIVE PRACTICE,403,UPTOWN
2020,3,HOMICIDE,6,UPTOWN
2020,3,INTERFERENCE WITH PUBLIC OFFICER,8,UPTOWN
2020,3,INTIMIDATION,2,UPTOWN
2020,3,KIDNAPPING,1,UPTOWN
2020,3,LIQUOR LAW VIOLATION,1,UPTOWN
2020,3,MOTOR VEHICLE THEFT,111,UPTOWN
2020,3,NARCOTICS,45,UPTOWN
2020,3,OBSCENITY,1,UPTOWN
2020,3,OFFENSE INVOLVING CHILDREN,18,UPTOWN
2020,3,OTHER NARCOTIC VIOLATION,1,UPTOWN
2020,3,OTHER OFFENSE,130,UPTOWN
2020,3,PUBLIC PEACE VIOLATION,21,UPTOWN
2020,3,ROBBERY,100,UPTOWN
2020,3,SEX OFFENSE,16,UPTOWN
2020,3,THEFT,814,UPTOWN
2020,3,WEAPONS VIOLATION,27,UPTOWN
2020,4,ARSON,1,LINCOLN SQUARE
2020,4,ASSAULT,105,LINCOLN SQUARE
2020,4,BATTERY,291,LINCOLN SQUARE
2020,4,BURGLARY,102,LINCOLN SQUARE
2020,4,CONCEALED CARRY LICENSE VIOLATION,1,LINCOLN SQUARE
2020,4,CRIMINAL DAMAGE,214,LINCOLN SQUARE
2020,4,CRIMINAL SEXUAL ASSAULT,16,LINCOLN SQUARE
2020,4,CRIMINAL TRESPASS,46,LINCOLN SQUARE
2020,4,DECEPTIVE PRACTICE,257,LINCOLN SQUARE
2020,4,HOMICIDE,1,LINCOLN SQUARE
2020,4,INTERFERENCE WITH PUBLIC OFFICER,1,LINCOLN SQUARE
2020,4,INTIMIDATION,1,LINCOLN SQUARE
2020,4,KIDNAPPING,1,LINCOLN SQUARE
2020,4,LIQUOR LAW VIOLATION,6,LINCOLN SQUARE
2020,4,MOTOR VEHICLE THEFT,88,LINCOLN SQUARE
2020,4,NARCOTICS,16,LINCOLN SQUARE
2020,4,OFFENSE INVOLVING CHILDREN,7,LINCOLN SQUARE
2020,4,OTHER OFFENSE,72,LINCOLN SQUARE
2020,4,PUBLIC PEACE VIOLATION,2,LINCOLN SQUARE
2020,4,ROBBERY,33,LINCOLN SQUARE
2020,4,SEX OFFENSE,6,LINCOLN SQUARE
2020,4,STALKING,2,LINCOLN SQUARE
2020,4,THEFT,619,LINCOLN SQUARE
2020,4,WEAPONS VIOLATION,6,LINCOLN SQUARE
2020,5,ARSON,5,NORTH CENTER
2020,5,ASSAULT,63,NORTH CENTER
2020,5,BATTERY,101,NORTH CENTER
2020,5,BURGLARY,84,NORTH CENTER
2020,5,CRIM SEXUAL ASSAULT,1,NORTH CENTER
2020,5,CRIMINAL DAMAGE,96,NORTH CENTER
2020,5,CRIMINAL SEXUAL ASSAULT,5,NORTH CENTER
2020,5,CRIMINAL TRESPASS,33,NORTH CENTER
2020,5,DECEPTIVE PRACTICE,237,NORTH CENTER
2020,5,HOMICIDE,2,NORTH CENTER
2020,5,INTERFERENCE WITH PUBLIC OFFICER,3,NORTH CENTER
2020,5,KIDNAPPING,1,NORTH CENTER
2020,5,LIQUOR LAW VIOLATION,1,NORTH CENTER
2020,5,MOTOR VEHICLE THEFT,47,NORTH CENTER
2020,5,NARCOTICS,11,NORTH CENTER
2020,5,OFFENSE INVOLVING CHILDREN,7,NORTH CENTER
2020,5,OTHER OFFENSE,59,NORTH CENTER
2020,5,PUBLIC PEACE VIOLATION,8,NORTH CENTER
2020,5,ROBBERY,27,NORTH CENTER
2020,5,SEX OFFENSE,5,NORTH CENTER
2020,5,STALKING,1,NORTH CENTER
2020,5,THEFT,359,NORTH CENTER
2020,5,WEAPONS VIOLATION,5,NORTH CENTER
2020,6,ARSON,9,LAKE VIEW
2020,6,ASSAULT,228,LAKE VIEW
2020,6,BATTERY,448,LAKE VIEW
2020,6,BURGLARY,201,LAKE VIEW
2020,6,CONCEALED CARRY LICENSE VIOLATION,3,LAKE VIEW
2020,6,CRIM SEXUAL ASSAULT,1,LAKE VIEW
2020,6,CRIMINAL DAMAGE,320,LAKE VIEW
2020,6,CRIMINAL SEXUAL ASSAULT,32,LAKE VIEW
2020,6,CRIMINAL TRESPASS,116,LAKE VIEW
2020,6,DECEPTIVE PRACTICE,650,LAKE VIEW
2020,6,INTERFERENCE WITH PUBLIC OFFICER,4,LAKE VIEW
2020,6,INTIMIDATION,12,LAKE VIEW
2020,6,KIDNAPPING,1,LAKE VIEW
2020,6,LIQUOR LAW VIOLATION,9,LAKE VIEW
2020,6,MOTOR VEHICLE THEFT,245,LAKE VIEW
2020,6,NARCOTICS,14,LAKE VIEW
2020,6,OBSCENITY,1,LAKE VIEW
2020,6,OFFENSE INVOLVING CHILDREN,10,LAKE VIEW
2020,6,OTHER OFFENSE,189,LAKE VIEW
2020,6,PUBLIC PEACE VIOLATION,24,LAKE VIEW
2020,6,ROBBERY,149,LAKE VIEW
2020,6,SEX OFFENSE,14,LAKE VIEW
2020,6,STALKING,7,LAKE VIEW
2020,6,THEFT,1618,LAKE VIEW
2020,6,WEAPONS VIOLATION,7,LAKE VIEW
2020,7,ARSON,10,LINCOLN PARK
2020,7,ASSAULT,128,LINCOLN PARK
2020,7,BATTERY,242,LINCOLN PARK
2020,7,BURGLARY,167,LINCOLN PARK
2020,7,CRIM SEXUAL ASSAULT,2,LINCOLN PARK
2020,7,CRIMINAL DAMAGE,245,LINCOLN PARK
2020,7,CRIMINAL SEXUAL ASSAULT,6,LINCOLN PARK
2020,7,CRIMINAL TRESPASS,68,LINCOLN PARK
2020,7,DECEPTIVE PRACTICE,452,LINCOLN PARK
2020,7,HOMICIDE,1,LINCOLN PARK
2020,7,INTIMIDATION,2,LINCOLN PARK
2020,7,KIDNAPPING,1,LINCOLN PARK
2020,7,LIQUOR LAW VIOLATION,7,LINCOLN PARK
2020,7,MOTOR VEHICLE THEFT,111,LINCOLN PARK
2020,7,NARCOTICS,8,LINCOLN PARK
2020,7,OBSCENITY,3,LINCOLN PARK
2020,7,OFFENSE INVOLVING CHILDREN,3,LINCOLN PARK
2020,7,OTHER OFFENSE,108,LINCOLN PARK
2020,7,PUBLIC PEACE VIOLATION,5,LINCOLN PARK
2020,7,ROBBERY,113,LINCOLN PARK
2020,7,SEX OFFENSE,12,LINCOLN PARK
2020,7,STALKING,4,LINCOLN PARK
2020,7,THEFT,1165,LINCOLN PARK
2020,7,WEAPONS VIOLATION,11,LINCOLN PARK
2020,8,ARSON,3,NEAR NORTH SIDE
2020,8,ASSAULT,403,NEAR NORTH SIDE
2020,8,BATTERY,920,NEAR NORTH SIDE
2020,8,BURGLARY,444,NEAR NORTH SIDE
2020,8,CONCEALED CARRY LICENSE VIOLATION,2,NEAR NORTH SIDE
2020,8,CRIM SEXUAL ASSAULT,6,NEAR NORTH SIDE
2020,8,CRIMINAL DAMAGE,423,NEAR NORTH SIDE
2020,8,CRIMINAL SEXUAL ASSAULT,73,NEAR NORTH SIDE
2020,8,CRIMINAL TRESPASS,228,NEAR NORTH SIDE
2020,8,DECEPTIVE PRACTICE,984,NEAR NORTH SIDE
2020,8,GAMBLING,1,NEAR NORTH SIDE
2020,8,HOMICIDE,9,NEAR NORTH SIDE
2020,8,HUMAN TRAFFICKING,1,NEAR NORTH SIDE
2020,8,INTERFERENCE WITH PUBLIC OFFICER,29,NEAR NORTH SIDE
2020,8,INTIMIDATION,5,NEAR NORTH SIDE
2020,8,LIQUOR LAW VIOLATION,13,NEAR NORTH SIDE
2020,8,MOTOR VEHICLE THEFT,331,NEAR NORTH SIDE
2020,8,NARCOTICS,85,NEAR NORTH SIDE
2020,8,OFFENSE INVOLVING CHILDREN,21,NEAR NORTH SIDE
2020,8,OTHER OFFENSE,270,NEAR NORTH SIDE
2020,8,PROSTITUTION,1,NEAR NORTH SIDE
2020,8,PUBLIC PEACE VIOLATION,62,NEAR NORTH SIDE
2020,8,ROBBERY,251,NEAR NORTH SIDE
2020,8,SEX OFFENSE,38,NEAR NORTH SIDE
2020,8,STALKING,8,NEAR NORTH SIDE
2020,8,THEFT,2539,NEAR NORTH SIDE
2020,8,WEAPONS VIOLATION,171,NEAR NORTH SIDE
2020,9,ASSAULT,11,EDISON PARK
2020,9,BATTERY,31,EDISON PARK
2020,9,BURGLARY,11,EDISON PARK
2020,9,CRIMINAL DAMAGE,17,EDISON PARK
2020,9,CRIMINAL SEXUAL ASSAULT,1,EDISON PARK
2020,9,CRIMINAL TRESPASS,10,EDISON PARK
2020,9,DECEPTIVE PRACTICE,87,EDISON PARK
2020,9,LIQUOR LAW VIOLATION,1,EDISON PARK
2020,9,MOTOR VEHICLE THEFT,9,EDISON PARK
2020,9,NARCOTICS,1,EDISON PARK
2020,9,OFFENSE INVOLVING CHILDREN,6,EDISON PARK
2020,9,OTHER OFFENSE,18,EDISON PARK
2020,9,ROBBERY,1,EDISON PARK
2020,9,SEX OFFENSE,3,EDISON PARK
2020,9,THEFT,60,EDISON PARK
2020,9,WEAPONS VIOLATION,1,EDISON PARK
2020,10,ARSON,3,NORWOOD PARK
2020,10,ASSAULT,49,NORWOOD PARK
2020,10,BATTERY,131,NORWOOD PARK
2020,10,BURGLARY,44,NORWOOD PARK
2020,10,CRIMINAL DAMAGE,97,NORWOOD PARK
2020,10,CRIMINAL SEXUAL ASSAULT,3,NORWOOD PARK
2020,10,CRIMINAL TRESPASS,27,NORWOOD PARK
2020,10,DECEPTIVE PRACTICE,272,NORWOOD PARK
2020,10,HOMICIDE,1,NORWOOD PARK
2020,10,INTIMIDATION,2,NORWOOD PARK
2020,10,MOTOR VEHICLE THEFT,37,NORWOOD PARK
2020,10,NARCOTICS,7,NORWOOD PARK
2020,10,OFFENSE INVOLVING CHILDREN,7,NORWOOD PARK
2020,10,OTHER OFFENSE,78,NORWOOD PARK
2020,10,ROBBERY,19,NORWOOD PARK
2020,10,SEX OFFENSE,4,NORWOOD PARK
2020,10,STALKING,2,NORWOOD PARK
2020,10,THEFT,253,NORWOOD PARK
2020,10,WEAPONS VIOLATION,3,NORWOOD PARK
2020,11,ASSAULT,78,JEFFERSON PARK
2020,11,BATTERY,155,JEFFERSON PARK
2020,11,BURGLARY,40,JEFFERSON PARK
2020,11,CONCEALED CARRY LICENSE VIOLATION,1,JEFFERSON PARK
2020,11,CRIMINAL DAMAGE,98,JEFFERSON PARK
2020,11,CRIMINAL SEXUAL ASSAULT,5,JEFFERSON PARK
2020,11,CRIMINAL TRESPASS,24,JEFFERSON PARK
2020,11,DECEPTIVE PRACTICE,194,JEFFERSON PARK
2020,11,INTERFERENCE WITH PUBLIC OFFICER,2,JEFFERSON PARK
2020,11,INTIMIDATION,1,JEFFERSON PARK
2020,11,LIQUOR LAW VIOLATION,1,JEFFERSON PARK
2020,11,MOTOR VEHICLE THEFT,35,JEFFERSON PARK
2020,11,NARCOTICS,9,JEFFERSON PARK
2020,11,OFFENSE INVOLVING CHILDREN,8,JEFFERSON PARK
2020,11,OTHER OFFENSE,78,JEFFERSON PARK
2020,11,PUBLIC PEACE VIOLATION,3,JEFFERSON PARK
2020,11,ROBBERY,14,JEFFERSON PARK
2020,11,SEX OFFENSE,5,JEFFERSON PARK
2020,11,STALKING,3,JEFFERSON PARK
2020,11,THEFT,245,JEFFERSON PARK
2020,11,WEAPONS VIOLATION,2,JEFFERSON PARK
2020,12,ARSON,1,FOREST GLEN
2020,12,ASSAULT,47,FOREST GLEN
2020,12,BATTERY,55,FOREST GLEN
2020,12,BURGLARY,44,FOREST GLEN
2020,12,CRIMINAL DAMAGE,67,FOREST GLEN
2020,12,CRIMINAL SEXUAL ASSAULT,2,FOREST GLEN
2020,12,CRIMINAL TRESPASS,21,FOREST GLEN
2020,12,DECEPTIVE PRACTICE,146,FOREST GLEN
2020,12,MOTOR VEHICLE THEFT,18,FOREST GLEN
2020,12,OFFENSE INVOLVING CHILDREN,2,FOREST GLEN
2020,12,OTHER OFFENSE,30,FOREST GLEN
2020,12,PUBLIC PEACE VIOLATION,4,FOREST GLEN
2020,12,ROBBERY,7,FOREST GLEN
2020,12,SEX OFFENSE,3,FOREST GLEN
2020,12,STALKING,1,FOREST GLEN
2020,12,THEFT,105,FOREST GLEN
2020,12,WEAPONS VIOLATION,3,FOREST GLEN
2020,13,ARSON,2,NORTH PARK
2020,13,ASSAULT,60,NORTH PARK
2020,13,BATTERY,107,NORTH PARK
2020,13,BURGLARY,34,NORTH PARK
2020,13,CRIMINAL DAMAGE,109,NORTH PARK
2020,13,CRIMINAL SEXUAL ASSAULT,5,NORTH PARK
2020,13,CRIMINAL TRESPASS,17,NORTH PARK
2020,13,DECEPTIVE PRACTICE,109,NORTH PARK
2020,13,HOMICIDE,1,NORTH PARK
2020,13,HUMAN TRAFFICKING,1,NORTH PARK
2020,13,LIQUOR LAW VIOLATION,1,NORTH PARK
2020,13,MOTOR VEHICLE THEFT,28,NORTH PARK
2020,13,NARCOTICS,7,NORTH PARK
2020,13,OFFENSE INVOLVING CHILDREN,12,NORTH PARK
2020,13,OTHER OFFENSE,40,NORTH PARK
2020,13,PUBLIC PEACE VIOLATION,1,NORTH PARK
2020,13,ROBBERY,19,NORTH PARK
2020,13,SEX OFFENSE,6,NORTH PARK
2020,13,THEFT,214,NORTH PARK
2020,13,WEAPONS VIOLATION,8,NORTH PARK
2020,14,ARSON,3,ALBANY PARK
2020,14,ASSAULT,171,ALBANY PARK
2020,14,BATTERY,353,ALBANY PARK
2020,14,BURGLARY,89,ALBANY PARK
2020,14,CONCEALED CARRY LICENSE VIOLATION,1,ALBANY PARK
2020,14,CRIMINAL DAMAGE,285,ALBANY PARK
2020,14,CRIMINAL SEXUAL ASSAULT,17,ALBANY PARK
2020,14,CRIMINAL TRESPASS,49,ALBANY PARK
2020,14,DECEPTIVE PRACTICE,167,ALBANY PARK
2020,14,GAMBLING,1,ALBANY PARK
2020,14,HOMICIDE,7,ALBANY PARK
2020,14,INTERFERENCE WITH PUBLIC OFFICER,4,ALBANY PARK
2020,14,INTIMIDATION,3,ALBANY PARK
2020,14,KIDNAPPING,1,ALBANY PARK
2020,14,LIQUOR LAW VIOLATION,2,ALBANY PARK
2020,14,MOTOR VEHICLE THEFT,98,ALBANY PARK
2020,14,NARCOTICS,53,ALBANY PARK
2020,14,OFFENSE INVOLVING CHILDREN,22,ALBANY PARK
2020,14,OTHER OFFENSE,95,ALBANY PARK
2020,14,PUBLIC PEACE VIOLATION,8,ALBANY PARK
2020,14,ROBBERY,83,ALBANY PARK
2020,14,SEX OFFENSE,11,ALBANY PARK
2020,14,STALKING,1,ALBANY PARK
2020,14,THEFT,454,ALBANY PARK
2020,14,WEAPONS VIOLATION,53,ALBANY PARK
2020,15,ARSON,8,PORTAGE PARK
2020,15,ASSAULT,217,PORTAGE PARK
2020,15,BATTERY,478,PORTAGE PARK
2020,15,BURGLARY,136,PORTAGE PARK
2020,15,CRIMINAL DAMAGE,332,PORTAGE PARK
2020,15,CRIMINAL SEXUAL ASSAULT,12,PORTAGE PARK
2020,15,CRIMINAL TRESPASS,50,PORTAGE PARK
2020,15,DECEPTIVE PRACTICE,290,PORTAGE PARK
2020,15,HOMICIDE,6,PORTAGE PARK
2020,15,INTERFERENCE WITH PUBLIC OFFICER,4,PORTAGE PARK
2020,15,INTIMIDATION,2,PORTAGE PARK
2020,15,KIDNAPPING,3,PORTAGE PARK
2020,15,LIQUOR LAW VIOLATION,5,PORTAGE PARK
2020,15,MOTOR VEHICLE THEFT,108,PORTAGE PARK
2020,15,NARCOTICS,39,PORTAGE PARK
2020,15,OBSCENITY,3,PORTAGE PARK
2020,15,OFFENSE INVOLVING CHILDREN,41,PORTAGE PARK
2020,15,OTHER OFFENSE,189,PORTAGE PARK
2020,15,PUBLIC PEACE VIOLATION,10,PORTAGE PARK
2020,15,ROBBERY,71,PORTAGE PARK
2020,15,SEX OFFENSE,21,PORTAGE PARK
2020,15,STALKING,2,PORTAGE PARK
2020,15,THEFT,552,PORTAGE PARK
2020,15,WEAPONS VIOLATION,38,PORTAGE PARK
2020,16,ARSON,6,IRVING PARK
2020,16,ASSAULT,175,IRVING PARK
2020,16,BATTERY,389,IRVING PARK
2020,16,BURGLARY,84,IRVING PARK
2020,16,CRIMINAL DAMAGE,276,IRVING PARK
2020,16,CRIMINAL SEXUAL ASSAULT,13,IRVING PARK
2020,16,CRIMINAL TRESPASS,44,IRVING PARK
2020,16,DECEPTIVE PRACTICE,275,IRVING PARK
2020,16,HOMICIDE,2,IRVING PARK
2020,16,INTERFERENCE WITH PUBLIC OFFICER,2,IRVING PARK
2020,16,INTIMIDATION,2,IRVING PARK
2020,16,LIQUOR LAW VIOLATION,6,IRVING PARK
2020,16,MOTOR VEHICLE THEFT,117,IRVING PARK
2020,16,NARCOTICS,29,IRVING PARK
2020,16,OBSCENITY,1,IRVING PARK
2020,16,OFFENSE INVOLVING CHILDREN,21,IRVING PARK
2020,16,OTHER NARCOTIC VIOLATION,1,IRVING PARK
2020,16,OTHER OFFENSE,143,IRVING PARK
2020,16,PUBLIC PEACE VIOLATION,5,IRVING PARK
2020,16,ROBBERY,80,IRVING PARK
2020,16,SEX OFFENSE,9,IRVING PARK
2020,16,STALKING,2,IRVING PARK
2020,16,THEFT,497,IRVING PARK
2020,16,WEAPONS VIOLATION,29,IRVING PARK
2020,17,ARSON,6,DUNNING
2020,17,ASSAULT,113,DUNNING
2020,17,BATTERY,215,DUNNING
2020,17,BURGLARY,70,DUNNING
2020,17,CRIMINAL DAMAGE,188,DUNNING
2020,17,CRIMINAL SEXUAL ASSAULT,6,DUNNING
2020,17,CRIMINAL TRESPASS,24,DUNNING
2020,17,DECEPTIVE PRACTICE,251,DUNNING
2020,17,HOMICIDE,3,DUNNING
2020,17,INTERFERENCE WITH PUBLIC OFFICER,2,DUNNING
2020,17,KIDNAPPING,5,DUNNING
2020,17,LIQUOR LAW VIOLATION,4,DUNNING
2020,17,MOTOR VEHICLE THEFT,60,DUNNING
2020,17,NARCOTICS,16,DUNNING
2020,17,OBSCENITY,2,DUNNING
2020,17,OFFENSE INVOLVING CHILDREN,16,DUNNING
2020,17,OTHER OFFENSE,117,DUNNING
2020,17,PROSTITUTION,1,DUNNING
2020,17,PUBLIC INDECENCY,1,DUNNING
2020,17,PUBLIC PEACE VIOLATION,4,DUNNING
2020,17,ROBBERY,16,DUNNING
2020,17,SEX OFFENSE,10,DUNNING
2020,17,STALKING,1,DUNNING
2020,17,THEFT,233,DUNNING
2020,17,WEAPONS VIOLATION,13,DUNNING
2020,18,ARSON,1,MONTCLARE
2020,18,ASSAULT,41,MONTCLARE
2020,18,BATTERY,107,MONTCLARE
2020,18,BURGLARY,20,MONTCLARE
2020,18,CRIMINAL DAMAGE,85,MONTCLARE
2020,18,CRIMINAL SEXUAL ASSAULT,6,MONTCLARE
2020,18,CRIMINAL TRESPASS,13,MONTCLARE
2020,18,DECEPTIVE PRACTICE,70,MONTCLARE
2020,18,HOMICIDE,1,MONTCLARE
2020,18,INTIMIDATION,1,MONTCLARE
2020,18,KIDNAPPING,2,MONTCLARE
2020,18,MOTOR VEHICLE THEFT,29,MONTCLARE
2020,18,NARCOTICS,12,MONTCLARE
2020,18,OFFENSE INVOLVING CHILDREN,6,MONTCLARE
2020,18,OTHER OFFENSE,41,MONTCLARE
2020,18,PUBLIC PEACE VIOLATION,2,MONTCLARE
2020,18,ROBBERY,13,MONTCLARE
2020,18,SEX OFFENSE,1,MONTCLARE
2020,18,STALKING,1,MONTCLARE
2020,18,THEFT,99,MONTCLARE
2020,18,WEAPONS VIOLATION,13,MONTCLARE
2020,19,ARSON,4,BELMONT CRAGIN
2020,19,ASSAULT,345,BELMONT CRAGIN
2020,19,BATTERY,806,BELMONT CRAGIN
2020,19,BURGLARY,98,BELMONT CRAGIN
2020,19,CONCEALED CARRY LICENSE VIOLATION,7,BELMONT CRAGIN
2020,19,CRIM SEXUAL ASSAULT,2,BELMONT CRAGIN
2020,19,CRIMINAL DAMAGE,428,BELMONT CRAGIN
2020,19,CRIMINAL SEXUAL ASSAULT,19,BELMONT CRAGIN
2020,19,CRIMINAL TRESPASS,61,BELMONT CRAGIN
2020,19,DECEPTIVE PRACTICE,339,BELMONT CRAGIN
2020,19,HOMICIDE,2,BELMONT CRAGIN
2020,19,INTERFERENCE WITH PUBLIC OFFICER,6,BELMONT CRAGIN
2020,19,INTIMIDATION,7,BELMONT CRAGIN
2020,19,KIDNAPPING,1,BELMONT CRAGIN
2020,19,LIQUOR LAW VIOLATION,6,BELMONT CRAGIN
2020,19,MOTOR VEHICLE THEFT,225,BELMONT CRAGIN
2020,19,NARCOTICS,165,BELMONT CRAGIN
2020,19,OBSCENITY,1,BELMONT CRAGIN
2020,19,OFFENSE INVOLVING CHILDREN,46,BELMONT CRAGIN
2020,19,OTHER OFFENSE,305,BELMONT CRAGIN
2020,19,PROSTITUTION,2,BELMONT CRAGIN
2020,19,PUBLIC PEACE VIOLATION,14,BELMONT CRAGIN
2020,19,ROBBERY,94,BELMONT CRAGIN
2020,19,SEX OFFENSE,29,BELMONT CRAGIN
2020,19,STALKING,2,BELMONT CRAGIN
2020,19,THEFT,631,BELMONT CRAGIN
2020,19,WEAPONS VIOLATION,148,BELMONT CRAGIN
2020,20,ARSON,7,HERMOSA
2020,20,ASSAULT,100,HERMOSA
2020,20,BATTERY,226,HERMOSA
2020,20,BURGLARY,57,HERMOSA
2020,20,CRIMINAL DAMAGE,137,HERMOSA
2020,20,CRIMINAL SEXUAL ASSAULT,9,HERMOSA
2020,20,CRIMINAL TRESPASS,18,HERMOSA
2020,20,DECEPTIVE PRACTICE,97,HERMOSA
2020,20,HOMICIDE,2,HERMOSA
2020,20,INTERFERENCE WITH PUBLIC OFFICER,2,HERMOSA
2020,20,INTIMIDATION,2,HERMOSA
2020,20,KIDNAPPING,1,HERMOSA
2020,20,LIQUOR LAW VIOLATION,1,HERMOSA
2020,20,MOTOR VEHICLE THEFT,58,HERMOSA
2020,20,NARCOTICS,38,HERMOSA
2020,20,OFFENSE INVOLVING CHILDREN,24,HERMOSA
2020,20,OTHER OFFENSE,97,HERMOSA
2020,20,PUBLIC PEACE VIOLATION,9,HERMOSA
2020,20,ROBBERY,33,HERMOSA
2020,20,SEX OFFENSE,12,HERMOSA
2020,20,STALKING,1,HERMOSA
2020,20,THEFT,214,HERMOSA
2020,20,WEAPONS VIOLATION,48,HERMOSA
2020,21,ARSON,4,AVONDALE
2020,21,ASSAULT,133,AVONDALE
2020,21,BATTERY,294,AVONDALE
2020,21,BURGLARY,94,AVONDALE
2020,21,CRIMINAL DAMAGE,234,AVONDALE
2020,21,CRIMINAL SEXUAL ASSAULT,5,AVONDALE
2020,21,CRIMINAL TRESPASS,30,AVONDALE
2020,21,DECEPTIVE PRACTICE,166,AVONDALE
2020,21,HOMICIDE,4,AVONDALE
2020,21,INTERFERENCE WITH PUBLIC OFFICER,1,AVONDALE
2020,21,INTIMIDATION,2,AVONDALE
2020,21,LIQUOR LAW VIOLATION,2,AVONDALE
2020,21,MOTOR VEHICLE THEFT,75,AVONDALE
2020,21,NARCOTICS,34,AVONDALE
2020,21,OBSCENITY,1,AVONDALE
2020,21,OFFENSE INVOLVING CHILDREN,15,AVONDALE
2020,21,OTHER OFFENSE,104,AVONDALE
2020,21,PUBLIC PEACE VIOLATION,4,AVONDALE
2020,21,ROBBERY,82,AVONDALE
2020,21,SEX OFFENSE,19,AVONDALE
2020,21,THEFT,492,AVONDALE
2020,21,WEAPONS VIOLATION,35,AVONDALE
2020,22,ARSON,9,LOGAN SQUARE
2020,22,ASSAULT,226,LOGAN SQUARE
2020,22,BATTERY,557,LOGAN SQUARE
2020,22,BURGLARY,195,LOGAN SQUARE
2020,22,CONCEALED CARRY LICENSE VIOLATION,2,LOGAN SQUARE
2020,22,CRIM SEXUAL ASSAULT,1,LOGAN SQUARE
2020,22,CRIMINAL DAMAGE,400,LOGAN SQUARE
2020,22,CRIMINAL SEXUAL ASSAULT,13,LOGAN SQUARE
2020,22,CRIMINAL TRESPASS,89,LOGAN SQUARE
2020,22,DECEPTIVE PRACTICE,360,LOGAN SQUARE
2020,22,HOMICIDE,5,LOGAN SQUARE
2020,22,INTERFERENCE WITH PUBLIC OFFICER,5,LOGAN SQUARE
2020,22,INTIMIDATION,2,LOGAN SQUARE
2020,22,KIDNAPPING,4,LOGAN SQUARE
2020,22,LIQUOR LAW VIOLATION,1,LOGAN SQUARE
2020,22,MOTOR VEHICLE THEFT,161,LOGAN SQUARE
2020,22,NARCOTICS,57,LOGAN SQUARE
2020,22,OFFENSE INVOLVING CHILDREN,27,LOGAN SQUARE
2020,22,OTHER OFFENSE,178,LOGAN SQUARE
2020,22,PUBLIC PEACE VIOLATION,26,LOGAN SQUARE
2020,22,ROBBERY,126,LOGAN SQUARE
2020,22,SEX OFFENSE,21,LOGAN SQUARE
2020,22,STALKING,8,LOGAN SQUARE
2020,22,THEFT,1208,LOGAN SQUARE
2020,22,WEAPONS VIOLATION,72,LOGAN SQUARE
2020,23,ARSON,25,HUMBOLDT PARK
2020,23,ASSAULT,514,HUMBOLDT PARK
2020,23,BATTERY,1327,HUMBOLDT PARK
2020,23,BURGLARY,222,HUMBOLDT PARK
2020,23,CONCEALED CARRY LICENSE VIOLATION,1,HUMBOLDT PARK
2020,23,CRIM SEXUAL ASSAULT,2,HUMBOLDT PARK
2020,23,CRIMINAL DAMAGE,716,HUMBOLDT PARK
2020,23,CRIMINAL SEXUAL ASSAULT,28,HUMBOLDT PARK
2020,23,CRIMINAL TRESPASS,113,HUMBOLDT PARK
2020,23,DECEPTIVE PRACTICE,295,HUMBOLDT PARK
2020,23,GAMBLING,6,HUMBOLDT PARK
2020,23,HOMICIDE,43,HUMBOLDT PARK
2020,23,HUMAN TRAFFICKING,1,HUMBOLDT PARK
2020,23,INTERFERENCE WITH PUBLIC OFFICER,24,HUMBOLDT PARK
2020,23,INTIMIDATION,1,HUMBOLDT PARK
2020,23,KIDNAPPING,3,HUMBOLDT PARK
2020,23,LIQUOR LAW VIOLATION,4,HUMBOLDT PARK
2020,23,MOTOR VEHICLE THEFT,295,HUMBOLDT PARK
2020,23,NARCOTICS,1035,HUMBOLDT PARK
2020,23,OBSCENITY,1,HUMBOLDT PARK
2020,23,OFFENSE INVOLVING CHILDREN,62,HUMBOLDT PARK
2020,23,OTHER OFFENSE,341,HUMBOLDT PARK
2020,23,PROSTITUTION,3,HUMBOLDT PARK
2020,23,PUBLIC PEACE VIOLATION,52,HUMBOLDT PARK
2020,23,ROBBERY,287,HUMBOLDT PARK
2020,23,SEX OFFENSE,29,HUMBOLDT PARK
2020,23,STALKING,4,HUMBOLDT PARK
2020,23,THEFT,900,HUMBOLDT PARK
2020,23,WEAPONS VIOLATION,322,HUMBOLDT PARK
2020,24,ARSON,8,WEST TOWN
2020,24,ASSAULT,327,WEST TOWN
2020,24,BATTERY,629,WEST TOWN
2020,24,BURGLARY,296,WEST TOWN
2020,24,CRIMINAL DAMAGE,584,WEST TOWN
2020,24,CRIMINAL SEXUAL ASSAULT,29,WEST TOWN
2020,24,CRIMINAL TRESPASS,89,WEST TOWN
2020,24,DECEPTIVE PRACTICE,507,WEST TOWN
2020,24,HOMICIDE,12,WEST TOWN
2020,24,INTERFERENCE WITH PUBLIC OFFICER,6,WEST TOWN
2020,24,INTIMIDATION,8,WEST TOWN
2020,24,KIDNAPPING,2,WEST TOWN
2020,24,LIQUOR LAW VIOLATION,10,WEST TOWN
2020,24,MOTOR VEHICLE THEFT,306,WEST TOWN
2020,24,NARCOTICS,41,WEST TOWN
2020,24,OBSCENITY,1,WEST TOWN
2020,24,OFFENSE INVOLVING CHILDREN,26,WEST TOWN
2020,24,OTHER OFFENSE,215,WEST TOWN
2020,24,PROSTITUTION,1,WEST TOWN
2020,24,PUBLIC INDECENCY,1,WEST TOWN
2020,24,PUBLIC PEACE VIOLATION,11,WEST TOWN
2020,24,ROBBERY,243,WEST TOWN
2020,24,SEX OFFENSE,32,WEST TOWN
2020,24,STALKING,1,WEST TOWN
2020,24,THEFT,1831,WEST TOWN
2020,24,WEAPONS VIOLATION,75,WEST TOWN
2020,25,ARSON,56,AUSTIN
2020,25,ASSAULT,1213,AUSTIN
2020,25,BATTERY,3160,AUSTIN
2020,25,BURGLARY,402,AUSTIN
2020,25,CONCEALED CARRY LICENSE VIOLATION,2,AUSTIN
2020,25,CRIM SEXUAL ASSAULT,5,AUSTIN
2020,25,CRIMINAL DAMAGE,1461,AUSTIN
2020,25,CRIMINAL SEXUAL ASSAULT,81,AUSTIN
2020,25,CRIMINAL TRESPASS,182,AUSTIN
2020,25,DECEPTIVE PRACTICE,818,AUSTIN
2020,25,GAMBLING,2,AUSTIN
2020,25,HOMICIDE,83,AUSTIN
2020,25,INTERFERENCE WITH PUBLIC OFFICER,42,AUSTIN
2020,25,INTIMIDATION,8,AUSTIN
2020,25,KIDNAPPING,6,AUSTIN
2020,25,LIQUOR LAW VIOLATION,3,AUSTIN
2020,25,MOTOR VEHICLE THEFT,708,AUSTIN
2020,25,NARCOTICS,602,AUSTIN
2020,25,NON-CRIMINAL,1,AUSTIN
2020,25,OBSCENITY,6,AUSTIN
2020,25,OFFENSE INVOLVING CHILDREN,107,AUSTIN
2020,25,OTHER OFFENSE,762,AUSTIN
2020,25,PROSTITUTION,50,AUSTIN
2020,25,PUBLIC PEACE VIOLATION,91,AUSTIN
2020,25,ROBBERY,675,AUSTIN
2020,25,SEX OFFENSE,55,AUSTIN
2020,25,STALKING,8,AUSTIN
2020,25,THEFT,1615,AUSTIN
2020,25,WEAPONS VIOLATION,595,AUSTIN
2020,26,ARSON,18,WEST GARFIELD PARK
2020,26,ASSAULT,363,WEST GARFIELD PARK
2020,26,BATTERY,1044,WEST GARFIELD PARK
2020,26,BURGLARY,106,WEST GARFIELD PARK
2020,26,CONCEALED CARRY LICENSE VIOLATION,8,WEST GARFIELD PARK
2020,26,CRIM SEXUAL ASSAULT,3,WEST GARFIELD PARK
2020,26,CRIMINAL DAMAGE,494,WEST GARFIELD PARK
2020,26,CRIMINAL SEXUAL ASSAULT,31,WEST GARFIELD PARK
2020,26,CRIMINAL TRESPASS,88,WEST GARFIELD PARK
2020,26,DECEPTIVE PRACTICE,173,WEST GARFIELD PARK
2020,26,GAMBLING,2,WEST GARFIELD PARK
2020,26,HOMICIDE,39,WEST GARFIELD PARK
2020,26,INTERFERENCE WITH PUBLIC OFFICER,26,WEST GARFIELD PARK
2020,26,KIDNAPPING,2,WEST GARFIELD PARK
2020,26,MOTOR VEHICLE THEFT,229,WEST GARFIELD PARK
2020,26,NARCOTICS,857,WEST GARFIELD PARK
2020,26,OFFENSE INVOLVING CHILDREN,28,WEST GARFIELD PARK
2020,26,OTHER OFFENSE,202,WEST GARFIELD PARK
2020,26,PROSTITUTION,114,WEST GARFIELD PARK
2020,26,PUBLIC PEACE VIOLATION,58,WEST GARFIELD PARK
2020,26,ROBBERY,313,WEST GARFIELD PARK
2020,26,SEX OFFENSE,10,WEST GARFIELD PARK
2020,26,STALKING,3,WEST GARFIELD PARK
2020,26,THEFT,475,WEST GARFIELD PARK
2020,26,WEAPONS VIOLATION,307,WEST GARFIELD PARK
2020,27,ARSON,10,EAST GARFIELD PARK
2020,27,ASSAULT,313,EAST GARFIELD PARK
2020,27,BATTERY,868,EAST GARFIELD PARK
2020,27,BURGLARY,100,EAST GARFIELD PARK
2020,27,CONCEALED CARRY LICENSE VIOLATION,4,EAST GARFIELD PARK
2020,27,CRIM SEXUAL ASSAULT,1,EAST GARFIELD PARK
2020,27,CRIMINAL DAMAGE,419,EAST GARFIELD PARK
2020,27,CRIMINAL SEXUAL ASSAULT,18,EAST GARFIELD PARK
2020,27,CRIMINAL TRESPASS,59,EAST GARFIELD PARK
2020,27,DECEPTIVE PRACTICE,160,EAST GARFIELD PARK
2020,27,GAMBLING,4,EAST GARFIELD PARK
2020,27,HOMICIDE,26,EAST GARFIELD PARK
2020,27,INTERFERENCE WITH PUBLIC OFFICER,15,EAST GARFIELD PARK
2020,27,INTIMIDATION,3,EAST GARFIELD PARK
2020,27,KIDNAPPING,1,EAST GARFIELD PARK
2020,27,LIQUOR LAW VIOLATION,1,EAST GARFIELD PARK
2020,27,MOTOR VEHICLE THEFT,186,EAST GARFIELD PARK
2020,27,NARCOTICS,438,EAST GARFIELD PARK
2020,27,OFFENSE INVOLVING CHILDREN,25,EAST GARFIELD PARK
2020,27,OTHER OFFENSE,192,EAST GARFIELD PARK
2020,27,PROSTITUTION,5,EAST GARFIELD PARK
2020,27,PUBLIC PEACE VIOLATION,26,EAST GARFIELD PARK
2020,27,RITUALISM,1,EAST GARFIELD PARK
2020,27,ROBBERY,185,EAST GARFIELD PARK
2020,27,SEX OFFENSE,8,EAST GARFIELD PARK
2020,27,STALKING,2,EAST GARFIELD PARK
2020,27,THEFT,474,EAST GARFIELD PARK
2020,27,WEAPONS VIOLATION,207,EAST GARFIELD PARK
2020,28,ARSON,8,NEAR WEST SIDE
2020,28,ASSAULT,485,NEAR WEST SIDE
2020,28,BATTERY,1040,NEAR WEST SIDE
2020,28,BURGLARY,241,NEAR WEST SIDE
2020,28,CONCEALED CARRY LICENSE VIOLATION,3,NEAR WEST SIDE
2020,28,CRIM SEXUAL ASSAULT,1,NEAR WEST SIDE
2020,28,CRIMINAL DAMAGE,649,NEAR WEST SIDE
2020,28,CRIMINAL SEXUAL ASSAULT,31,NEAR WEST SIDE
2020,28,CRIMINAL TRESPASS,169,NEAR WEST SIDE
2020,28,DECEPTIVE PRACTICE,628,NEAR WEST SIDE
2020,28,HOMICIDE,11,NEAR WEST SIDE
2020,28,INTERFERENCE WITH PUBLIC OFFICER,10,NEAR WEST SIDE
2020,28,INTIMIDATION,5,NEAR WEST SIDE
2020,28,KIDNAPPING,1,NEAR WEST SIDE
2020,28,LIQUOR LAW VIOLATION,5,NEAR WEST SIDE
2020,28,MOTOR VEHICLE THEFT,418,NEAR WEST SIDE
2020,28,NARCOTICS,117,NEAR WEST SIDE
2020,28,OBSCENITY,1,NEAR WEST SIDE
2020,28,OFFENSE INVOLVING CHILDREN,28,NEAR WEST SIDE
2020,28,OTHER OFFENSE,333,NEAR WEST SIDE
2020,28,PROSTITUTION,1,NEAR WEST SIDE
2020,28,PUBLIC PEACE VIOLATION,35,NEAR WEST SIDE
2020,28,ROBBERY,274,NEAR WEST SIDE
2020,28,SEX OFFENSE,33,NEAR WEST SIDE
2020,28,STALKING,10,NEAR WEST SIDE
2020,28,THEFT,1881,NEAR WEST SIDE
2020,28,WEAPONS VIOLATION,110,NEAR WEST SIDE
2020,29,ARSON,23,NORTH LAWNDALE
2020,29,ASSAULT,645,NORTH LAWNDALE
2020,29,BATTERY,1791,NORTH LAWNDALE
2020,29,BURGLARY,158,NORTH LAWNDALE
2020,29,CONCEALED CARRY LICENSE VIOLATION,7,NORTH LAWNDALE
2020,29,CRIM SEXUAL ASSAULT,1,NORTH LAWNDALE
2020,29,CRIMINAL DAMAGE,761,NORTH LAWNDALE
2020,29,CRIMINAL SEXUAL ASSAULT,41,NORTH LAWNDALE
2020,29,CRIMINAL TRESPASS,119,NORTH LAWNDALE
2020,29,DECEPTIVE PRACTICE,320,NORTH LAWNDALE
2020,29,GAMBLING,4,NORTH LAWNDALE
2020,29,HOMICIDE,40,NORTH LAWNDALE
2020,29,INTERFERENCE WITH PUBLIC OFFICER,28,NORTH LAWNDALE
2020,29,KIDNAPPING,3,NORTH LAWNDALE
2020,29,LIQUOR LAW VIOLATION,1,NORTH LAWNDALE
2020,29,MOTOR VEHICLE THEFT,336,NORTH LAWNDALE
2020,29,NARCOTICS,801,NORTH LAWNDALE
2020,29,OBSCENITY,2,NORTH LAWNDALE
2020,29,OFFENSE INVOLVING CHILDREN,61,NORTH LAWNDALE
2020,29,OTHER OFFENSE,420,NORTH LAWNDALE
2020,29,PROSTITUTION,4,NORTH LAWNDALE
2020,29,PUBLIC PEACE VIOLATION,66,NORTH LAWNDALE
2020,29,ROBBERY,371,NORTH LAWNDALE
2020,29,SEX OFFENSE,23,NORTH LAWNDALE
2020,29,STALKING,4,NORTH LAWNDALE
2020,29,THEFT,761,NORTH LAWNDALE
2020,29,WEAPONS VIOLATION,446,NORTH LAWNDALE
2020,30,ARSON,12,SOUTH LAWNDALE
2020,30,ASSAULT,331,SOUTH LAWNDALE
2020,30,BATTERY,840,SOUTH LAWNDALE
2020,30,BURGLARY,116,SOUTH LAWNDALE
2020,30,CONCEALED CARRY LICENSE VIOLATION,10,SOUTH LAWNDALE
2020,30,CRIM SEXUAL ASSAULT,2,SOUTH LAWNDALE
2020,30,CRIMINAL DAMAGE,419,SOUTH LAWNDALE
2020,30,CRIMINAL SEXUAL ASSAULT,26,SOUTH LAWNDALE
2020,30,CRIMINAL TRESPASS,50,SOUTH LAWNDALE
2020,30,DECEPTIVE PRACTICE,215,SOUTH LAWNDALE
2020,30,HOMICIDE,22,SOUTH LAWNDALE
2020,30,INTERFERENCE WITH PUBLIC OFFICER,15,SOUTH LAWNDALE
2020,30,INTIMIDATION,4,SOUTH LAWNDALE
2020,30,KIDNAPPING,2,SOUTH LAWNDALE
2020,30,LIQUOR LAW VIOLATION,3,SOUTH LAWNDALE
2020,30,MOTOR VEHICLE THEFT,179,SOUTH LAWNDALE
2020,30,NARCOTICS,124,SOUTH LAWNDALE
2020,30,OBSCENITY,1,SOUTH LAWNDALE
2020,30,OFFENSE INVOLVING CHILDREN,59,SOUTH LAWNDALE
2020,30,OTHER OFFENSE,247,SOUTH LAWNDALE
2020,30,PUBLIC INDECENCY,1,SOUTH LAWNDALE
2020,30,PUBLIC PEACE VIOLATION,29,SOUTH LAWNDALE
2020,30,ROBBERY,123,SOUTH LAWNDALE
2020,30,SEX OFFENSE,30,SOUTH LAWNDALE
2020,30,STALKING,2,SOUTH LAWNDALE
2020,30,THEFT,466,SOUTH LAWNDALE
2020,30,WEAPONS VIOLATION,263,SOUTH LAWNDALE
2020,31,ARSON,6,LOWER WEST SIDE
2020,31,ASSAULT,200,LOWER WEST SIDE
2020,31,BATTERY,370,LOWER WEST SIDE
2020,31,BURGLARY,52,LOWER WEST SIDE
2020,31,CONCEALED CARRY LICENSE VIOLATION,3,LOWER WEST SIDE
2020,31,CRIMINAL DAMAGE,263,LOWER WEST SIDE
2020,31,CRIMINAL SEXUAL ASSAULT,10,LOWER WEST SIDE
2020,31,CRIMINAL TRESPASS,50,LOWER WEST SIDE
2020,31,DECEPTIVE PRACTICE,144,LOWER WEST SIDE
2020,31,HOMICIDE,10,LOWER WEST SIDE
2020,31,INTERFERENCE WITH PUBLIC OFFICER,6,LOWER WEST SIDE
2020,31,INTIMIDATION,3,LOWER WEST SIDE
2020,31,KIDNAPPING,1,LOWER WEST SIDE
2020,31,LIQUOR LAW VIOLATION,5,LOWER WEST SIDE
2020,31,MOTOR VEHICLE THEFT,110,LOWER WEST SIDE
2020,31,NARCOTICS,43,LOWER WEST SIDE
2020,31,OFFENSE INVOLVING CHILDREN,12,LOWER WEST SIDE
2020,31,OTHER NARCOTIC VIOLATION,1,LOWER WEST SIDE
2020,31,OTHER OFFENSE,113,LOWER WEST SIDE
2020,31,PUBLIC INDECENCY,1,LOWER WEST SIDE
2020,31,PUBLIC PEACE VIOLATION,18,LOWER WEST SIDE
2020,31,ROBBERY,65,LOWER WEST SIDE
2020,31,SEX OFFENSE,11,LOWER WEST SIDE
2020,31,STALKING,4,LOWER WEST SIDE
2020,31,THEFT,476,LOWER WEST SIDE
2020,31,WEAPONS VIOLATION,71,LOWER WEST SIDE
2020,32,ARSON,15,LOOP
2020,32,ASSAULT,271,LOOP
2020,32,BATTERY,699,LOOP
2020,32,BURGLARY,273,LOOP
2020,32,CONCEALED CARRY LICENSE VIOLATION,1,LOOP
2020,32,CRIM SEXUAL ASSAULT,1,LOOP
2020,32,CRIMINAL DAMAGE,358,LOOP
2020,32,CRIMINAL SEXUAL ASSAULT,25,LOOP
2020,32,CRIMINAL TRESPASS,202,LOOP
2020,32,DECEPTIVE PRACTICE,615,LOOP
2020,32,HOMICIDE,5,LOOP
2020,32,INTERFERENCE WITH PUBLIC OFFICER,17,LOOP
2020,32,INTIMIDATION,8,LOOP
2020,32,LIQUOR LAW VIOLATION,2,LOOP
2020,32,MOTOR VEHICLE THEFT,151,LOOP
2020,32,NARCOTICS,89,LOOP
2020,32,OFFENSE INVOLVING CHILDREN,8,LOOP
2020,32,OTHER OFFENSE,157,LOOP
2020,32,PUBLIC INDECENCY,1,LOOP
2020,32,PUBLIC PEACE VIOLATION,61,LOOP
2020,32,ROBBERY,184,LOOP
2020,32,SEX OFFENSE,19,LOOP
2020,32,STALKING,1,LOOP
2020,32,THEFT,1856,LOOP
2020,32,WEAPONS VIOLATION,102,LOOP
2020,33,ARSON,1,NEAR SOUTH SIDE
2020,33,ASSAULT,118,NEAR SOUTH SIDE
2020,33,BATTERY,232,NEAR SOUTH SIDE
2020,33,BURGLARY,49,NEAR SOUTH SIDE
2020,33,CRIM SEXUAL ASSAULT,2,NEAR SOUTH SIDE
2020,33,CRIMINAL DAMAGE,165,NEAR SOUTH SIDE
2020,33,CRIMINAL SEXUAL ASSAULT,13,NEAR SOUTH SIDE
2020,33,CRIMINAL TRESPASS,53,NEAR SOUTH SIDE
2020,33,DECEPTIVE PRACTICE,263,NEAR SOUTH SIDE
2020,33,HOMICIDE,1,NEAR SOUTH SIDE
2020,33,INTERFERENCE WITH PUBLIC OFFICER,2,NEAR SOUTH SIDE
2020,33,KIDNAPPING,2,NEAR SOUTH SIDE
2020,33,LIQUOR LAW VIOLATION,2,NEAR SOUTH SIDE
2020,33,MOTOR VEHICLE THEFT,95,NEAR SOUTH SIDE
2020,33,NARCOTICS,26,NEAR SOUTH SIDE
2020,33,OBSCENITY,1,NEAR SOUTH SIDE
2020,33,OFFENSE INVOLVING CHILDREN,12,NEAR SOUTH SIDE
2020,33,OTHER OFFENSE,85,NEAR SOUTH SIDE
2020,33,PROSTITUTION,1,NEAR SOUTH SIDE
2020,33,PUBLIC PEACE VIOLATION,12,NEAR SOUTH SIDE
2020,33,ROBBERY,52,NEAR SOUTH SIDE
2020,33,SEX OFFENSE,7,NEAR SOUTH SIDE
2020,33,THEFT,392,NEAR SOUTH SIDE
2020,33,WEAPONS VIOLATION,39,NEAR SOUTH SIDE
2020,34,ARSON,4,ARMOUR SQUARE
2020,34,ASSAULT,77,ARMOUR SQUARE
2020,34,BATTERY,148,ARMOUR SQUARE
2020,34,BURGLARY,34,ARMOUR SQUARE
2020,34,CONCEALED CARRY LICENSE VIOLATION,1,ARMOUR SQUARE
2020,34,CRIMINAL DAMAGE,82,ARMOUR SQUARE
2020,34,CRIMINAL SEXUAL ASSAULT,2,ARMOUR SQUARE
2020,34,CRIMINAL TRESPASS,15,ARMOUR SQUARE
2020,34,DECEPTIVE PRACTICE,85,ARMOUR SQUARE
2020,34,GAMBLING,1,ARMOUR SQUARE
2020,34,HOMICIDE,5,ARMOUR SQUARE
2020,34,INTERFERENCE WITH PUBLIC OFFICER,2,ARMOUR SQUARE
2020,34,LIQUOR LAW VIOLATION,4,ARMOUR SQUARE
2020,34,MOTOR VEHICLE THEFT,53,ARMOUR SQUARE
2020,34,NARCOTICS,12,ARMOUR SQUARE
2020,34,OFFENSE INVOLVING CHILDREN,1,ARMOUR SQUARE
2020,34,OTHER OFFENSE,31,ARMOUR SQUARE
2020,34,PUBLIC PEACE VIOLATION,3,ARMOUR SQUARE
2020,34,ROBBERY,67,ARMOUR SQUARE
2020,34,SEX OFFENSE,6,ARMOUR SQUARE
2020,34,THEFT,189,ARMOUR SQUARE
2020,34,WEAPONS VIOLATION,27,ARMOUR SQUARE
2020,35,ARSON,3,DOUGLAS
2020,35,ASSAULT,217,DOUGLAS
2020,35,BATTERY,458,DOUGLAS
2020,35,BURGLARY,58,DOUGLAS
2020,35,CONCEALED CARRY LICENSE VIOLATION,2,DOUGLAS
2020,35,CRIM SEXUAL ASSAULT,1,DOUGLAS
2020,35,CRIMINAL DAMAGE,212,DOUGLAS
2020,35,CRIMINAL SEXUAL ASSAULT,11,DOUGLAS
2020,35,CRIMINAL TRESPASS,36,DOUGLAS
2020,35,DECEPTIVE PRACTICE,203,DOUGLAS
2020,35,HOMICIDE,3,DOUGLAS
2020,35,INTERFERENCE WITH PUBLIC OFFICER,11,DOUGLAS
2020,35,INTIMIDATION,4,DOUGLAS
2020,35,KIDNAPPING,2,DOUGLAS
2020,35,MOTOR VEHICLE THEFT,112,DOUGLAS
2020,35,NARCOTICS,53,DOUGLAS
2020,35,OFFENSE INVOLVING CHILDREN,14,DOUGLAS
2020,35,OTHER OFFENSE,151,DOUGLAS
2020,35,PUBLIC PEACE VIOLATION,30,DOUGLAS
2020,35,ROBBERY,82,DOUGLAS
2020,35,SEX OFFENSE,9,DOUGLAS
2020,35,STALKING,3,DOUGLAS
2020,35,THEFT,445,DOUGLAS
2020,35,WEAPONS VIOLATION,72,DOUGLAS
2020,36,ASSAULT,71,OAKLAND
2020,36,BATTERY,120,OAKLAND
2020,36,BURGLARY,16,OAKLAND
2020,36,CRIMINAL DAMAGE,83,OAKLAND
2020,36,CRIMINAL SEXUAL ASSAULT,3,OAKLAND
2020,36,CRIMINAL TRESPASS,13,OAKLAND
2020,36,DECEPTIVE PRACTICE,62,OAKLAND
2020,36,HOMICIDE,1,OAKLAND
2020,36,INTERFERENCE WITH PUBLIC OFFICER,2,OAKLAND
2020,36,MOTOR VEHICLE THEFT,28,OAKLAND
2020,36,NARCOTICS,7,OAKLAND
2020,36,OFFENSE INVOLVING CHILDREN,14,OAKLAND
2020,36,OTHER OFFENSE,56,OAKLAND
2020,36,PUBLIC PEACE VIOLATION,1,OAKLAND
2020,36,ROBBERY,20,OAKLAND
2020,36,SEX OFFENSE,2,OAKLAND
2020,36,STALKING,1,OAKLAND
2020,36,THEFT,99,OAKLAND
2020,36,WEAPONS VIOLATION,26,OAKLAND
2020,37,ARSON,9,FULLER PARK
2020,37,ASSAULT,83,FULLER PARK
2020,37,BATTERY,129,FULLER PARK
2020,37,BURGLARY,18,FULLER PARK
2020,37,CRIMINAL DAMAGE,71,FULLER PARK
2020,37,CRIMINAL SEXUAL ASSAULT,2,FULLER PARK
2020,37,CRIMINAL TRESPASS,16,FULLER PARK
2020,37,DECEPTIVE PRACTICE,54,FULLER PARK
2020,37,HOMICIDE,2,FULLER PARK
2020,37,INTERFERENCE WITH PUBLIC OFFICER,6,FULLER PARK
2020,37,MOTOR VEHICLE THEFT,41,FULLER PARK
2020,37,NARCOTICS,24,FULLER PARK
2020,37,OFFENSE INVOLVING CHILDREN,3,FULLER PARK
2020,37,OTHER NARCOTIC VIOLATION,1,FULLER PARK
2020,37,OTHER OFFENSE,36,FULLER PARK
2020,37,PUBLIC PEACE VIOLATION,17,FULLER PARK
2020,37,ROBBERY,48,FULLER PARK
2020,37,SEX OFFENSE,2,FULLER PARK
2020,37,STALKING,1,FULLER PARK
2020,37,THEFT,88,FULLER PARK
2020,37,WEAPONS VIOLATION,34,FULLER PARK
2020,38,ARSON,9,GRAND BOULEVARD
2020,38,ASSAULT,295,GRAND BOULEVARD
2020,38,BATTERY,632,GRAND BOULEVARD
2020,38,BURGLARY,77,GRAND BOULEVARD
2020,38,CONCEALED CARRY LICENSE VIOLATION,1,GRAND BOULEVARD
2020,38,CRIMINAL DAMAGE,388,GRAND BOULEVARD
2020,38,CRIMINAL SEXUAL ASSAULT,12,GRAND BOULEVARD
2020,38,CRIMINAL TRESPASS,33,GRAND BOULEVARD
2020,38,DECEPTIVE PRACTICE,225,GRAND BOULEVARD
2020,38,HOMICIDE,6,GRAND BOULEVARD
2020,38,INTERFERENCE WITH PUBLIC OFFICER,14,GRAND BOULEVARD
2020,38,INTIMIDATION,1,GRAND BOULEVARD
2020,38,KIDNAPPING,3,GRAND BOULEVARD
2020,38,LIQUOR LAW VIOLATION,1,GRAND BOULEVARD
2020,38,MOTOR VEHICLE THEFT,178,GRAND BOULEVARD
2020,38,NARCOTICS,60,GRAND BOULEVARD
2020,38,OFFENSE INVOLVING CHILDREN,24,GRAND BOULEVARD
2020,38,OTHER NARCOTIC VIOLATION,1,GRAND BOULEVARD
2020,38,OTHER OFFENSE,221,GRAND BOULEVARD
2020,38,PROSTITUTION,8,GRAND BOULEVARD
2020,38,PUBLIC INDECENCY,1,GRAND BOULEVARD
2020,38,PUBLIC PEACE VIOLATION,40,GRAND BOULEVARD
2020,38,ROBBERY,83,GRAND BOULEVARD
2020,38,SEX OFFENSE,12,GRAND BOULEVARD
2020,38,STALKING,3,GRAND BOULEVARD
2020,38,THEFT,520,GRAND BOULEVARD
2020,38,WEAPONS VIOLATION,114,GRAND BOULEVARD
2020,39,ARSON,1,KENWOOD
2020,39,ASSAULT,128,KENWOOD
2020,39,BATTERY,234,KENWOOD
2020,39,BURGLARY,42,KENWOOD
2020,39,CRIMINAL DAMAGE,130,KENWOOD
2020,39,CRIMINAL SEXUAL ASSAULT,5,KENWOOD
2020,39,CRIMINAL TRESPASS,13,KENWOOD
2020,39,DECEPTIVE PRACTICE,136,KENWOOD
2020,39,INTERFERENCE WITH PUBLIC OFFICER,1,KENWOOD
2020,39,INTIMIDATION,1,KENWOOD
2020,39,MOTOR VEHICLE THEFT,74,KENWOOD
2020,39,NARCOTICS,9,KENWOOD
2020,39,OFFENSE INVOLVING CHILDREN,18,KENWOOD
2020,39,OTHER OFFENSE,111,KENWOOD
2020,39,PUBLIC PEACE VIOLATION,5,KENWOOD
2020,39,ROBBERY,36,KENWOOD
2020,39,SEX OFFENSE,6,KENWOOD
2020,39,STALKING,4,KENWOOD
2020,39,THEFT,252,KENWOOD
2020,39,WEAPONS VIOLATION,17,KENWOOD
2020,40,ARSON,5,WASHINGTON PARK
2020,40,ASSAULT,201,WASHINGTON PARK
2020,40,BATTERY,511,WASHINGTON PARK
2020,40,BURGLARY,61,WASHINGTON PARK
2020,40,CRIM SEXUAL ASSAULT,2,WASHINGTON PARK
2020,40,CRIMINAL DAMAGE,268,WASHINGTON PARK
2020,40,CRIMINAL SEXUAL ASSAULT,10,WASHINGTON PARK
2020,40,CRIMINAL TRESPASS,28,WASHINGTON PARK
2020,40,DECEPTIVE PRACTICE,125,WASHINGTON PARK
2020,40,HOMICIDE,13,WASHINGTON PARK
2020,40,INTERFERENCE WITH PUBLIC OFFICER,4,WASHINGTON PARK
2020,40,INTIMIDATION,2,WASHINGTON PARK
2020,40,KIDNAPPING,1,WASHINGTON PARK
2020,40,MOTOR VEHICLE THEFT,108,WASHINGTON PARK
2020,40,NARCOTICS,42,WASHINGTON PARK
2020,40,OFFENSE INVOLVING CHILDREN,29,WASHINGTON PARK
2020,40,OTHER OFFENSE,143,WASHINGTON PARK
2020,40,PROSTITUTION,1,WASHINGTON PARK
2020,40,PUBLIC PEACE VIOLATION,9,WASHINGTON PARK
2020,40,ROBBERY,55,WASHINGTON PARK
2020,40,SEX OFFENSE,11,WASHINGTON PARK
2020,40,STALKING,3,WASHINGTON PARK
2020,40,THEFT,260,WASHINGTON PARK
2020,40,WEAPONS VIOLATION,81,WASHINGTON PARK
2020,41,ARSON,1,HYDE PARK
2020,41,ASSAULT,116,HYDE PARK
2020,41,BATTERY,182,HYDE PARK
2020,41,BURGLARY,71,HYDE PARK
2020,41,CRIM SEXUAL ASSAULT,1,HYDE PARK
2020,41,CRIMINAL DAMAGE,131,HYDE PARK
2020,41,CRIMINAL SEXUAL ASSAULT,12,HYDE PARK
2020,41,CRIMINAL TRESPASS,23,HYDE PARK
2020,41,DECEPTIVE PRACTICE,179,HYDE PARK
2020,41,HUMAN TRAFFICKING,1,HYDE PARK
2020,41,INTERFERENCE WITH PUBLIC OFFICER,2,HYDE PARK
2020,41,KIDNAPPING,2,HYDE PARK
2020,41,MOTOR VEHICLE THEFT,62,HYDE PARK
2020,41,NARCOTICS,10,HYDE PARK
2020,41,OBSCENITY,2,HYDE PARK
2020,41,OFFENSE INVOLVING CHILDREN,11,HYDE PARK
2020,41,OTHER OFFENSE,105,HYDE PARK
2020,41,PUBLIC PEACE VIOLATION,9,HYDE PARK
2020,41,ROBBERY,81,HYDE PARK
2020,41,SEX OFFENSE,5,HYDE PARK
2020,41,STALKING,5,HYDE PARK
2020,41,THEFT,448,HYDE PARK
2020,41,WEAPONS VIOLATION,16,HYDE PARK
2020,42,ARSON,5,WOODLAWN
2020,42,ASSAULT,282,WOODLAWN
2020,42,BATTERY,716,WOODLAWN
2020,42,BURGLARY,104,WOODLAWN
2020,42,CRIM SEXUAL ASSAULT,1,WOODLAWN
2020,42,CRIMINAL DAMAGE,384,WOODLAWN
2020,42,CRIMINAL SEXUAL ASSAULT,19,WOODLAWN
2020,42,CRIMINAL TRESPASS,49,WOODLAWN
2020,42,DECEPTIVE PRACTICE,193,WOODLAWN
2020,42,HOMICIDE,8,WOODLAWN
2020,42,INTERFERENCE WITH PUBLIC OFFICER,7,WOODLAWN
2020,42,INTIMIDATION,1,WOODLAWN
2020,42,KIDNAPPING,1,WOODLAWN
2020,42,MOTOR VEHICLE THEFT,120,WOODLAWN
2020,42,NARCOTICS,60,WOODLAWN
2020,42,OBSCENITY,1,WOODLAWN
2020,42,OFFENSE INVOLVING CHILDREN,54,WOODLAWN
2020,42,OTHER OFFENSE,206,WOODLAWN
2020,42,PUBLIC PEACE VIOLATION,24,WOODLAWN
2020,42,ROBBERY,98,WOODLAWN
2020,42,SEX OFFENSE,8,WOODLAWN
2020,42,STALKING,2,WOODLAWN
2020,42,THEFT,463,WOODLAWN
2020,42,WEAPONS VIOLATION,153,WOODLAWN
2020,43,ARSON,15,SOUTH SHORE
2020,43,ASSAULT,834,SOUTH SHORE
2020,43,BATTERY,1922,SOUTH SHORE
2020,43,BURGLARY,428,SOUTH SHORE
2020,43,CONCEALED CARRY LICENSE VIOLATION,2,SOUTH SHORE
2020,43,CRIM SEXUAL ASSAULT,3,SOUTH SHORE
2020,43,CRIMINAL DAMAGE,1079,SOUTH SHORE
2020,43,CRIMINAL SEXUAL ASSAULT,42,SOUTH SHORE
2020,43,CRIMINAL TRESPASS,123,SOUTH SHORE
2020,43,DECEPTIVE PRACTICE,447,SOUTH SHORE
2020,43,HOMICIDE,41,SOUTH SHORE
2020,43,INTERFERENCE WITH PUBLIC OFFICER,26,SOUTH SHORE
2020,43,INTIMIDATION,4,SOUTH SHORE
2020,43,KIDNAPPING,5,SOUTH SHORE
2020,43,LIQUOR LAW VIOLATION,1,SOUTH SHORE
2020,43,MOTOR VEHICLE THEFT,333,SOUTH SHORE
2020,43,NARCOTICS,182,SOUTH SHORE
2020,43,OBSCENITY,1,SOUTH SHORE
2020,43,OFFENSE INVOLVING CHILDREN,74,SOUTH SHORE
2020,43,OTHER OFFENSE,502,SOUTH SHORE
2020,43,PUBLIC PEACE VIOLATION,36,SOUTH SHORE
2020,43,ROBBERY,263,SOUTH SHORE
2020,43,SEX OFFENSE,19,SOUTH SHORE
2020,43,STALKING,8,SOUTH SHORE
2020,43,THEFT,1146,SOUTH SHORE
2020,43,WEAPONS VIOLATION,297,SOUTH SHORE
2020,44,ARSON,17,CHATHAM
2020,44,ASSAULT,544,CHATHAM
2020,44,BATTERY,1194,CHATHAM
2020,44,BURGLARY,318,CHATHAM
2020,44,CONCEALED CARRY LICENSE VIOLATION,3,CHATHAM
2020,44,CRIMINAL DAMAGE,634,CHATHAM
2020,44,CRIMINAL SEXUAL ASSAULT,22,CHATHAM
2020,44,CRIMINAL TRESPASS,116,CHATHAM
2020,44,DECEPTIVE PRACTICE,352,CHATHAM
2020,44,HOMICIDE,31,CHATHAM
2020,44,INTERFERENCE WITH PUBLIC OFFICER,21,CHATHAM
2020,44,INTIMIDATION,1,CHATHAM
2020,44,KIDNAPPING,5,CHATHAM
2020,44,MOTOR VEHICLE THEFT,230,CHATHAM
2020,44,NARCOTICS,145,CHATHAM
2020,44,OBSCENITY,1,CHATHAM
2020,44,OFFENSE INVOLVING CHILDREN,69,CHATHAM
2020,44,OTHER OFFENSE,307,CHATHAM
2020,44,PROSTITUTION,1,CHATHAM
2020,44,PUBLIC INDECENCY,1,CHATHAM
2020,44,PUBLIC PEACE VIOLATION,27,CHATHAM
2020,44,ROBBERY,230,CHATHAM
2020,44,SEX OFFENSE,16,CHATHAM
2020,44,STALKING,3,CHATHAM
2020,44,THEFT,911,CHATHAM
2020,44,WEAPONS VIOLATION,269,CHATHAM
2020,45,ARSON,3,AVALON PARK
2020,45,ASSAULT,86,AVALON PARK
2020,45,BATTERY,235,AVALON PARK
2020,45,BURGLARY,51,AVALON PARK
2020,45,CONCEALED CARRY LICENSE VIOLATION,1,AVALON PARK
2020,45,CRIMINAL DAMAGE,154,AVALON PARK
2020,45,CRIMINAL SEXUAL ASSAULT,7,AVALON PARK
2020,45,CRIMINAL TRESPASS,30,AVALON PARK
2020,45,DECEPTIVE PRACTICE,100,AVALON PARK
2020,45,HOMICIDE,7,AVALON PARK
2020,45,INTERFERENCE WITH PUBLIC OFFICER,9,AVALON PARK
2020,45,KIDNAPPING,2,AVALON PARK
2020,45,MOTOR VEHICLE THEFT,88,AVALON PARK
2020,45,NARCOTICS,39,AVALON PARK
2020,45,OFFENSE INVOLVING CHILDREN,10,AVALON PARK
2020,45,OTHER OFFENSE,89,AVALON PARK
2020,45,PROSTITUTION,1,AVALON PARK
2020,45,PUBLIC PEACE VIOLATION,8,AVALON PARK
2020,45,ROBBERY,40,AVALON PARK
2020,45,SEX OFFENSE,7,AVALON PARK
2020,45,STALKING,3,AVALON PARK
2020,45,THEFT,172,AVALON PARK
2020,45,WEAPONS VIOLATION,71,AVALON PARK
2020,46,ARSON,8,SOUTH CHICAGO
2020,46,ASSAULT,336,SOUTH CHICAGO
2020,46,BATTERY,797,SOUTH CHICAGO
2020,46,BURGLARY,157,SOUTH CHICAGO
2020,46,CONCEALED CARRY LICENSE VIOLATION,5,SOUTH CHICAGO
2020,46,CRIM SEXUAL ASSAULT,2,SOUTH CHICAGO
2020,46,CRIMINAL DAMAGE,489,SOUTH CHICAGO
2020,46,CRIMINAL SEXUAL ASSAULT,21,SOUTH CHICAGO
2020,46,CRIMINAL TRESPASS,53,SOUTH CHICAGO
2020,46,DECEPTIVE PRACTICE,212,SOUTH CHICAGO
2020,46,HOMICIDE,23,SOUTH CHICAGO
2020,46,INTERFERENCE WITH PUBLIC OFFICER,26,SOUTH CHICAGO
2020,46,INTIMIDATION,5,SOUTH CHICAGO
2020,46,KIDNAPPING,3,SOUTH CHICAGO
2020,46,MOTOR VEHICLE THEFT,153,SOUTH CHICAGO
2020,46,NARCOTICS,68,SOUTH CHICAGO
2020,46,OFFENSE INVOLVING CHILDREN,64,SOUTH CHICAGO
2020,46,OTHER OFFENSE,244,SOUTH CHICAGO
2020,46,PUBLIC PEACE VIOLATION,14,SOUTH CHICAGO
2020,46,ROBBERY,95,SOUTH CHICAGO
2020,46,SEX OFFENSE,20,SOUTH CHICAGO
2020,46,STALKING,3,SOUTH CHICAGO
2020,46,THEFT,454,SOUTH CHICAGO
2020,46,WEAPONS VIOLATION,167,SOUTH CHICAGO
2020,47,ASSAULT,30,BURNSIDE
2020,47,BATTERY,71,BURNSIDE
2020,47,BURGLARY,12,BURNSIDE
2020,47,CRIMINAL DAMAGE,73,BURNSIDE
2020,47,CRIMINAL TRESPASS,5,BURNSIDE
2020,47,DECEPTIVE PRACTICE,27,BURNSIDE
2020,47,HOMICIDE,2,BURNSIDE
2020,47,INTERFERENCE WITH PUBLIC OFFICER,3,BURNSIDE
2020,47,KIDNAPPING,1,BURNSIDE
2020,47,MOTOR VEHICLE THEFT,14,BURNSIDE
2020,47,NARCOTICS,8,BURNSIDE
2020,47,OFFENSE INVOLVING CHILDREN,3,BURNSIDE
2020,47,OTHER OFFENSE,30,BURNSIDE
2020,47,PUBLIC PEACE VIOLATION,3,BURNSIDE
2020,47,ROBBERY,9,BURNSIDE
2020,47,THEFT,39,BURNSIDE
2020,47,WEAPONS VIOLATION,20,BURNSIDE
2020,48,ARSON,2,CALUMET HEIGHTS
2020,48,ASSAULT,101,CALUMET HEIGHTS
2020,48,BATTERY,198,CALUMET HEIGHTS
2020,48,BURGLARY,54,CALUMET HEIGHTS
2020,48,CONCEALED CARRY LICENSE VIOLATION,1,CALUMET HEIGHTS
2020,48,CRIM SEXUAL ASSAULT,1,CALUMET HEIGHTS
2020,48,CRIMINAL DAMAGE,182,CALUMET HEIGHTS
2020,48,CRIMINAL SEXUAL ASSAULT,7,CALUMET HEIGHTS
2020,48,CRIMINAL TRESPASS,32,CALUMET HEIGHTS
2020,48,DECEPTIVE PRACTICE,140,CALUMET HEIGHTS
2020,48,HOMICIDE,4,CALUMET HEIGHTS
2020,48,INTERFERENCE WITH PUBLIC OFFICER,6,CALUMET HEIGHTS
2020,48,LIQUOR LAW VIOLATION,1,CALUMET HEIGHTS
2020,48,MOTOR VEHICLE THEFT,84,CALUMET HEIGHTS
2020,48,NARCOTICS,27,CALUMET HEIGHTS
2020,48,OBSCENITY,1,CALUMET HEIGHTS
2020,48,OFFENSE INVOLVING CHILDREN,12,CALUMET HEIGHTS
2020,48,OTHER OFFENSE,93,CALUMET HEIGHTS
2020,48,PUBLIC PEACE VIOLATION,1,CALUMET HEIGHTS
2020,48,ROBBERY,85,CALUMET HEIGHTS
2020,48,SEX OFFENSE,10,CALUMET HEIGHTS
2020,48,THEFT,196,CALUMET HEIGHTS
2020,48,WEAPONS VIOLATION,55,CALUMET HEIGHTS
2020,49,ARSON,30,ROSELAND
2020,49,ASSAULT,640,ROSELAND
2020,49,BATTERY,1249,ROSELAND
2020,49,BURGLARY,274,ROSELAND
2020,49,CONCEALED CARRY LICENSE VIOLATION,5,ROSELAND
2020,49,CRIM SEXUAL ASSAULT,4,ROSELAND
2020,49,CRIMINAL DAMAGE,962,ROSELAND
2020,49,CRIMINAL SEXUAL ASSAULT,29,ROSELAND
2020,49,CRIMINAL TRESPASS,115,ROSELAND
2020,49,DECEPTIVE PRACTICE,383,ROSELAND
2020,49,GAMBLING,1,ROSELAND
2020,49,HOMICIDE,22,ROSELAND
2020,49,INTERFERENCE WITH PUBLIC OFFICER,32,ROSELAND
2020,49,INTIMIDATION,4,ROSELAND
2020,49,KIDNAPPING,3,ROSELAND
2020,49,LIQUOR LAW VIOLATION,1,ROSELAND
2020,49,MOTOR VEHICLE THEFT,258,ROSELAND
2020,49,NARCOTICS,157,ROSELAND
2020,49,OFFENSE INVOLVING CHILDREN,61,ROSELAND
2020,49,OTHER OFFENSE,403,ROSELAND
2020,49,PROSTITUTION,15,ROSELAND
2020,49,PUBLIC PEACE VIOLATION,20,ROSELAND
2020,49,ROBBERY,199,ROSELAND
2020,49,SEX OFFENSE,15,ROSELAND
2020,49,STALKING,7,ROSELAND
2020,49,THEFT,786,ROSELAND
2020,49,WEAPONS VIOLATION,337,ROSELAND
2020,50,ARSON,1,PULLMAN
2020,50,ASSAULT,82,PULLMAN
2020,50,BATTERY,202,PULLMAN
2020,50,BURGLARY,33,PULLMAN
2020,50,CRIMINAL DAMAGE,125,PULLMAN
2020,50,CRIMINAL SEXUAL ASSAULT,1,PULLMAN
2020,50,CRIMINAL TRESPASS,16,PULLMAN
2020,50,DECEPTIVE PRACTICE,73,PULLMAN
2020,50,HOMICIDE,3,PULLMAN
2020,50,INTERFERENCE WITH PUBLIC OFFICER,4,PULLMAN
2020,50,KIDNAPPING,1,PULLMAN
2020,50,MOTOR VEHICLE THEFT,47,PULLMAN
2020,50,NARCOTICS,16,PULLMAN
2020,50,OFFENSE INVOLVING CHILDREN,11,PULLMAN
2020,50,OTHER OFFENSE,92,PULLMAN
2020,50,PUBLIC PEACE VIOLATION,5,PULLMAN
2020,50,ROBBERY,18,PULLMAN
2020,50,SEX OFFENSE,3,PULLMAN
2020,50,STALKING,1,PULLMAN
2020,50,THEFT,144,PULLMAN
2020,50,WEAPONS VIOLATION,48,PULLMAN
2020,51,ARSON,1,SOUTH DEERING
2020,51,ASSAULT,202,SOUTH DEERING
2020,51,BATTERY,348,SOUTH DEERING
2020,51,BURGLARY,56,SOUTH DEERING
2020,51,CONCEALED CARRY LICENSE VIOLATION,1,SOUTH DEERING
2020,51,CRIM SEXUAL ASSAULT,1,SOUTH DEERING
2020,51,CRIMINAL DAMAGE,220,SOUTH DEERING
2020,51,CRIMINAL SEXUAL ASSAULT,2,SOUTH DEERING
2020,51,CRIMINAL TRESPASS,30,SOUTH DEERING
2020,51,DECEPTIVE PRACTICE,120,SOUTH DEERING
2020,51,HOMICIDE,10,SOUTH DEERING
2020,51,INTERFERENCE WITH PUBLIC OFFICER,7,SOUTH DEERING
2020,51,MOTOR VEHICLE THEFT,73,SOUTH DEERING
2020,51,NARCOTICS,27,SOUTH DEERING
2020,51,OBSCENITY,1,SOUTH DEERING
2020,51,OFFENSE INVOLVING CHILDREN,23,SOUTH DEERING
2020,51,OTHER OFFENSE,90,SOUTH DEERING
2020,51,PUBLIC PEACE VIOLATION,7,SOUTH DEERING
2020,51,ROBBERY,58,SOUTH DEERING
2020,51,SEX OFFENSE,5,SOUTH DEERING
2020,51,STALKING,1,SOUTH DEERING
2020,51,THEFT,283,SOUTH DEERING
2020,51,WEAPONS VIOLATION,77,SOUTH DEERING
2020,52,ARSON,9,EAST SIDE
2020,52,ASSAULT,92,EAST SIDE
2020,52,BATTERY,219,EAST SIDE
2020,52,BURGLARY,26,EAST SIDE
2020,52,CONCEALED CARRY LICENSE VIOLATION,1,EAST SIDE
2020,52,CRIMINAL DAMAGE,148,EAST SIDE
2020,52,CRIMINAL SEXUAL ASSAULT,3,EAST SIDE
2020,52,CRIMINAL TRESPASS,23,EAST SIDE
2020,52,DECEPTIVE PRACTICE,80,EAST SIDE
2020,52,HOMICIDE,4,EAST SIDE
2020,52,INTERFERENCE WITH PUBLIC OFFICER,4,EAST SIDE
2020,52,INTIMIDATION,2,EAST SIDE
2020,52,KIDNAPPING,2,EAST SIDE
2020,52,MOTOR VEHICLE THEFT,46,EAST SIDE
2020,52,NARCOTICS,14,EAST SIDE
2020,52,OBSCENITY,1,EAST SIDE
2020,52,OFFENSE INVOLVING CHILDREN,6,EAST SIDE
2020,52,OTHER OFFENSE,68,EAST SIDE
2020,52,PUBLIC PEACE VIOLATION,4,EAST SIDE
2020,52,ROBBERY,15,EAST SIDE
2020,52,SEX OFFENSE,2,EAST SIDE
2020,52,STALKING,1,EAST SIDE
2020,52,THEFT,129,EAST SIDE
2020,52,WEAPONS VIOLATION,59,EAST SIDE
2020,53,ARSON,14,WEST PULLMAN
2020,53,ASSAULT,375,WEST PULLMAN
2020,53,BATTERY,817,WEST PULLMAN
2020,53,BURGLARY,314,WEST PULLMAN
2020,53,CONCEALED CARRY LICENSE VIOLATION,2,WEST PULLMAN
2020,53,CRIM SEXUAL ASSAULT,3,WEST PULLMAN
2020,53,CRIMINAL DAMAGE,571,WEST PULLMAN
2020,53,CRIMINAL SEXUAL ASSAULT,20,WEST PULLMAN
2020,53,CRIMINAL TRESPASS,73,WEST PULLMAN
2020,53,DECEPTIVE PRACTICE,250,WEST PULLMAN
2020,53,HOMICIDE,19,WEST PULLMAN
2020,53,INTERFERENCE WITH PUBLIC OFFICER,10,WEST PULLMAN
2020,53,KIDNAPPING,8,WEST PULLMAN
2020,53,MOTOR VEHICLE THEFT,165,WEST PULLMAN
2020,53,NARCOTICS,87,WEST PULLMAN
2020,53,OFFENSE INVOLVING CHILDREN,49,WEST PULLMAN
2020,53,OTHER OFFENSE,258,WEST PULLMAN
2020,53,PROSTITUTION,3,WEST PULLMAN
2020,53,PUBLIC PEACE VIOLATION,6,WEST PULLMAN
2020,53,ROBBERY,110,WEST PULLMAN
2020,53,SEX OFFENSE,21,WEST PULLMAN
2020,53,STALKING,2,WEST PULLMAN
2020,53,THEFT,451,WEST PULLMAN
2020,53,WEAPONS VIOLATION,245,WEST PULLMAN
2020,54,ARSON,1,RIVERDALE
2020,54,ASSAULT,133,RIVERDALE
2020,54,BATTERY,283,RIVERDALE
2020,54,BURGLARY,26,RIVERDALE
2020,54,CRIMINAL DAMAGE,147,RIVERDALE
2020,54,CRIMINAL SEXUAL ASSAULT,5,RIVERDALE
2020,54,CRIMINAL TRESPASS,15,RIVERDALE
2020,54,DECEPTIVE PRACTICE,53,RIVERDALE
2020,54,HOMICIDE,8,RIVERDALE
2020,54,INTERFERENCE WITH PUBLIC OFFICER,4,RIVERDALE
2020,54,MOTOR VEHICLE THEFT,43,RIVERDALE
2020,54,NARCOTICS,14,RIVERDALE
2020,54,OFFENSE INVOLVING CHILDREN,18,RIVERDALE
2020,54,OTHER OFFENSE,91,RIVERDALE
2020,54,PUBLIC PEACE VIOLATION,5,RIVERDALE
2020,54,ROBBERY,37,RIVERDALE
2020,54,SEX OFFENSE,3,RIVERDALE
2020,54,STALKING,2,RIVERDALE
2020,54,THEFT,115,RIVERDALE
2020,54,WEAPONS VIOLATION,74,RIVERDALE
2020,55,ARSON,2,HEGEWISCH
2020,55,ASSAULT,54,HEGEWISCH
2020,55,BATTERY,95,HEGEWISCH
2020,55,BURGLARY,16,HEGEWISCH
2020,55,CRIMINAL DAMAGE,69,HEGEWISCH
2020,55,CRIMINAL SEXUAL ASSAULT,2,HEGEWISCH
2020,55,CRIMINAL TRESPASS,17,HEGEWISCH
2020,55,DECEPTIVE PRACTICE,43,HEGEWISCH
2020,55,MOTOR VEHICLE THEFT,30,HEGEWISCH
2020,55,NARCOTICS,3,HEGEWISCH
2020,55,OFFENSE INVOLVING CHILDREN,18,HEGEWISCH
2020,55,OTHER OFFENSE,47,HEGEWISCH
2020,55,ROBBERY,8,HEGEWISCH
2020,55,SEX OFFENSE,3,HEGEWISCH
2020,55,THEFT,93,HEGEWISCH
2020,55,WEAPONS VIOLATION,8,HEGEWISCH
2020,56,ARSON,5,GARFIELD RIDGE
2020,56,ASSAULT,142,GARFIELD RIDGE
2020,56,BATTERY,216,GARFIELD RIDGE
2020,56,BURGLARY,66,GARFIELD RIDGE
2020,56,CONCEALED CARRY LICENSE VIOLATION,15,GARFIELD RIDGE
2020,56,CRIMINAL DAMAGE,241,GARFIELD RIDGE
2020,56,CRIMINAL SEXUAL ASSAULT,6,GARFIELD RIDGE
2020,56,CRIMINAL TRESPASS,30,GARFIELD RIDGE
2020,56,DECEPTIVE PRACTICE,265,GARFIELD RIDGE
2020,56,HOMICIDE,4,GARFIELD RIDGE
2020,56,INTIMIDATION,1,GARFIELD RIDGE
2020,56,LIQUOR LAW VIOLATION,1,GARFIELD RIDGE
2020,56,MOTOR VEHICLE THEFT,37,GARFIELD RIDGE
2020,56,NARCOTICS,33,GARFIELD RIDGE
2020,56,OBSCENITY,1,GARFIELD RIDGE
2020,56,OFFENSE INVOLVING CHILDREN,13,GARFIELD RIDGE
2020,56,OTHER OFFENSE,100,GARFIELD RIDGE
2020,56,PROSTITUTION,11,GARFIELD RIDGE
2020,56,PUBLIC PEACE VIOLATION,9,GARFIELD RIDGE
2020,56,ROBBERY,40,GARFIELD RIDGE
2020,56,SEX OFFENSE,9,GARFIELD RIDGE
2020,56,STALKING,3,GARFIELD RIDGE
2020,56,THEFT,285,GARFIELD RIDGE
2020,56,WEAPONS VIOLATION,31,GARFIELD RIDGE
2020,57,ARSON,4,ARCHER HEIGHTS
2020,57,ASSAULT,62,ARCHER HEIGHTS
2020,57,BATTERY,108,ARCHER HEIGHTS
2020,57,BURGLARY,22,ARCHER HEIGHTS
2020,57,CRIMINAL DAMAGE,82,ARCHER HEIGHTS
2020,57,CRIMINAL SEXUAL ASSAULT,10,ARCHER HEIGHTS
2020,57,CRIMINAL TRESPASS,10,ARCHER HEIGHTS
2020,57,DECEPTIVE PRACTICE,70,ARCHER HEIGHTS
2020,57,HOMICIDE,1,ARCHER HEIGHTS
2020,57,INTERFERENCE WITH PUBLIC OFFICER,1,ARCHER HEIGHTS
2020,57,INTIMIDATION,1,ARCHER HEIGHTS
2020,57,MOTOR VEHICLE THEFT,36,ARCHER HEIGHTS
2020,57,NARCOTICS,6,ARCHER HEIGHTS
2020,57,OFFENSE INVOLVING CHILDREN,9,ARCHER HEIGHTS
2020,57,OTHER OFFENSE,43,ARCHER HEIGHTS
2020,57,PUBLIC PEACE VIOLATION,7,ARCHER HEIGHTS
2020,57,ROBBERY,29,ARCHER HEIGHTS
2020,57,SEX OFFENSE,2,ARCHER HEIGHTS
2020,57,THEFT,170,ARCHER HEIGHTS
2020,57,WEAPONS VIOLATION,21,ARCHER HEIGHTS
2020,58,ARSON,20,BRIGHTON PARK
2020,58,ASSAULT,122,BRIGHTON PARK
2020,58,BATTERY,408,BRIGHTON PARK
2020,58,BURGLARY,55,BRIGHTON PARK
2020,58,CONCEALED CARRY LICENSE VIOLATION,1,BRIGHTON PARK
2020,58,CRIMINAL DAMAGE,256,BRIGHTON PARK
2020,58,CRIMINAL SEXUAL ASSAULT,10,BRIGHTON PARK
2020,58,CRIMINAL TRESPASS,16,BRIGHTON PARK
2020,58,DECEPTIVE PRACTICE,138,BRIGHTON PARK
2020,58,HOMICIDE,10,BRIGHTON PARK
2020,58,INTERFERENCE WITH PUBLIC OFFICER,4,BRIGHTON PARK
2020,58,INTIMIDATION,3,BRIGHTON PARK
2020,58,KIDNAPPING,1,BRIGHTON PARK
2020,58,LIQUOR LAW VIOLATION,3,BRIGHTON PARK
2020,58,MOTOR VEHICLE THEFT,71,BRIGHTON PARK
2020,58,NARCOTICS,34,BRIGHTON PARK
2020,58,OBSCENITY,1,BRIGHTON PARK
2020,58,OFFENSE INVOLVING CHILDREN,44,BRIGHTON PARK
2020,58,OTHER OFFENSE,152,BRIGHTON PARK
2020,58,PUBLIC PEACE VIOLATION,10,BRIGHTON PARK
2020,58,ROBBERY,60,BRIGHTON PARK
2020,58,SEX OFFENSE,21,BRIGHTON PARK
2020,58,THEFT,263,BRIGHTON PARK
2020,58,WEAPONS VIOLATION,101,BRIGHTON PARK
2020,59,ARSON,3,MCKINLEY PARK
2020,59,ASSAULT,66,MCKINLEY PARK
2020,59,BATTERY,127,MCKINLEY PARK
2020,59,BURGLARY,27,MCKINLEY PARK
2020,59,CONCEALED CARRY LICENSE VIOLATION,1,MCKINLEY PARK
2020,59,CRIMINAL DAMAGE,129,MCKINLEY PARK
2020,59,CRIMINAL SEXUAL ASSAULT,4,MCKINLEY PARK
2020,59,CRIMINAL TRESPASS,6,MCKINLEY PARK
2020,59,DECEPTIVE PRACTICE,68,MCKINLEY PARK
2020,59,HOMICIDE,4,MCKINLEY PARK
2020,59,INTERFERENCE WITH PUBLIC OFFICER,3,MCKINLEY PARK
2020,59,INTIMIDATION,3,MCKINLEY PARK
2020,59,MOTOR VEHICLE THEFT,30,MCKINLEY PARK
2020,59,NARCOTICS,13,MCKINLEY PARK
2020,59,OFFENSE INVOLVING CHILDREN,13,MCKINLEY PARK
2020,59,OTHER OFFENSE,36,MCKINLEY PARK
2020,59,PUBLIC PEACE VIOLATION,4,MCKINLEY PARK
2020,59,ROBBERY,25,MCKINLEY PARK
2020,59,SEX OFFENSE,6,MCKINLEY PARK
2020,59,STALKING,1,MCKINLEY PARK
2020,59,THEFT,142,MCKINLEY PARK
2020,59,WEAPONS VIOLATION,43,MCKINLEY PARK
2020,60,ARSON,6,BRIDGEPORT
2020,60,ASSAULT,108,BRIDGEPORT
2020,60,BATTERY,190,BRIDGEPORT
2020,60,BURGLARY,57,BRIDGEPORT
2020,60,CRIMINAL DAMAGE,180,BRIDGEPORT
2020,60,CRIMINAL SEXUAL ASSAULT,9,BRIDGEPORT
2020,60,CRIMINAL TRESPASS,26,BRIDGEPORT
2020,60,DECEPTIVE PRACTICE,191,BRIDGEPORT
2020,60,HOMICIDE,4,BRIDGEPORT
2020,60,INTERFERENCE WITH PUBLIC OFFICER,2,BRIDGEPORT
2020,60,INTIMIDATION,6,BRIDGEPORT
2020,60,KIDNAPPING,2,BRIDGEPORT
2020,60,LIQUOR LAW VIOLATION,2,BRIDGEPORT
2020,60,MOTOR VEHICLE THEFT,41,BRIDGEPORT
2020,60,NARCOTICS,19,BRIDGEPORT
2020,60,OFFENSE INVOLVING CHILDREN,9,BRIDGEPORT
2020,60,OTHER OFFENSE,81,BRIDGEPORT
2020,60,PROSTITUTION,1,BRIDGEPORT
2020,60,PUBLIC PEACE VIOLATION,2,BRIDGEPORT
2020,60,ROBBERY,40,BRIDGEPORT
2020,60,SEX OFFENSE,4,BRIDGEPORT
2020,60,STALKING,4,BRIDGEPORT
2020,60,THEFT,278,BRIDGEPORT
2020,60,WEAPONS VIOLATION,49,BRIDGEPORT
2020,61,ARSON,17,NEW CITY
2020,61,ASSAULT,376,NEW CITY
2020,61,BATTERY,840,NEW CITY
2020,61,BURGLARY,115,NEW CITY
2020,61,CONCEALED CARRY LICENSE VIOLATION,3,NEW CITY
2020,61,CRIMINAL DAMAGE,463,NEW CITY
2020,61,CRIMINAL SEXUAL ASSAULT,21,NEW CITY
2020,61,CRIMINAL TRESPASS,49,NEW CITY
2020,61,DECEPTIVE PRACTICE,184,NEW CITY
2020,61,HOMICIDE,15,NEW CITY
2020,61,INTERFERENCE WITH PUBLIC OFFICER,16,NEW CITY
2020,61,INTIMIDATION,6,NEW CITY
2020,61,KIDNAPPING,2,NEW CITY
2020,61,LIQUOR LAW VIOLATION,3,NEW CITY
2020,61,MOTOR VEHICLE THEFT,152,NEW CITY
2020,61,NARCOTICS,112,NEW CITY
2020,61,OFFENSE INVOLVING CHILDREN,49,NEW CITY
2020,61,OTHER OFFENSE,218,NEW CITY
2020,61,PUBLIC PEACE VIOLATION,29,NEW CITY
2020,61,ROBBERY,123,NEW CITY
2020,61,SEX OFFENSE,27,NEW CITY
2020,61,STALKING,2,NEW CITY
2020,61,THEFT,549,NEW CITY
2020,61,WEAPONS VIOLATION,222,NEW CITY
2020,62,ARSON,2,WEST ELSDON
2020,62,ASSAULT,62,WEST ELSDON
2020,62,BATTERY,110,WEST ELSDON
2020,62,BURGLARY,34,WEST ELSDON
2020,62,CRIMINAL DAMAGE,97,WEST ELSDON
2020,62,CRIMINAL SEXUAL ASSAULT,1,WEST ELSDON
2020,62,CRIMINAL TRESPASS,16,WEST ELSDON
2020,62,DECEPTIVE PRACTICE,70,WEST ELSDON
2020,62,HOMICIDE,2,WEST ELSDON
2020,62,INTIMIDATION,3,WEST ELSDON
2020,62,KIDNAPPING,1,WEST ELSDON
2020,62,MOTOR VEHICLE THEFT,30,WEST ELSDON
2020,62,NARCOTICS,12,WEST ELSDON
2020,62,OFFENSE INVOLVING CHILDREN,7,WEST ELSDON
2020,62,OTHER OFFENSE,62,WEST ELSDON
2020,62,PUBLIC PEACE VIOLATION,11,WEST ELSDON
2020,62,ROBBERY,33,WEST ELSDON
2020,62,SEX OFFENSE,4,WEST ELSDON
2020,62,THEFT,138,WEST ELSDON
2020,62,WEAPONS VIOLATION,30,WEST ELSDON
2020,63,ARSON,14,GAGE PARK
2020,63,ASSAULT,171,GAGE PARK
2020,63,BATTERY,359,GAGE PARK
2020,63,BURGLARY,66,GAGE PARK
2020,63,CONCEALED CARRY LICENSE VIOLATION,4,GAGE PARK
2020,63,CRIMINAL DAMAGE,231,GAGE PARK
2020,63,CRIMINAL SEXUAL ASSAULT,10,GAGE PARK
2020,63,CRIMINAL TRESPASS,19,GAGE PARK
2020,63,DECEPTIVE PRACTICE,88,GAGE PARK
2020,63,HOMICIDE,11,GAGE PARK
2020,63,INTERFERENCE WITH PUBLIC OFFICER,7,GAGE PARK
2020,63,INTIMIDATION,4,GAGE PARK
2020,63,LIQUOR LAW VIOLATION,1,GAGE PARK
2020,63,MOTOR VEHICLE THEFT,71,GAGE PARK
2020,63,NARCOTICS,46,GAGE PARK
2020,63,OBSCENITY,1,GAGE PARK
2020,63,OFFENSE INVOLVING CHILDREN,29,GAGE PARK
2020,63,OTHER OFFENSE,128,GAGE PARK
2020,63,PUBLIC PEACE VIOLATION,13,GAGE PARK
2020,63,ROBBERY,68,GAGE PARK
2020,63,SEX OFFENSE,20,GAGE PARK
2020,63,THEFT,251,GAGE PARK
2020,63,WEAPONS VIOLATION,115,GAGE PARK
2020,64,ARSON,2,CLEARING
2020,64,ASSAULT,73,CLEARING
2020,64,BATTERY,156,CLEARING
2020,64,BURGLARY,38,CLEARING
2020,64,CRIMINAL DAMAGE,108,CLEARING
2020,64,CRIMINAL SEXUAL ASSAULT,7,CLEARING
2020,64,CRIMINAL TRESPASS,13,CLEARING
2020,64,DECEPTIVE PRACTICE,139,CLEARING
2020,64,HOMICIDE,2,CLEARING
2020,64,INTIMIDATION,1,CLEARING
2020,64,KIDNAPPING,1,CLEARING
2020,64,MOTOR VEHICLE THEFT,35,CLEARING
2020,64,NARCOTICS,9,CLEARING
2020,64,OBSCENITY,2,CLEARING
2020,64,OFFENSE INVOLVING CHILDREN,18,CLEARING
2020,64,OTHER OFFENSE,67,CLEARING
2020,64,PUBLIC PEACE VIOLATION,3,CLEARING
2020,64,ROBBERY,22,CLEARING
2020,64,SEX OFFENSE,5,CLEARING
2020,64,STALKING,1,CLEARING
2020,64,THEFT,141,CLEARING
2020,64,WEAPONS VIOLATION,19,CLEARING
2020,65,ASSAULT,104,WEST LAWN
2020,65,BATTERY,197,WEST LAWN
2020,65,BURGLARY,48,WEST LAWN
2020,65,CRIMINAL DAMAGE,141,WEST LAWN
2020,65,CRIMINAL SEXUAL ASSAULT,5,WEST LAWN
2020,65,CRIMINAL TRESPASS,14,WEST LAWN
2020,65,DECEPTIVE PRACTICE,149,WEST LAWN
2020,65,HOMICIDE,1,WEST LAWN
2020,65,INTIMIDATION,2,WEST LAWN
2020,65,MOTOR VEHICLE THEFT,51,WEST LAWN
2020,65,NARCOTICS,21,WEST LAWN
2020,65,OBSCENITY,1,WEST LAWN
2020,65,OFFENSE INVOLVING CHILDREN,28,WEST LAWN
2020,65,OTHER OFFENSE,89,WEST LAWN
2020,65,PUBLIC PEACE VIOLATION,5,WEST LAWN
2020,65,ROBBERY,42,WEST LAWN
2020,65,SEX OFFENSE,6,WEST LAWN
2020,65,STALKING,2,WEST LAWN
2020,65,THEFT,320,WEST LAWN
2020,65,WEAPONS VIOLATION,36,WEST LAWN
2020,66,ARSON,15,CHICAGO LAWN
2020,66,ASSAULT,472,CHICAGO LAWN
2020,66,BATTERY,1096,CHICAGO LAWN
2020,66,BURGLARY,255,CHICAGO LAWN
2020,66,CONCEALED CARRY LICENSE VIOLATION,1,CHICAGO LAWN
2020,66,CRIMINAL DAMAGE,649,CHICAGO LAWN
2020,66,CRIMINAL SEXUAL ASSAULT,22,CHICAGO LAWN
2020,66,CRIMINAL TRESPASS,83,CHICAGO LAWN
2020,66,DECEPTIVE PRACTICE,285,CHICAGO LAWN
2020,66,HOMICIDE,22,CHICAGO LAWN
2020,66,INTERFERENCE WITH PUBLIC OFFICER,10,CHICAGO LAWN
2020,66,INTIMIDATION,7,CHICAGO LAWN
2020,66,KIDNAPPING,2,CHICAGO LAWN
2020,66,LIQUOR LAW VIOLATION,3,CHICAGO LAWN
2020,66,MOTOR VEHICLE THEFT,235,CHICAGO LAWN
2020,66,NARCOTICS,130,CHICAGO LAWN
2020,66,OBSCENITY,4,CHICAGO LAWN
2020,66,OFFENSE INVOLVING CHILDREN,60,CHICAGO LAWN
2020,66,OTHER OFFENSE,316,CHICAGO LAWN
2020,66,PUBLIC PEACE VIOLATION,43,CHICAGO LAWN
2020,66,ROBBERY,188,CHICAGO LAWN
2020,66,SEX OFFENSE,26,CHICAGO LAWN
2020,66,STALKING,4,CHICAGO LAWN
2020,66,THEFT,725,CHICAGO LAWN
2020,66,WEAPONS VIOLATION,262,CHICAGO LAWN
2020,67,ARSON,18,WEST ENGLEWOOD
2020,67,ASSAULT,599,WEST ENGLEWOOD
2020,67,BATTERY,1365,WEST ENGLEWOOD
2020,67,BURGLARY,199,WEST ENGLEWOOD
2020,67,CONCEALED CARRY LICENSE VIOLATION,7,WEST ENGLEWOOD
2020,67,CRIM SEXUAL ASSAULT,4,WEST ENGLEWOOD
2020,67,CRIMINAL DAMAGE,749,WEST ENGLEWOOD
2020,67,CRIMINAL SEXUAL ASSAULT,33,WEST ENGLEWOOD
2020,67,CRIMINAL TRESPASS,62,WEST ENGLEWOOD
2020,67,DECEPTIVE PRACTICE,233,WEST ENGLEWOOD
2020,67,GAMBLING,2,WEST ENGLEWOOD
2020,67,HOMICIDE,34,WEST ENGLEWOOD
2020,67,INTERFERENCE WITH PUBLIC OFFICER,22,WEST ENGLEWOOD
2020,67,INTIMIDATION,3,WEST ENGLEWOOD
2020,67,KIDNAPPING,5,WEST ENGLEWOOD
2020,67,MOTOR VEHICLE THEFT,234,WEST ENGLEWOOD
2020,67,NARCOTICS,247,WEST ENGLEWOOD
2020,67,OFFENSE INVOLVING CHILDREN,61,WEST ENGLEWOOD
2020,67,OTHER OFFENSE,326,WEST ENGLEWOOD
2020,67,PROSTITUTION,31,WEST ENGLEWOOD
2020,67,PUBLIC INDECENCY,1,WEST ENGLEWOOD
2020,67,PUBLIC PEACE VIOLATION,43,WEST ENGLEWOOD
2020,67,ROBBERY,235,WEST ENGLEWOOD
2020,67,SEX OFFENSE,17,WEST ENGLEWOOD
2020,67,STALKING,7,WEST ENGLEWOOD
2020,67,THEFT,702,WEST ENGLEWOOD
2020,67,WEAPONS VIOLATION,455,WEST ENGLEWOOD
2020,68,ARSON,19,ENGLEWOOD
2020,68,ASSAULT,560,ENGLEWOOD
2020,68,BATTERY,1295,ENGLEWOOD
2020,68,BURGLARY,153,ENGLEWOOD
2020,68,CONCEALED CARRY LICENSE VIOLATION,7,ENGLEWOOD
2020,68,CRIM SEXUAL ASSAULT,2,ENGLEWOOD
2020,68,CRIMINAL DAMAGE,631,ENGLEWOOD
2020,68,CRIMINAL SEXUAL ASSAULT,25,ENGLEWOOD
2020,68,CRIMINAL TRESPASS,83,ENGLEWOOD
2020,68,DECEPTIVE PRACTICE,234,ENGLEWOOD
2020,68,GAMBLING,1,ENGLEWOOD
2020,68,HOMICIDE,35,ENGLEWOOD
2020,68,INTERFERENCE WITH PUBLIC OFFICER,31,ENGLEWOOD
2020,68,INTIMIDATION,2,ENGLEWOOD
2020,68,KIDNAPPING,2,ENGLEWOOD
2020,68,LIQUOR LAW VIOLATION,2,ENGLEWOOD
2020,68,MOTOR VEHICLE THEFT,214,ENGLEWOOD
2020,68,NARCOTICS,224,ENGLEWOOD
2020,68,OBSCENITY,1,ENGLEWOOD
2020,68,OFFENSE INVOLVING CHILDREN,46,ENGLEWOOD
2020,68,OTHER OFFENSE,325,ENGLEWOOD
2020,68,PROSTITUTION,17,ENGLEWOOD
2020,68,PUBLIC PEACE VIOLATION,37,ENGLEWOOD
2020,68,ROBBERY,198,ENGLEWOOD
2020,68,SEX OFFENSE,10,ENGLEWOOD
2020,68,STALKING,7,ENGLEWOOD
2020,68,THEFT,599,ENGLEWOOD
2020,68,WEAPONS VIOLATION,429,ENGLEWOOD
2020,69,ARSON,20,GREATER GRAND CROSSING
2020,69,ASSAULT,633,GREATER GRAND CROSSING
2020,69,BATTERY,1357,GREATER GRAND CROSSING
2020,69,BURGLARY,244,GREATER GRAND CROSSING
2020,69,CONCEALED CARRY LICENSE VIOLATION,3,GREATER GRAND CROSSING
2020,69,CRIM SEXUAL ASSAULT,2,GREATER GRAND CROSSING
2020,69,CRIMINAL DAMAGE,790,GREATER GRAND CROSSING
2020,69,CRIMINAL SEXUAL ASSAULT,37,GREATER GRAND CROSSING
2020,69,CRIMINAL TRESPASS,95,GREATER GRAND CROSSING
2020,69,DECEPTIVE PRACTICE,308,GREATER GRAND CROSSING
2020,69,HOMICIDE,28,GREATER GRAND CROSSING
2020,69,INTERFERENCE WITH PUBLIC OFFICER,33,GREATER GRAND CROSSING
2020,69,INTIMIDATION,1,GREATER GRAND CROSSING
2020,69,KIDNAPPING,4,GREATER GRAND CROSSING
2020,69,LIQUOR LAW VIOLATION,3,GREATER GRAND CROSSING
2020,69,MOTOR VEHICLE THEFT,346,GREATER GRAND CROSSING
2020,69,NARCOTICS,164,GREATER GRAND CROSSING
2020,69,OBSCENITY,1,GREATER GRAND CROSSING
2020,69,OFFENSE INVOLVING CHILDREN,78,GREATER GRAND CROSSING
2020,69,OTHER OFFENSE,357,GREATER GRAND CROSSING
2020,69,PUBLIC PEACE VIOLATION,19,GREATER GRAND CROSSING
2020,69,ROBBERY,231,GREATER GRAND CROSSING
2020,69,SEX OFFENSE,16,GREATER GRAND CROSSING
2020,69,STALKING,6,GREATER GRAND CROSSING
2020,69,THEFT,766,GREATER GRAND CROSSING
2020,69,WEAPONS VIOLATION,428,GREATER GRAND CROSSING
2020,70,ARSON,7,ASHBURN
2020,70,ASSAULT,179,ASHBURN
2020,70,BATTERY,345,ASHBURN
2020,70,BURGLARY,88,ASHBURN
2020,70,CRIMINAL DAMAGE,231,ASHBURN
2020,70,CRIMINAL SEXUAL ASSAULT,14,ASHBURN
2020,70,CRIMINAL TRESPASS,39,ASHBURN
2020,70,DECEPTIVE PRACTICE,250,ASHBURN
2020,70,HOMICIDE,2,ASHBURN
2020,70,INTERFERENCE WITH PUBLIC OFFICER,1,ASHBURN
2020,70,KIDNAPPING,4,ASHBURN
2020,70,MOTOR VEHICLE THEFT,90,ASHBURN
2020,70,NARCOTICS,21,ASHBURN
2020,70,OBSCENITY,2,ASHBURN
2020,70,OFFENSE INVOLVING CHILDREN,36,ASHBURN
2020,70,OTHER OFFENSE,135,ASHBURN
2020,70,PUBLIC PEACE VIOLATION,14,ASHBURN
2020,70,ROBBERY,55,ASHBURN
2020,70,SEX OFFENSE,9,ASHBURN
2020,70,THEFT,313,ASHBURN
2020,70,WEAPONS VIOLATION,74,ASHBURN
2020,71,ARSON,11,AUBURN GRESHAM
2020,71,ASSAULT,607,AUBURN GRESHAM
2020,71,BATTERY,1443,AUBURN GRESHAM
2020,71,BURGLARY,254,AUBURN GRESHAM
2020,71,CONCEALED CARRY LICENSE VIOLATION,3,AUBURN GRESHAM
2020,71,CRIM SEXUAL ASSAULT,2,AUBURN GRESHAM
2020,71,CRIMINAL DAMAGE,854,AUBURN GRESHAM
2020,71,CRIMINAL SEXUAL ASSAULT,34,AUBURN GRESHAM
2020,71,CRIMINAL TRESPASS,147,AUBURN GRESHAM
2020,71,DECEPTIVE PRACTICE,417,AUBURN GRESHAM
2020,71,HOMICIDE,34,AUBURN GRESHAM
2020,71,HUMAN TRAFFICKING,1,AUBURN GRESHAM
2020,71,INTERFERENCE WITH PUBLIC OFFICER,30,AUBURN GRESHAM
2020,71,INTIMIDATION,1,AUBURN GRESHAM
2020,71,KIDNAPPING,1,AUBURN GRESHAM
2020,71,LIQUOR LAW VIOLATION,2,AUBURN GRESHAM
2020,71,MOTOR VEHICLE THEFT,283,AUBURN GRESHAM
2020,71,NARCOTICS,151,AUBURN GRESHAM
2020,71,OBSCENITY,3,AUBURN GRESHAM
2020,71,OFFENSE INVOLVING CHILDREN,60,AUBURN GRESHAM
2020,71,OTHER OFFENSE,415,AUBURN GRESHAM
2020,71,PROSTITUTION,2,AUBURN GRESHAM
2020,71,PUBLIC PEACE VIOLATION,26,AUBURN GRESHAM
2020,71,ROBBERY,169,AUBURN GRESHAM
2020,71,SEX OFFENSE,23,AUBURN GRESHAM
2020,71,STALKING,7,AUBURN GRESHAM
2020,71,THEFT,921,AUBURN GRESHAM
2020,71,WEAPONS VIOLATION,376,AUBURN GRESHAM
2020,72,ASSAULT,56,BEVERLY
2020,72,BATTERY,78,BEVERLY
2020,72,BURGLARY,42,BEVERLY
2020,72,CONCEALED CARRY LICENSE VIOLATION,1,BEVERLY
2020,72,CRIM SEXUAL ASSAULT,1,BEVERLY
2020,72,CRIMINAL DAMAGE,87,BEVERLY
2020,72,CRIMINAL SEXUAL ASSAULT,4,BEVERLY
2020,72,CRIMINAL TRESPASS,33,BEVERLY
2020,72,DECEPTIVE PRACTICE,200,BEVERLY
2020,72,INTERFERENCE WITH PUBLIC OFFICER,1,BEVERLY
2020,72,INTIMIDATION,1,BEVERLY
2020,72,KIDNAPPING,1,BEVERLY
2020,72,MOTOR VEHICLE THEFT,44,BEVERLY
2020,72,NARCOTICS,8,BEVERLY
2020,72,OBSCENITY,1,BEVERLY
2020,72,OFFENSE INVOLVING CHILDREN,26,BEVERLY
2020,72,OTHER OFFENSE,67,BEVERLY
2020,72,PUBLIC PEACE VIOLATION,1,BEVERLY
2020,72,ROBBERY,29,BEVERLY
2020,72,SEX OFFENSE,2,BEVERLY
2020,72,THEFT,169,BEVERLY
2020,72,WEAPONS VIOLATION,6,BEVERLY
2020,73,ARSON,7,WASHINGTON HEIGHTS
2020,73,ASSAULT,239,WASHINGTON HEIGHTS
2020,73,BATTERY,516,WASHINGTON HEIGHTS
2020,73,BURGLARY,114,WASHINGTON HEIGHTS
2020,73,CONCEALED CARRY LICENSE VIOLATION,1,WASHINGTON HEIGHTS
2020,73,CRIM SEXUAL ASSAULT,1,WASHINGTON HEIGHTS
2020,73,CRIMINAL DAMAGE,354,WASHINGTON HEIGHTS
2020,73,CRIMINAL SEXUAL ASSAULT,18,WASHINGTON HEIGHTS
2020,73,CRIMINAL TRESPASS,53,WASHINGTON HEIGHTS
2020,73,DECEPTIVE PRACTICE,296,WASHINGTON HEIGHTS
2020,73,HOMICIDE,7,WASHINGTON HEIGHTS
2020,73,INTERFERENCE WITH PUBLIC OFFICER,6,WASHINGTON HEIGHTS
2020,73,INTIMIDATION,1,WASHINGTON HEIGHTS
2020,73,KIDNAPPING,1,WASHINGTON HEIGHTS
2020,73,MOTOR VEHICLE THEFT,136,WASHINGTON HEIGHTS
2020,73,NARCOTICS,50,WASHINGTON HEIGHTS
2020,73,OFFENSE INVOLVING CHILDREN,30,WASHINGTON HEIGHTS
2020,73,OTHER OFFENSE,191,WASHINGTON HEIGHTS
2020,73,PUBLIC PEACE VIOLATION,6,WASHINGTON HEIGHTS
2020,73,ROBBERY,93,WASHINGTON HEIGHTS
2020,73,SEX OFFENSE,16,WASHINGTON HEIGHTS
2020,73,STALKING,2,WASHINGTON HEIGHTS
2020,73,THEFT,426,WASHINGTON HEIGHTS
2020,73,WEAPONS VIOLATION,117,WASHINGTON HEIGHTS
2020,74,ARSON,1,MOUNT GREENWOOD
2020,74,ASSAULT,33,MOUNT GREENWOOD
2020,74,BATTERY,70,MOUNT GREENWOOD
2020,74,BURGLARY,13,MOUNT GREENWOOD
2020,74,CONCEALED CARRY LICENSE VIOLATION,2,MOUNT GREENWOOD
2020,74,CRIM SEXUAL ASSAULT,1,MOUNT GREENWOOD
2020,74,CRIMINAL DAMAGE,50,MOUNT GREENWOOD
2020,74,CRIMINAL SEXUAL ASSAULT,1,MOUNT GREENWOOD
2020,74,CRIMINAL TRESPASS,15,MOUNT GREENWOOD
2020,74,DECEPTIVE PRACTICE,160,MOUNT GREENWOOD
2020,74,LIQUOR LAW VIOLATION,3,MOUNT GREENWOOD
2020,74,MOTOR VEHICLE THEFT,16,MOUNT GREENWOOD
2020,74,NARCOTICS,11,MOUNT GREENWOOD
2020,74,OBSCENITY,1,MOUNT GREENWOOD
2020,74,OFFENSE INVOLVING CHILDREN,7,MOUNT GREENWOOD
2020,74,OTHER OFFENSE,50,MOUNT GREENWOOD
2020,74,PROSTITUTION,1,MOUNT GREENWOOD
2020,74,PUBLIC PEACE VIOLATION,2,MOUNT GREENWOOD
2020,74,ROBBERY,4,MOUNT GREENWOOD
2020,74,SEX OFFENSE,5,MOUNT GREENWOOD
2020,74,THEFT,72,MOUNT GREENWOOD
2020,74,WEAPONS VIOLATION,3,MOUNT GREENWOOD
2020,75,ARSON,1,MORGAN PARK
2020,75,ASSAULT,160,MORGAN PARK
2020,75,BATTERY,292,MORGAN PARK
2020,75,BURGLARY,87,MORGAN PARK
2020,75,CRIM SEXUAL ASSAULT,1,MORGAN PARK
2020,75,CRIMINAL DAMAGE,211,MORGAN PARK
2020,75,CRIMINAL SEXUAL ASSAULT,4,MORGAN PARK
2020,75,CRIMINAL TRESPASS,23,MORGAN PARK
2020,75,DECEPTIVE PRACTICE,230,MORGAN PARK
2020,75,HOMICIDE,10,MORGAN PARK
2020,75,INTERFERENCE WITH PUBLIC OFFICER,7,MORGAN PARK
2020,75,KIDNAPPING,5,MORGAN PARK
2020,75,MOTOR VEHICLE THEFT,77,MORGAN PARK
2020,75,NARCOTICS,29,MORGAN PARK
2020,75,OBSCENITY,2,MORGAN PARK
2020,75,OFFENSE INVOLVING CHILDREN,37,MORGAN PARK
2020,75,OTHER OFFENSE,111,MORGAN PARK
2020,75,PUBLIC PEACE VIOLATION,3,MORGAN PARK
2020,75,ROBBERY,49,MORGAN PARK
2020,75,SEX OFFENSE,5,MORGAN PARK
2020,75,STALKING,3,MORGAN PARK
2020,75,THEFT,303,MORGAN PARK
2020,75,WEAPONS VIOLATION,45,MORGAN PARK
2020,76,ARSON,1,OHARE
2020,76,ASSAULT,69,OHARE
2020,76,BATTERY,146,OHARE
2020,76,BURGLARY,6,OHARE
2020,76,CONCEALED CARRY LICENSE VIOLATION,17,OHARE
2020,76,CRIMINAL DAMAGE,72,OHARE
2020,76,CRIMINAL SEXUAL ASSAULT,2,OHARE
2020,76,CRIMINAL TRESPASS,94,OHARE
2020,76,DECEPTIVE PRACTICE,162,OHARE
2020,76,INTERFERENCE WITH PUBLIC OFFICER,1,OHARE
2020,76,LIQUOR LAW VIOLATION,2,OHARE
2020,76,MOTOR VEHICLE THEFT,79,OHARE
2020,76,NARCOTICS,150,OHARE
2020,76,OFFENSE INVOLVING CHILDREN,3,OHARE
2020,76,OTHER OFFENSE,86,OHARE
2020,76,PUBLIC PEACE VIOLATION,11,OHARE
2020,76,ROBBERY,7,OHARE
2020,76,SEX OFFENSE,6,OHARE
2020,76,STALKING,3,OHARE
2020,76,THEFT,278,OHARE
2020,76,WEAPONS VIOLATION,5,OHARE
2020,77,ARSON,2,EDGEWATER
2020,77,ASSAULT,163,EDGEWATER
2020,77,BATTERY,411,EDGEWATER
2020,77,BURGLARY,100,EDGEWATER
2020,77,CRIMINAL DAMAGE,227,EDGEWATER
2020,77,CRIMINAL SEXUAL ASSAULT,19,EDGEWATER
2020,77,CRIMINAL TRESPASS,46,EDGEWATER
2020,77,DECEPTIVE PRACTICE,323,EDGEWATER
2020,77,HOMICIDE,1,EDGEWATER
2020,77,INTERFERENCE WITH PUBLIC OFFICER,3,EDGEWATER
2020,77,INTIMIDATION,1,EDGEWATER
2020,77,KIDNAPPING,1,EDGEWATER
2020,77,MOTOR VEHICLE THEFT,63,EDGEWATER
2020,77,NARCOTICS,12,EDGEWATER
2020,77,OBSCENITY,1,EDGEWATER
2020,77,OFFENSE INVOLVING CHILDREN,9,EDGEWATER
2020,77,OTHER OFFENSE,132,EDGEWATER
2020,77,PROSTITUTION,1,EDGEWATER
2020,77,PUBLIC PEACE VIOLATION,8,EDGEWATER
2020,77,ROBBERY,61,EDGEWATER
2020,77,SEX OFFENSE,17,EDGEWATER
2020,77,STALKING,6,EDGEWATER
2020,77,THEFT,737,EDGEWATER
2020,77,WEAPONS VIOLATION,5,EDGEWATER
2021,1,ARSON,6,ROGERS PARK
2021,1,ASSAULT,276,ROGERS PARK
2021,1,BATTERY,675,ROGERS PARK
2021,1,BURGLARY,82,ROGERS PARK
2021,1,CRIMINAL DAMAGE,423,ROGERS PARK
2021,1,CRIMINAL SEXUAL ASSAULT,26,ROGERS PARK
2021,1,CRIMINAL TRESPASS,54,ROGERS PARK
2021,1,DECEPTIVE PRACTICE,285,ROGERS PARK
2021,1,HOMICIDE,2,ROGERS PARK
2021,1,INTERFERENCE WITH PUBLIC OFFICER,6,ROGERS PARK
2021,1,INTIMIDATION,3,ROGERS PARK
2021,1,LIQUOR LAW VIOLATION,4,ROGERS PARK
2021,1,MOTOR VEHICLE THEFT,131,ROGERS PARK
2021,1,NARCOTICS,43,ROGERS PARK
2021,1,OFFENSE INVOLVING CHILDREN,18,ROGERS PARK
2021,1,OTHER OFFENSE,203,ROGERS PARK
2021,1,PUBLIC PEACE VIOLATION,10,ROGERS PARK
2021,1,ROBBERY,169,ROGERS PARK
2021,1,SEX OFFENSE,22,ROGERS PARK
2021,1,STALKING,10,ROGERS PARK
2021,1,THEFT,896,ROGERS PARK
2021,1,WEAPONS VIOLATION,47,ROGERS PARK
2021,2,ARSON,6,WEST RIDGE
2021,2,ASSAULT,212,WEST RIDGE
2021,2,BATTERY,533,WEST RIDGE
2021,2,BURGLARY,115,WEST RIDGE
2021,2,CONCEALED CARRY LICENSE VIOLATION,1,WEST RIDGE
2021,2,CRIMINAL DAMAGE,412,WEST RIDGE
2021,2,CRIMINAL SEXUAL ASSAULT,23,WEST RIDGE
2021,2,CRIMINAL TRESPASS,50,WEST RIDGE
2021,2,DECEPTIVE PRACTICE,407,WEST RIDGE
2021,2,HOMICIDE,2,WEST RIDGE
2021,2,INTERFERENCE WITH PUBLIC OFFICER,1,WEST RIDGE
2021,2,LIQUOR LAW VIOLATION,7,WEST RIDGE
2021,2,MOTOR VEHICLE THEFT,117,WEST RIDGE
2021,2,NARCOTICS,19,WEST RIDGE
2021,2,OBSCENITY,2,WEST RIDGE
2021,2,OFFENSE INVOLVING CHILDREN,25,WEST RIDGE
2021,2,OTHER OFFENSE,181,WEST RIDGE
2021,2,PROSTITUTION,1,WEST RIDGE
2021,2,PUBLIC PEACE VIOLATION,6,WEST RIDGE
2021,2,ROBBERY,100,WEST RIDGE
2021,2,SEX OFFENSE,24,WEST RIDGE
2021,2,STALKING,9,WEST RIDGE
2021,2,THEFT,735,WEST RIDGE
2021,2,WEAPONS VIOLATION,31,WEST RIDGE
2021,3,ARSON,7,UPTOWN
2021,3,ASSAULT,322,UPTOWN
2021,3,BATTERY,654,UPTOWN
2021,3,BURGLARY,98,UPTOWN
2021,3,CONCEALED CARRY LICENSE VIOLATION,2,UPTOWN
2021,3,CRIMINAL DAMAGE,301,UPTOWN
2021,3,CRIMINAL SEXUAL ASSAULT,34,UPTOWN
2021,3,CRIMINAL TRESPASS,55,UPTOWN
2021,3,DECEPTIVE PRACTICE,373,UPTOWN
2021,3,HOMICIDE,2,UPTOWN
2021,3,INTERFERENCE WITH PUBLIC OFFICER,3,UPTOWN
2021,3,INTIMIDATION,2,UPTOWN
2021,3,KIDNAPPING,1,UPTOWN
2021,3,LIQUOR LAW VIOLATION,3,UPTOWN
2021,3,MOTOR VEHICLE THEFT,93,UPTOWN
2021,3,NARCOTICS,25,UPTOWN
2021,3,OBSCENITY,1,UPTOWN
2021,3,OFFENSE INVOLVING CHILDREN,20,UPTOWN
2021,3,OTHER OFFENSE,228,UPTOWN
2021,3,PUBLIC PEACE VIOLATION,8,UPTOWN
2021,3,ROBBERY,102,UPTOWN
2021,3,SEX OFFENSE,23,UPTOWN
2021,3,STALKING,12,UPTOWN
2021,3,THEFT,827,UPTOWN
2021,3,WEAPONS VIOLATION,29,UPTOWN
2021,4,ASSAULT,119,LINCOLN SQUARE
2021,4,BATTERY,277,LINCOLN SQUARE
2021,4,BURGLARY,85,LINCOLN SQUARE
2021,4,CRIMINAL DAMAGE,203,LINCOLN SQUARE
2021,4,CRIMINAL SEXUAL ASSAULT,13,LINCOLN SQUARE
2021,4,CRIMINAL TRESPASS,51,LINCOLN SQUARE
2021,4,DECEPTIVE PRACTICE,216,LINCOLN SQUARE
2021,4,HOMICIDE,2,LINCOLN SQUARE
2021,4,INTIMIDATION,1,LINCOLN SQUARE
2021,4,MOTOR VEHICLE THEFT,43,LINCOLN SQUARE
2021,4,NARCOTICS,13,LINCOLN SQUARE
2021,4,OBSCENITY,1,LINCOLN SQUARE
2021,4,OFFENSE INVOLVING CHILDREN,8,LINCOLN SQUARE
2021,4,OTHER OFFENSE,88,LINCOLN SQUARE
2021,4,PUBLIC PEACE VIOLATION,2,LINCOLN SQUARE
2021,4,ROBBERY,42,LINCOLN SQUARE
2021,4,SEX OFFENSE,11,LINCOLN SQUARE
2021,4,STALKING,3,LINCOLN SQUARE
2021,4,THEFT,516,LINCOLN SQUARE
2021,4,WEAPONS VIOLATION,10,LINCOLN SQUARE
2021,5,ASSAULT,69,NORTH CENTER
2021,5,BATTERY,112,NORTH CENTER
2021,5,BURGLARY,59,NORTH CENTER
2021,5,CRIMINAL DAMAGE,112,NORTH CENTER
2021,5,CRIMINAL SEXUAL ASSAULT,7,NORTH CENTER
2021,5,CRIMINAL TRESPASS,27,NORTH CENTER
2021,5,DECEPTIVE PRACTICE,166,NORTH CENTER
2021,5,HOMICIDE,2,NORTH CENTER
2021,5,INTERFERENCE WITH PUBLIC OFFICER,2,NORTH CENTER
2021,5,INTIMIDATION,2,NORTH CENTER
2021,5,LIQUOR LAW VIOLATION,1,NORTH CENTER
2021,5,MOTOR VEHICLE THEFT,37,NORTH CENTER
2021,5,NARCOTICS,4,NORTH CENTER
2021,5,OBSCENITY,1,NORTH CENTER
2021,5,OFFENSE INVOLVING CHILDREN,7,NORTH CENTER
2021,5,OTHER OFFENSE,54,NORTH CENTER
2021,5,PUBLIC PEACE VIOLATION,5,NORTH CENTER
2021,5,ROBBERY,18,NORTH CENTER
2021,5,SEX OFFENSE,9,NORTH CENTER
2021,5,STALKING,2,NORTH CENTER
2021,5,THEFT,324,NORTH CENTER
2021,5,WEAPONS VIOLATION,8,NORTH CENTER
2021,6,ARSON,4,LAKE VIEW
2021,6,ASSAULT,285,LAKE VIEW
2021,6,BATTERY,651,LAKE VIEW
2021,6,BURGLARY,195,LAKE VIEW
2021,6,CONCEALED CARRY LICENSE VIOLATION,2,LAKE VIEW
2021,6,CRIMINAL DAMAGE,432,LAKE VIEW
2021,6,CRIMINAL SEXUAL ASSAULT,51,LAKE VIEW
2021,6,CRIMINAL TRESPASS,115,LAKE VIEW
2021,6,DECEPTIVE PRACTICE,596,LAKE VIEW
2021,6,HOMICIDE,2,LAKE VIEW
2021,6,INTERFERENCE WITH PUBLIC OFFICER,1,LAKE VIEW
2021,6,INTIMIDATION,4,LAKE VIEW
2021,6,KIDNAPPING,1,LAKE VIEW
2021,6,LIQUOR LAW VIOLATION,5,LAKE VIEW
2021,6,MOTOR VEHICLE THEFT,220,LAKE VIEW
2021,6,NARCOTICS,16,LAKE VIEW
2021,6,OBSCENITY,2,LAKE VIEW
2021,6,OFFENSE INVOLVING CHILDREN,6,LAKE VIEW
2021,6,OTHER OFFENSE,198,LAKE VIEW
2021,6,PUBLIC PEACE VIOLATION,22,LAKE VIEW
2021,6,ROBBERY,214,LAKE VIEW
2021,6,SEX OFFENSE,24,LAKE VIEW
2021,6,STALKING,15,LAKE VIEW
2021,6,THEFT,1685,LAKE VIEW
2021,6,WEAPONS VIOLATION,25,LAKE VIEW
2021,7,ARSON,4,LINCOLN PARK
2021,7,ASSAULT,150,LINCOLN PARK
2021,7,BATTERY,286,LINCOLN PARK
2021,7,BURGLARY,125,LINCOLN PARK
2021,7,CONCEALED CARRY LICENSE VIOLATION,1,LINCOLN PARK
2021,7,CRIMINAL DAMAGE,253,LINCOLN PARK
2021,7,CRIMINAL SEXUAL ASSAULT,26,LINCOLN PARK
2021,7,CRIMINAL TRESPASS,50,LINCOLN PARK
2021,7,DECEPTIVE PRACTICE,455,LINCOLN PARK
2021,7,INTIMIDATION,5,LINCOLN PARK
2021,7,KIDNAPPING,1,LINCOLN PARK
2021,7,LIQUOR LAW VIOLATION,7,LINCOLN PARK
2021,7,MOTOR VEHICLE THEFT,221,LINCOLN PARK
2021,7,NARCOTICS,9,LINCOLN PARK
2021,7,OBSCENITY,1,LINCOLN PARK
2021,7,OFFENSE INVOLVING CHILDREN,5,LINCOLN PARK
2021,7,OTHER OFFENSE,103,LINCOLN PARK
2021,7,PUBLIC PEACE VIOLATION,10,LINCOLN PARK
2021,7,ROBBERY,102,LINCOLN PARK
2021,7,SEX OFFENSE,17,LINCOLN PARK
2021,7,STALKING,3,LINCOLN PARK
2021,7,THEFT,1160,LINCOLN PARK
2021,7,WEAPONS VIOLATION,23,LINCOLN PARK
2021,8,ARSON,4,NEAR NORTH SIDE
2021,8,ASSAULT,562,NEAR NORTH SIDE
2021,8,BATTERY,1257,NEAR NORTH SIDE
2021,8,BURGLARY,151,NEAR NORTH SIDE
2021,8,CONCEALED CARRY LICENSE VIOLATION,4,NEAR NORTH SIDE
2021,8,CRIMINAL DAMAGE,518,NEAR NORTH SIDE
2021,8,CRIMINAL SEXUAL ASSAULT,129,NEAR NORTH SIDE
2021,8,CRIMINAL TRESPASS,277,NEAR NORTH SIDE
2021,8,DECEPTIVE PRACTICE,1018,NEAR NORTH SIDE
2021,8,HOMICIDE,8,NEAR NORTH SIDE
2021,8,INTERFERENCE WITH PUBLIC OFFICER,10,NEAR NORTH SIDE
2021,8,INTIMIDATION,5,NEAR NORTH SIDE
2021,8,LIQUOR LAW VIOLATION,15,NEAR NORTH SIDE
2021,8,MOTOR VEHICLE THEFT,464,NEAR NORTH SIDE
2021,8,NARCOTICS,74,NEAR NORTH SIDE
2021,8,OBSCENITY,1,NEAR NORTH SIDE
2021,8,OFFENSE INVOLVING CHILDREN,24,NEAR NORTH SIDE
2021,8,OTHER OFFENSE,350,NEAR NORTH SIDE
2021,8,PUBLIC PEACE VIOLATION,41,NEAR NORTH SIDE
2021,8,ROBBERY,341,NEAR NORTH SIDE
2021,8,SEX OFFENSE,52,NEAR NORTH SIDE
2021,8,STALKING,15,NEAR NORTH SIDE
2021,8,THEFT,2798,NEAR NORTH SIDE
2021,8,WEAPONS VIOLATION,286,NEAR NORTH SIDE
2021,9,ASSAULT,17,EDISON PARK
2021,9,BATTERY,39,EDISON PARK
2021,9,BURGLARY,9,EDISON PARK
2021,9,CRIMINAL DAMAGE,25,EDISON PARK
2021,9,CRIMINAL SEXUAL ASSAULT,3,EDISON PARK
2021,9,CRIMINAL TRESPASS,5,EDISON PARK
2021,9,DECEPTIVE PRACTICE,63,EDISON PARK
2021,9,INTIMIDATION,2,EDISON PARK
2021,9,MOTOR VEHICLE THEFT,6,EDISON PARK
2021,9,OFFENSE INVOLVING CHILDREN,3,EDISON PARK
2021,9,OTHER OFFENSE,23,EDISON PARK
2021,9,PUBLIC PEACE VIOLATION,1,EDISON PARK
2021,9,ROBBERY,1,EDISON PARK
2021,9,SEX OFFENSE,3,EDISON PARK
2021,9,STALKING,2,EDISON PARK
2021,9,THEFT,46,EDISON PARK
2021,10,ARSON,4,NORWOOD PARK
2021,10,ASSAULT,87,NORWOOD PARK
2021,10,BATTERY,175,NORWOOD PARK
2021,10,BURGLARY,51,NORWOOD PARK
2021,10,CRIMINAL DAMAGE,149,NORWOOD PARK
2021,10,CRIMINAL SEXUAL ASSAULT,6,NORWOOD PARK
2021,10,CRIMINAL TRESPASS,22,NORWOOD PARK
2021,10,DECEPTIVE PRACTICE,286,NORWOOD PARK
2021,10,INTIMIDATION,2,NORWOOD PARK
2021,10,KIDNAPPING,1,NORWOOD PARK
2021,10,LIQUOR LAW VIOLATION,2,NORWOOD PARK
2021,10,MOTOR VEHICLE THEFT,24,NORWOOD PARK
2021,10,NARCOTICS,6,NORWOOD PARK
2021,10,OFFENSE INVOLVING CHILDREN,10,NORWOOD PARK
2021,10,OTHER OFFENSE,108,NORWOOD PARK
2021,10,PROSTITUTION,1,NORWOOD PARK
2021,10,PUBLIC PEACE VIOLATION,1,NORWOOD PARK
2021,10,ROBBERY,16,NORWOOD PARK
2021,10,SEX OFFENSE,10,NORWOOD PARK
2021,10,STALKING,5,NORWOOD PARK
2021,10,THEFT,230,NORWOOD PARK
2021,10,WEAPONS VIOLATION,7,NORWOOD PARK
2021,11,ARSON,7,JEFFERSON PARK
2021,11,ASSAULT,68,JEFFERSON PARK
2021,11,BATTERY,125,JEFFERSON PARK
2021,11,BURGLARY,34,JEFFERSON PARK
2021,11,CRIMINAL DAMAGE,98,JEFFERSON PARK
2021,11,CRIMINAL SEXUAL ASSAULT,8,JEFFERSON PARK
2021,11,CRIMINAL TRESPASS,15,JEFFERSON PARK
2021,11,DECEPTIVE PRACTICE,146,JEFFERSON PARK
2021,11,INTIMIDATION,4,JEFFERSON PARK
2021,11,LIQUOR LAW VIOLATION,1,JEFFERSON PARK
2021,11,MOTOR VEHICLE THEFT,29,JEFFERSON PARK
2021,11,NARCOTICS,9,JEFFERSON PARK
2021,11,OBSCENITY,2,JEFFERSON PARK
2021,11,OFFENSE INVOLVING CHILDREN,6,JEFFERSON PARK
2021,11,OTHER OFFENSE,76,JEFFERSON PARK
2021,11,PUBLIC PEACE VIOLATION,3,JEFFERSON PARK
2021,11,ROBBERY,19,JEFFERSON PARK
2021,11,SEX OFFENSE,5,JEFFERSON PARK
2021,11,STALKING,3,JEFFERSON PARK
2021,11,THEFT,186,JEFFERSON PARK
2021,11,WEAPONS VIOLATION,2,JEFFERSON PARK
2021,12,ASSAULT,30,FOREST GLEN
2021,12,BATTERY,59,FOREST GLEN
2021,12,BURGLARY,38,FOREST GLEN
2021,12,CRIMINAL DAMAGE,44,FOREST GLEN
2021,12,CRIMINAL SEXUAL ASSAULT,4,FOREST GLEN
2021,12,CRIMINAL TRESPASS,7,FOREST GLEN
2021,12,DECEPTIVE PRACTICE,116,FOREST GLEN
2021,12,INTERFERENCE WITH PUBLIC OFFICER,1,FOREST GLEN
2021,12,KIDNAPPING,1,FOREST GLEN
2021,12,MOTOR VEHICLE THEFT,14,FOREST GLEN
2021,12,NARCOTICS,4,FOREST GLEN
2021,12,OBSCENITY,1,FOREST GLEN
2021,12,OFFENSE INVOLVING CHILDREN,3,FOREST GLEN
2021,12,OTHER OFFENSE,39,FOREST GLEN
2021,12,PUBLIC PEACE VIOLATION,1,FOREST GLEN
2021,12,ROBBERY,4,FOREST GLEN
2021,12,SEX OFFENSE,5,FOREST GLEN
2021,12,STALKING,2,FOREST GLEN
2021,12,THEFT,96,FOREST GLEN
2021,12,WEAPONS VIOLATION,11,FOREST GLEN
2021,13,ASSAULT,61,NORTH PARK
2021,13,BATTERY,103,NORTH PARK
2021,13,BURGLARY,30,NORTH PARK
2021,13,CRIMINAL DAMAGE,77,NORTH PARK
2021,13,CRIMINAL SEXUAL ASSAULT,1,NORTH PARK
2021,13,CRIMINAL TRESPASS,13,NORTH PARK
2021,13,DECEPTIVE PRACTICE,114,NORTH PARK
2021,13,HOMICIDE,2,NORTH PARK
2021,13,INTIMIDATION,1,NORTH PARK
2021,13,MOTOR VEHICLE THEFT,38,NORTH PARK
2021,13,NARCOTICS,5,NORTH PARK
2021,13,OBSCENITY,1,NORTH PARK
2021,13,OFFENSE INVOLVING CHILDREN,6,NORTH PARK
2021,13,OTHER OFFENSE,43,NORTH PARK
2021,13,PUBLIC PEACE VIOLATION,4,NORTH PARK
2021,13,ROBBERY,11,NORTH PARK
2021,13,SEX OFFENSE,3,NORTH PARK
2021,13,STALKING,2,NORTH PARK
2021,13,THEFT,176,NORTH PARK
2021,13,WEAPONS VIOLATION,14,NORTH PARK
2021,14,ARSON,3,ALBANY PARK
2021,14,ASSAULT,161,ALBANY PARK
2021,14,BATTERY,353,ALBANY PARK
2021,14,BURGLARY,77,ALBANY PARK
2021,14,CONCEALED CARRY LICENSE VIOLATION,1,ALBANY PARK
2021,14,CRIMINAL DAMAGE,261,ALBANY PARK
2021,14,CRIMINAL SEXUAL ASSAULT,24,ALBANY PARK
2021,14,CRIMINAL TRESPASS,31,ALBANY PARK
2021,14,DECEPTIVE PRACTICE,162,ALBANY PARK
2021,14,HOMICIDE,2,ALBANY PARK
2021,14,INTERFERENCE WITH PUBLIC OFFICER,4,ALBANY PARK
2021,14,INTIMIDATION,2,ALBANY PARK
2021,14,KIDNAPPING,1,ALBANY PARK
2021,14,LIQUOR LAW VIOLATION,1,ALBANY PARK
2021,14,MOTOR VEHICLE THEFT,77,ALBANY PARK
2021,14,NARCOTICS,23,ALBANY PARK
2021,14,OBSCENITY,1,ALBANY PARK
2021,14,OFFENSE INVOLVING CHILDREN,19,ALBANY PARK
2021,14,OTHER OFFENSE,129,ALBANY PARK
2021,14,PUBLIC PEACE VIOLATION,3,ALBANY PARK
2021,14,ROBBERY,59,ALBANY PARK
2021,14,SEX OFFENSE,6,ALBANY PARK
2021,14,STALKING,5,ALBANY PARK
2021,14,THEFT,422,ALBANY PARK
2021,14,WEAPONS VIOLATION,43,ALBANY PARK
2021,15,ARSON,10,PORTAGE PARK
2021,15,ASSAULT,251,PORTAGE PARK
2021,15,BATTERY,489,PORTAGE PARK
2021,15,BURGLARY,88,PORTAGE PARK
2021,15,CRIMINAL DAMAGE,309,PORTAGE PARK
2021,15,CRIMINAL SEXUAL ASSAULT,14,PORTAGE PARK
2021,15,CRIMINAL TRESPASS,43,PORTAGE PARK
2021,15,DECEPTIVE PRACTICE,293,PORTAGE PARK
2021,15,HOMICIDE,3,PORTAGE PARK
2021,15,INTERFERENCE WITH PUBLIC OFFICER,2,PORTAGE PARK
2021,15,INTIMIDATION,4,PORTAGE PARK
2021,15,KIDNAPPING,1,PORTAGE PARK
2021,15,LIQUOR LAW VIOLATION,4,PORTAGE PARK
2021,15,MOTOR VEHICLE THEFT,112,PORTAGE PARK
2021,15,NARCOTICS,26,PORTAGE PARK
2021,15,OBSCENITY,1,PORTAGE PARK
2021,15,OFFENSE INVOLVING CHILDREN,35,PORTAGE PARK
2021,15,OTHER NARCOTIC VIOLATION,1,PORTAGE PARK
2021,15,OTHER OFFENSE,192,PORTAGE PARK
2021,15,PUBLIC PEACE VIOLATION,7,PORTAGE PARK
2021,15,ROBBERY,54,PORTAGE PARK
2021,15,SEX OFFENSE,23,PORTAGE PARK
2021,15,STALKING,2,PORTAGE PARK
2021,15,THEFT,540,PORTAGE PARK
2021,15,WEAPONS VIOLATION,44,PORTAGE PARK
2021,16,ARSON,8,IRVING PARK
2021,16,ASSAULT,190,IRVING PARK
2021,16,BATTERY,364,IRVING PARK
2021,16,BURGLARY,96,IRVING PARK
2021,16,CONCEALED CARRY LICENSE VIOLATION,1,IRVING PARK
2021,16,CRIMINAL DAMAGE,300,IRVING PARK
2021,16,CRIMINAL SEXUAL ASSAULT,16,IRVING PARK
2021,16,CRIMINAL TRESPASS,39,IRVING PARK
2021,16,DECEPTIVE PRACTICE,212,IRVING PARK
2021,16,HOMICIDE,2,IRVING PARK
2021,16,INTERFERENCE WITH PUBLIC OFFICER,1,IRVING PARK
2021,16,INTIMIDATION,4,IRVING PARK
2021,16,MOTOR VEHICLE THEFT,100,IRVING PARK
2021,16,NARCOTICS,24,IRVING PARK
2021,16,OBSCENITY,3,IRVING PARK
2021,16,OFFENSE INVOLVING CHILDREN,21,IRVING PARK
2021,16,OTHER OFFENSE,158,IRVING PARK
2021,16,PUBLIC PEACE VIOLATION,3,IRVING PARK
2021,16,ROBBERY,66,IRVING PARK
2021,16,SEX OFFENSE,15,IRVING PARK
2021,16,STALKING,8,IRVING PARK
2021,16,THEFT,557,IRVING PARK
2021,16,WEAPONS VIOLATION,50,IRVING PARK
2021,17,ARSON,4,DUNNING
2021,17,ASSAULT,111,DUNNING
2021,17,BATTERY,284,DUNNING
2021,17,BURGLARY,64,DUNNING
2021,17,CRIMINAL DAMAGE,170,DUNNING
2021,17,CRIMINAL SEXUAL ASSAULT,12,DUNNING
2021,17,CRIMINAL TRESPASS,30,DUNNING
2021,17,DECEPTIVE PRACTICE,230,DUNNING
2021,17,HOMICIDE,3,DUNNING
2021,17,INTIMIDATION,8,DUNNING
2021,17,LIQUOR LAW VIOLATION,1,DUNNING
2021,17,MOTOR VEHICLE THEFT,59,DUNNING
2021,17,NARCOTICS,9,DUNNING
2021,17,OBSCENITY,1,DUNNING
2021,17,OFFENSE INVOLVING CHILDREN,20,DUNNING
2021,17,OTHER OFFENSE,160,DUNNING
2021,17,PUBLIC PEACE VIOLATION,1,DUNNING
2021,17,ROBBERY,22,DUNNING
2021,17,SEX OFFENSE,12,DUNNING
2021,17,STALKING,2,DUNNING
2021,17,THEFT,318,DUNNING
2021,17,WEAPONS VIOLATION,18,DUNNING
2021,18,ARSON,5,MONTCLARE
2021,18,ASSAULT,43,MONTCLARE
2021,18,BATTERY,101,MONTCLARE
2021,18,BURGLARY,10,MONTCLARE
2021,18,CRIMINAL DAMAGE,50,MONTCLARE
2021,18,CRIMINAL TRESPASS,7,MONTCLARE
2021,18,DECEPTIVE PRACTICE,59,MONTCLARE
2021,18,MOTOR VEHICLE THEFT,24,MONTCLARE
2021,18,NARCOTICS,10,MONTCLARE
2021,18,OFFENSE INVOLVING CHILDREN,10,MONTCLARE
2021,18,OTHER OFFENSE,49,MONTCLARE
2021,18,PUBLIC PEACE VIOLATION,1,MONTCLARE
2021,18,ROBBERY,6,MONTCLARE
2021,18,SEX OFFENSE,2,MONTCLARE
2021,18,THEFT,118,MONTCLARE
2021,18,WEAPONS VIOLATION,24,MONTCLARE
2021,19,ARSON,6,BELMONT CRAGIN
2021,19,ASSAULT,333,BELMONT CRAGIN
2021,19,BATTERY,738,BELMONT CRAGIN
2021,19,BURGLARY,91,BELMONT CRAGIN
2021,19,CONCEALED CARRY LICENSE VIOLATION,2,BELMONT CRAGIN
2021,19,CRIMINAL DAMAGE,463,BELMONT CRAGIN
2021,19,CRIMINAL SEXUAL ASSAULT,24,BELMONT CRAGIN
2021,19,CRIMINAL TRESPASS,49,BELMONT CRAGIN
2021,19,DECEPTIVE PRACTICE,326,BELMONT CRAGIN
2021,19,HOMICIDE,13,BELMONT CRAGIN
2021,19,HUMAN TRAFFICKING,1,BELMONT CRAGIN
2021,19,INTERFERENCE WITH PUBLIC OFFICER,6,BELMONT CRAGIN
2021,19,INTIMIDATION,5,BELMONT CRAGIN
2021,19,KIDNAPPING,1,BELMONT CRAGIN
2021,19,LIQUOR LAW VIOLATION,5,BELMONT CRAGIN
2021,19,MOTOR VEHICLE THEFT,195,BELMONT CRAGIN
2021,19,NARCOTICS,90,BELMONT CRAGIN
2021,19,OBSCENITY,1,BELMONT CRAGIN
2021,19,OFFENSE INVOLVING CHILDREN,58,BELMONT CRAGIN
2021,19,OTHER OFFENSE,311,BELMONT CRAGIN
2021,19,PUBLIC PEACE VIOLATION,11,BELMONT CRAGIN
2021,19,ROBBERY,88,BELMONT CRAGIN
2021,19,SEX OFFENSE,21,BELMONT CRAGIN
2021,19,STALKING,8,BELMONT CRAGIN
2021,19,THEFT,619,BELMONT CRAGIN
2021,19,WEAPONS VIOLATION,193,BELMONT CRAGIN
2021,20,ARSON,5,HERMOSA
2021,20,ASSAULT,98,HERMOSA
2021,20,BATTERY,245,HERMOSA
2021,20,BURGLARY,37,HERMOSA
2021,20,CRIMINAL DAMAGE,142,HERMOSA
2021,20,CRIMINAL SEXUAL ASSAULT,8,HERMOSA
2021,20,CRIMINAL TRESPASS,14,HERMOSA
2021,20,DECEPTIVE PRACTICE,121,HERMOSA
2021,20,HOMICIDE,3,HERMOSA
2021,20,INTERFERENCE WITH PUBLIC OFFICER,3,HERMOSA
2021,20,INTIMIDATION,2,HERMOSA
2021,20,MOTOR VEHICLE THEFT,62,HERMOSA
2021,20,NARCOTICS,25,HERMOSA
2021,20,OFFENSE INVOLVING CHILDREN,29,HERMOSA
2021,20,OTHER OFFENSE,120,HERMOSA
2021,20,PUBLIC PEACE VIOLATION,1,HERMOSA
2021,20,ROBBERY,40,HERMOSA
2021,20,SEX OFFENSE,13,HERMOSA
2021,20,STALKING,2,HERMOSA
2021,20,THEFT,247,HERMOSA
2021,20,WEAPONS VIOLATION,57,HERMOSA
2021,21,ARSON,1,AVONDALE
2021,21,ASSAULT,125,AVONDALE
2021,21,BATTERY,275,AVONDALE
2021,21,BURGLARY,68,AVONDALE
2021,21,CRIMINAL DAMAGE,196,AVONDALE
2021,21,CRIMINAL SEXUAL ASSAULT,13,AVONDALE
2021,21,CRIMINAL TRESPASS,32,AVONDALE
2021,21,DECEPTIVE PRACTICE,166,AVONDALE
2021,21,HOMICIDE,3,AVONDALE
2021,21,INTERFERENCE WITH PUBLIC OFFICER,2,AVONDALE
2021,21,INTIMIDATION,1,AVONDALE
2021,21,MOTOR VEHICLE THEFT,85,AVONDALE
2021,21,NARCOTICS,13,AVONDALE
2021,21,OFFENSE INVOLVING CHILDREN,16,AVONDALE
2021,21,OTHER OFFENSE,110,AVONDALE
2021,21,PUBLIC PEACE VIOLATION,4,AVONDALE
2021,21,ROBBERY,72,AVONDALE
2021,21,SEX OFFENSE,8,AVONDALE
2021,21,THEFT,386,AVONDALE
2021,21,WEAPONS VIOLATION,25,AVONDALE
2021,22,ARSON,6,LOGAN SQUARE
2021,22,ASSAULT,265,LOGAN SQUARE
2021,22,BATTERY,533,LOGAN SQUARE
2021,22,BURGLARY,181,LOGAN SQUARE
2021,22,CONCEALED CARRY LICENSE VIOLATION,1,LOGAN SQUARE
2021,22,CRIMINAL DAMAGE,455,LOGAN SQUARE
2021,22,CRIMINAL SEXUAL ASSAULT,30,LOGAN SQUARE
2021,22,CRIMINAL TRESPASS,66,LOGAN SQUARE
2021,22,DECEPTIVE PRACTICE,338,LOGAN SQUARE
2021,22,HOMICIDE,7,LOGAN SQUARE
2021,22,INTERFERENCE WITH PUBLIC OFFICER,2,LOGAN SQUARE
2021,22,INTIMIDATION,3,LOGAN SQUARE
2021,22,KIDNAPPING,2,LOGAN SQUARE
2021,22,LIQUOR LAW VIOLATION,9,LOGAN SQUARE
2021,22,MOTOR VEHICLE THEFT,123,LOGAN SQUARE
2021,22,NARCOTICS,42,LOGAN SQUARE
2021,22,OBSCENITY,1,LOGAN SQUARE
2021,22,OFFENSE INVOLVING CHILDREN,22,LOGAN SQUARE
2021,22,OTHER OFFENSE,255,LOGAN SQUARE
2021,22,PUBLIC PEACE VIOLATION,7,LOGAN SQUARE
2021,22,ROBBERY,139,LOGAN SQUARE
2021,22,SEX OFFENSE,24,LOGAN SQUARE
2021,22,STALKING,13,LOGAN SQUARE
2021,22,THEFT,1048,LOGAN SQUARE
2021,22,WEAPONS VIOLATION,54,LOGAN SQUARE
2021,23,ARSON,25,HUMBOLDT PARK
2021,23,ASSAULT,574,HUMBOLDT PARK
2021,23,BATTERY,1179,HUMBOLDT PARK
2021,23,BURGLARY,236,HUMBOLDT PARK
2021,23,CONCEALED CARRY LICENSE VIOLATION,5,HUMBOLDT PARK
2021,23,CRIMINAL DAMAGE,727,HUMBOLDT PARK
2021,23,CRIMINAL SEXUAL ASSAULT,33,HUMBOLDT PARK
2021,23,CRIMINAL TRESPASS,92,HUMBOLDT PARK
2021,23,DECEPTIVE PRACTICE,286,HUMBOLDT PARK
2021,23,HOMICIDE,35,HUMBOLDT PARK
2021,23,INTERFERENCE WITH PUBLIC OFFICER,17,HUMBOLDT PARK
2021,23,INTIMIDATION,1,HUMBOLDT PARK
2021,23,KIDNAPPING,2,HUMBOLDT PARK
2021,23,LIQUOR LAW VIOLATION,3,HUMBOLDT PARK
2021,23,MOTOR VEHICLE THEFT,220,HUMBOLDT PARK
2021,23,NARCOTICS,847,HUMBOLDT PARK
2021,23,OBSCENITY,1,HUMBOLDT PARK
2021,23,OFFENSE INVOLVING CHILDREN,52,HUMBOLDT PARK
2021,23,OTHER OFFENSE,370,HUMBOLDT PARK
2021,23,PROSTITUTION,3,HUMBOLDT PARK
2021,23,PUBLIC PEACE VIOLATION,26,HUMBOLDT PARK
2021,23,ROBBERY,237,HUMBOLDT PARK
2021,23,SEX OFFENSE,28,HUMBOLDT PARK
2021,23,STALKING,4,HUMBOLDT PARK
2021,23,THEFT,794,HUMBOLDT PARK
2021,23,WEAPONS VIOLATION,328,HUMBOLDT PARK
2021,24,ARSON,8,WEST TOWN
2021,24,ASSAULT,387,WEST TOWN
2021,24,BATTERY,705,WEST TOWN
2021,24,BURGLARY,253,WEST TOWN
2021,24,CONCEALED CARRY LICENSE VIOLATION,1,WEST TOWN
2021,24,CRIMINAL DAMAGE,582,WEST TOWN
2021,24,CRIMINAL SEXUAL ASSAULT,45,WEST TOWN
2021,24,CRIMINAL TRESPASS,90,WEST TOWN
2021,24,DECEPTIVE PRACTICE,456,WEST TOWN
2021,24,GAMBLING,1,WEST TOWN
2021,24,HOMICIDE,11,WEST TOWN
2021,24,INTERFERENCE WITH PUBLIC OFFICER,3,WEST TOWN
2021,24,INTIMIDATION,2,WEST TOWN
2021,24,LIQUOR LAW VIOLATION,13,WEST TOWN
2021,24,MOTOR VEHICLE THEFT,386,WEST TOWN
2021,24,NARCOTICS,61,WEST TOWN
2021,24,OBSCENITY,1,WEST TOWN
2021,24,OFFENSE INVOLVING CHILDREN,24,WEST TOWN
2021,24,OTHER OFFENSE,250,WEST TOWN
2021,24,PUBLIC PEACE VIOLATION,17,WEST TOWN
2021,24,ROBBERY,361,WEST TOWN
2021,24,SEX OFFENSE,31,WEST TOWN
2021,24,STALKING,7,WEST TOWN
2021,24,THEFT,1890,WEST TOWN
2021,24,WEAPONS VIOLATION,84,WEST TOWN
2021,25,ARSON,44,AUSTIN
2021,25,ASSAULT,1197,AUSTIN
2021,25,BATTERY,2661,AUSTIN
2021,25,BURGLARY,317,AUSTIN
2021,25,CONCEALED CARRY LICENSE VIOLATION,3,AUSTIN
2021,25,CRIMINAL DAMAGE,1457,AUSTIN
2021,25,CRIMINAL SEXUAL ASSAULT,79,AUSTIN
2021,25,CRIMINAL TRESPASS,132,AUSTIN
2021,25,DECEPTIVE PRACTICE,834,AUSTIN
2021,25,GAMBLING,1,AUSTIN
2021,25,HOMICIDE,72,AUSTIN
2021,25,HUMAN TRAFFICKING,1,AUSTIN
2021,25,INTERFERENCE WITH PUBLIC OFFICER,30,AUSTIN
2021,25,INTIMIDATION,8,AUSTIN
2021,25,KIDNAPPING,4,AUSTIN
2021,25,LIQUOR LAW VIOLATION,9,AUSTIN
2021,25,MOTOR VEHICLE THEFT,602,AUSTIN
2021,25,NARCOTICS,462,AUSTIN
2021,25,OBSCENITY,1,AUSTIN
2021,25,OFFENSE INVOLVING CHILDREN,113,AUSTIN
2021,25,OTHER OFFENSE,874,AUSTIN
2021,25,PROSTITUTION,22,AUSTIN
2021,25,PUBLIC PEACE VIOLATION,23,AUSTIN
2021,25,ROBBERY,528,AUSTIN
2021,25,SEX OFFENSE,59,AUSTIN
2021,25,STALKING,14,AUSTIN
2021,25,THEFT,1529,AUSTIN
2021,25,WEAPONS VIOLATION,679,AUSTIN
2021,26,ARSON,22,WEST GARFIELD PARK
2021,26,ASSAULT,365,WEST GARFIELD PARK
2021,26,BATTERY,892,WEST GARFIELD PARK
2021,26,BURGLARY,69,WEST GARFIELD PARK
2021,26,CRIMINAL DAMAGE,495,WEST GARFIELD PARK
2021,26,CRIMINAL SEXUAL ASSAULT,30,WEST GARFIELD PARK
2021,26,CRIMINAL TRESPASS,47,WEST GARFIELD PARK
2021,26,DECEPTIVE PRACTICE,147,WEST GARFIELD PARK
2021,26,HOMICIDE,38,WEST GARFIELD PARK
2021,26,INTERFERENCE WITH PUBLIC OFFICER,11,WEST GARFIELD PARK
2021,26,INTIMIDATION,1,WEST GARFIELD PARK
2021,26,KIDNAPPING,2,WEST GARFIELD PARK
2021,26,LIQUOR LAW VIOLATION,5,WEST GARFIELD PARK
2021,26,MOTOR VEHICLE THEFT,193,WEST GARFIELD PARK
2021,26,NARCOTICS,777,WEST GARFIELD PARK
2021,26,OFFENSE INVOLVING CHILDREN,36,WEST GARFIELD PARK
2021,26,OTHER OFFENSE,198,WEST GARFIELD PARK
2021,26,PROSTITUTION,40,WEST GARFIELD PARK
2021,26,PUBLIC PEACE VIOLATION,13,WEST GARFIELD PARK
2021,26,ROBBERY,207,WEST GARFIELD PARK
2021,26,SEX OFFENSE,10,WEST GARFIELD PARK
2021,26,STALKING,5,WEST GARFIELD PARK
2021,26,THEFT,391,WEST GARFIELD PARK
2021,26,WEAPONS VIOLATION,359,WEST GARFIELD PARK
2021,27,ARSON,8,EAST GARFIELD PARK
2021,27,ASSAULT,403,EAST GARFIELD PARK
2021,27,BATTERY,841,EAST GARFIELD PARK
2021,27,BURGLARY,77,EAST GARFIELD PARK
2021,27,CONCEALED CARRY LICENSE VIOLATION,1,EAST GARFIELD PARK
2021,27,CRIMINAL DAMAGE,468,EAST GARFIELD PARK
2021,27,CRIMINAL SEXUAL ASSAULT,29,EAST GARFIELD PARK
2021,27,CRIMINAL TRESPASS,51,EAST GARFIELD PARK
2021,27,DECEPTIVE PRACTICE,173,EAST GARFIELD PARK
2021,27,HOMICIDE,31,EAST GARFIELD PARK
2021,27,INTERFERENCE WITH PUBLIC OFFICER,15,EAST GARFIELD PARK
2021,27,INTIMIDATION,2,EAST GARFIELD PARK
2021,27,KIDNAPPING,2,EAST GARFIELD PARK
2021,27,LIQUOR LAW VIOLATION,1,EAST GARFIELD PARK
2021,27,MOTOR VEHICLE THEFT,173,EAST GARFIELD PARK
2021,27,NARCOTICS,381,EAST GARFIELD PARK
2021,27,OFFENSE INVOLVING CHILDREN,18,EAST GARFIELD PARK
2021,27,OTHER OFFENSE,216,EAST GARFIELD PARK
2021,27,PROSTITUTION,1,EAST GARFIELD PARK
2021,27,PUBLIC PEACE VIOLATION,9,EAST GARFIELD PARK
2021,27,ROBBERY,152,EAST GARFIELD PARK
2021,27,SEX OFFENSE,10,EAST GARFIELD PARK
2021,27,STALKING,5,EAST GARFIELD PARK
2021,27,THEFT,457,EAST GARFIELD PARK
2021,27,WEAPONS VIOLATION,231,EAST GARFIELD PARK
2021,28,ARSON,7,NEAR WEST SIDE
2021,28,ASSAULT,573,NEAR WEST SIDE
2021,28,BATTERY,1090,NEAR WEST SIDE
2021,28,BURGLARY,129,NEAR WEST SIDE
2021,28,CONCEALED CARRY LICENSE VIOLATION,5,NEAR WEST SIDE
2021,28,CRIMINAL DAMAGE,739,NEAR WEST SIDE
2021,28,CRIMINAL SEXUAL ASSAULT,45,NEAR WEST SIDE
2021,28,CRIMINAL TRESPASS,124,NEAR WEST SIDE
2021,28,DECEPTIVE PRACTICE,576,NEAR WEST SIDE
2021,28,HOMICIDE,21,NEAR WEST SIDE
2021,28,HUMAN TRAFFICKING,1,NEAR WEST SIDE
2021,28,INTERFERENCE WITH PUBLIC OFFICER,12,NEAR WEST SIDE
2021,28,KIDNAPPING,2,NEAR WEST SIDE
2021,28,LIQUOR LAW VIOLATION,7,NEAR WEST SIDE
2021,28,MOTOR VEHICLE THEFT,470,NEAR WEST SIDE
2021,28,NARCOTICS,89,NEAR WEST SIDE
2021,28,NON-CRIMINAL,1,NEAR WEST SIDE
2021,28,OFFENSE INVOLVING CHILDREN,35,NEAR WEST SIDE
2021,28,OTHER NARCOTIC VIOLATION,1,NEAR WEST SIDE
2021,28,OTHER OFFENSE,376,NEAR WEST SIDE
2021,28,PROSTITUTION,1,NEAR WEST SIDE
2021,28,PUBLIC PEACE VIOLATION,25,NEAR WEST SIDE
2021,28,ROBBERY,315,NEAR WEST SIDE
2021,28,SEX OFFENSE,35,NEAR WEST SIDE
2021,28,STALKING,13,NEAR WEST SIDE
2021,28,THEFT,2158,NEAR WEST SIDE
2021,28,WEAPONS VIOLATION,110,NEAR WEST SIDE
2021,29,ARSON,24,NORTH LAWNDALE
2021,29,ASSAULT,658,NORTH LAWNDALE
2021,29,BATTERY,1447,NORTH LAWNDALE
2021,29,BURGLARY,138,NORTH LAWNDALE
2021,29,CONCEALED CARRY LICENSE VIOLATION,4,NORTH LAWNDALE
2021,29,CRIMINAL DAMAGE,789,NORTH LAWNDALE
2021,29,CRIMINAL SEXUAL ASSAULT,47,NORTH LAWNDALE
2021,29,CRIMINAL TRESPASS,75,NORTH LAWNDALE
2021,29,DECEPTIVE PRACTICE,320,NORTH LAWNDALE
2021,29,HOMICIDE,45,NORTH LAWNDALE
2021,29,HUMAN TRAFFICKING,1,NORTH LAWNDALE
2021,29,INTERFERENCE WITH PUBLIC OFFICER,20,NORTH LAWNDALE
2021,29,INTIMIDATION,1,NORTH LAWNDALE
2021,29,KIDNAPPING,6,NORTH LAWNDALE
2021,29,LIQUOR LAW VIOLATION,3,NORTH LAWNDALE
2021,29,MOTOR VEHICLE THEFT,296,NORTH LAWNDALE
2021,29,NARCOTICS,691,NORTH LAWNDALE
2021,29,NON-CRIMINAL,2,NORTH LAWNDALE
2021,29,OFFENSE INVOLVING CHILDREN,52,NORTH LAWNDALE
2021,29,OTHER OFFENSE,441,NORTH LAWNDALE
2021,29,PROSTITUTION,4,NORTH LAWNDALE
2021,29,PUBLIC PEACE VIOLATION,18,NORTH LAWNDALE
2021,29,ROBBERY,300,NORTH LAWNDALE
2021,29,SEX OFFENSE,25,NORTH LAWNDALE
2021,29,STALKING,10,NORTH LAWNDALE
2021,29,THEFT,798,NORTH LAWNDALE
2021,29,WEAPONS VIOLATION,479,NORTH LAWNDALE
2021,30,ARSON,17,SOUTH LAWNDALE
2021,30,ASSAULT,363,SOUTH LAWNDALE
2021,30,BATTERY,783,SOUTH LAWNDALE
2021,30,BURGLARY,71,SOUTH LAWNDALE
2021,30,CONCEALED CARRY LICENSE VIOLATION,1,SOUTH LAWNDALE
2021,30,CRIMINAL DAMAGE,480,SOUTH LAWNDALE
2021,30,CRIMINAL SEXUAL ASSAULT,29,SOUTH LAWNDALE
2021,30,CRIMINAL TRESPASS,45,SOUTH LAWNDALE
2021,30,DECEPTIVE PRACTICE,218,SOUTH LAWNDALE
2021,30,HOMICIDE,20,SOUTH LAWNDALE
2021,30,INTERFERENCE WITH PUBLIC OFFICER,2,SOUTH LAWNDALE
2021,30,INTIMIDATION,4,SOUTH LAWNDALE
2021,30,LIQUOR LAW VIOLATION,3,SOUTH LAWNDALE
2021,30,MOTOR VEHICLE THEFT,149,SOUTH LAWNDALE
2021,30,NARCOTICS,44,SOUTH LAWNDALE
2021,30,OBSCENITY,1,SOUTH LAWNDALE
2021,30,OFFENSE INVOLVING CHILDREN,41,SOUTH LAWNDALE
2021,30,OTHER OFFENSE,206,SOUTH LAWNDALE
2021,30,PUBLIC INDECENCY,1,SOUTH LAWNDALE
2021,30,PUBLIC PEACE VIOLATION,9,SOUTH LAWNDALE
2021,30,ROBBERY,144,SOUTH LAWNDALE
2021,30,SEX OFFENSE,25,SOUTH LAWNDALE
2021,30,STALKING,1,SOUTH LAWNDALE
2021,30,THEFT,457,SOUTH LAWNDALE
2021,30,WEAPONS VIOLATION,227,SOUTH LAWNDALE
2021,31,ARSON,6,LOWER WEST SIDE
2021,31,ASSAULT,241,LOWER WEST SIDE
2021,31,BATTERY,408,LOWER WEST SIDE
2021,31,BURGLARY,83,LOWER WEST SIDE
2021,31,CONCEALED CARRY LICENSE VIOLATION,2,LOWER WEST SIDE
2021,31,CRIMINAL DAMAGE,294,LOWER WEST SIDE
2021,31,CRIMINAL SEXUAL ASSAULT,23,LOWER WEST SIDE
2021,31,CRIMINAL TRESPASS,31,LOWER WEST SIDE
2021,31,DECEPTIVE PRACTICE,171,LOWER WEST SIDE
2021,31,HOMICIDE,11,LOWER WEST SIDE
2021,31,LIQUOR LAW VIOLATION,5,LOWER WEST SIDE
2021,31,MOTOR VEHICLE THEFT,132,LOWER WEST SIDE
2021,31,NARCOTICS,28,LOWER WEST SIDE
2021,31,OFFENSE INVOLVING CHILDREN,19,LOWER WEST SIDE
2021,31,OTHER OFFENSE,118,LOWER WEST SIDE
2021,31,PUBLIC PEACE VIOLATION,12,LOWER WEST SIDE
2021,31,ROBBERY,109,LOWER WEST SIDE
2021,31,SEX OFFENSE,11,LOWER WEST SIDE
2021,31,STALKING,5,LOWER WEST SIDE
2021,31,THEFT,447,LOWER WEST SIDE
2021,31,WEAPONS VIOLATION,72,LOWER WEST SIDE
2021,32,ARSON,7,LOOP
2021,32,ASSAULT,351,LOOP
2021,32,BATTERY,856,LOOP
2021,32,BURGLARY,51,LOOP
2021,32,CONCEALED CARRY LICENSE VIOLATION,4,LOOP
2021,32,CRIMINAL DAMAGE,341,LOOP
2021,32,CRIMINAL SEXUAL ASSAULT,54,LOOP
2021,32,CRIMINAL TRESPASS,181,LOOP
2021,32,DECEPTIVE PRACTICE,580,LOOP
2021,32,HOMICIDE,4,LOOP
2021,32,INTERFERENCE WITH PUBLIC OFFICER,8,LOOP
2021,32,INTIMIDATION,2,LOOP
2021,32,LIQUOR LAW VIOLATION,2,LOOP
2021,32,MOTOR VEHICLE THEFT,272,LOOP
2021,32,NARCOTICS,50,LOOP
2021,32,OBSCENITY,1,LOOP
2021,32,OFFENSE INVOLVING CHILDREN,5,LOOP
2021,32,OTHER OFFENSE,214,LOOP
2021,32,PUBLIC PEACE VIOLATION,53,LOOP
2021,32,ROBBERY,236,LOOP
2021,32,SEX OFFENSE,35,LOOP
2021,32,STALKING,7,LOOP
2021,32,THEFT,2196,LOOP
2021,32,WEAPONS VIOLATION,97,LOOP
2021,33,ASSAULT,180,NEAR SOUTH SIDE
2021,33,BATTERY,347,NEAR SOUTH SIDE
2021,33,BURGLARY,37,NEAR SOUTH SIDE
2021,33,CONCEALED CARRY LICENSE VIOLATION,2,NEAR SOUTH SIDE
2021,33,CRIMINAL DAMAGE,150,NEAR SOUTH SIDE
2021,33,CRIMINAL SEXUAL ASSAULT,15,NEAR SOUTH SIDE
2021,33,CRIMINAL TRESPASS,49,NEAR SOUTH SIDE
2021,33,DECEPTIVE PRACTICE,191,NEAR SOUTH SIDE
2021,33,HOMICIDE,2,NEAR SOUTH SIDE
2021,33,INTERFERENCE WITH PUBLIC OFFICER,2,NEAR SOUTH SIDE
2021,33,INTIMIDATION,1,NEAR SOUTH SIDE
2021,33,KIDNAPPING,1,NEAR SOUTH SIDE
2021,33,LIQUOR LAW VIOLATION,5,NEAR SOUTH SIDE
2021,33,MOTOR VEHICLE THEFT,214,NEAR SOUTH SIDE
2021,33,NARCOTICS,13,NEAR SOUTH SIDE
2021,33,OBSCENITY,1,NEAR SOUTH SIDE
2021,33,OFFENSE INVOLVING CHILDREN,20,NEAR SOUTH SIDE
2021,33,OTHER OFFENSE,122,NEAR SOUTH SIDE
2021,33,PUBLIC PEACE VIOLATION,10,NEAR SOUTH SIDE
2021,33,ROBBERY,69,NEAR SOUTH SIDE
2021,33,SEX OFFENSE,11,NEAR SOUTH SIDE
2021,33,STALKING,5,NEAR SOUTH SIDE
2021,33,THEFT,351,NEAR SOUTH SIDE
2021,33,WEAPONS VIOLATION,44,NEAR SOUTH SIDE
2021,34,ARSON,3,ARMOUR SQUARE
2021,34,ASSAULT,74,ARMOUR SQUARE
2021,34,BATTERY,148,ARMOUR SQUARE
2021,34,BURGLARY,50,ARMOUR SQUARE
2021,34,CRIMINAL DAMAGE,114,ARMOUR SQUARE
2021,34,CRIMINAL SEXUAL ASSAULT,4,ARMOUR SQUARE
2021,34,CRIMINAL TRESPASS,17,ARMOUR SQUARE
2021,34,DECEPTIVE PRACTICE,68,ARMOUR SQUARE
2021,34,HOMICIDE,5,ARMOUR SQUARE
2021,34,INTERFERENCE WITH PUBLIC OFFICER,1,ARMOUR SQUARE
2021,34,LIQUOR LAW VIOLATION,2,ARMOUR SQUARE
2021,34,MOTOR VEHICLE THEFT,84,ARMOUR SQUARE
2021,34,NARCOTICS,6,ARMOUR SQUARE
2021,34,OFFENSE INVOLVING CHILDREN,3,ARMOUR SQUARE
2021,34,OTHER OFFENSE,29,ARMOUR SQUARE
2021,34,PUBLIC PEACE VIOLATION,3,ARMOUR SQUARE
2021,34,ROBBERY,116,ARMOUR SQUARE
2021,34,SEX OFFENSE,2,ARMOUR SQUARE
2021,34,STALKING,1,ARMOUR SQUARE
2021,34,THEFT,173,ARMOUR SQUARE
2021,34,WEAPONS VIOLATION,27,ARMOUR SQUARE
2021,35,ARSON,2,DOUGLAS
2021,35,ASSAULT,246,DOUGLAS
2021,35,BATTERY,459,DOUGLAS
2021,35,BURGLARY,36,DOUGLAS
2021,35,CONCEALED CARRY LICENSE VIOLATION,1,DOUGLAS
2021,35,CRIMINAL DAMAGE,212,DOUGLAS
2021,35,CRIMINAL SEXUAL ASSAULT,15,DOUGLAS
2021,35,CRIMINAL TRESPASS,32,DOUGLAS
2021,35,DECEPTIVE PRACTICE,194,DOUGLAS
2021,35,HOMICIDE,7,DOUGLAS
2021,35,INTERFERENCE WITH PUBLIC OFFICER,8,DOUGLAS
2021,35,INTIMIDATION,3,DOUGLAS
2021,35,KIDNAPPING,1,DOUGLAS
2021,35,LIQUOR LAW VIOLATION,2,DOUGLAS
2021,35,MOTOR VEHICLE THEFT,175,DOUGLAS
2021,35,NARCOTICS,30,DOUGLAS
2021,35,OBSCENITY,1,DOUGLAS
2021,35,OFFENSE INVOLVING CHILDREN,17,DOUGLAS
2021,35,OTHER OFFENSE,173,DOUGLAS
2021,35,PUBLIC PEACE VIOLATION,7,DOUGLAS
2021,35,ROBBERY,84,DOUGLAS
2021,35,SEX OFFENSE,13,DOUGLAS
2021,35,STALKING,11,DOUGLAS
2021,35,THEFT,477,DOUGLAS
2021,35,WEAPONS VIOLATION,79,DOUGLAS
2021,36,ARSON,1,OAKLAND
2021,36,ASSAULT,64,OAKLAND
2021,36,BATTERY,121,OAKLAND
2021,36,BURGLARY,15,OAKLAND
2021,36,CONCEALED CARRY LICENSE VIOLATION,1,OAKLAND
2021,36,CRIMINAL DAMAGE,72,OAKLAND
2021,36,CRIMINAL SEXUAL ASSAULT,2,OAKLAND
2021,36,CRIMINAL TRESPASS,8,OAKLAND
2021,36,DECEPTIVE PRACTICE,67,OAKLAND
2021,36,HOMICIDE,3,OAKLAND
2021,36,INTERFERENCE WITH PUBLIC OFFICER,1,OAKLAND
2021,36,KIDNAPPING,1,OAKLAND
2021,36,MOTOR VEHICLE THEFT,32,OAKLAND
2021,36,NARCOTICS,2,OAKLAND
2021,36,OFFENSE INVOLVING CHILDREN,7,OAKLAND
2021,36,OTHER OFFENSE,52,OAKLAND
2021,36,PUBLIC PEACE VIOLATION,3,OAKLAND
2021,36,ROBBERY,32,OAKLAND
2021,36,STALKING,3,OAKLAND
2021,36,THEFT,90,OAKLAND
2021,36,WEAPONS VIOLATION,16,OAKLAND
2021,37,ARSON,3,FULLER PARK
2021,37,ASSAULT,75,FULLER PARK
2021,37,BATTERY,119,FULLER PARK
2021,37,BURGLARY,7,FULLER PARK
2021,37,CRIMINAL DAMAGE,72,FULLER PARK
2021,37,CRIMINAL SEXUAL ASSAULT,1,FULLER PARK
2021,37,CRIMINAL TRESPASS,5,FULLER PARK
2021,37,DECEPTIVE PRACTICE,40,FULLER PARK
2021,37,HOMICIDE,4,FULLER PARK
2021,37,INTERFERENCE WITH PUBLIC OFFICER,1,FULLER PARK
2021,37,MOTOR VEHICLE THEFT,40,FULLER PARK
2021,37,NARCOTICS,15,FULLER PARK
2021,37,OFFENSE INVOLVING CHILDREN,3,FULLER PARK
2021,37,OTHER OFFENSE,38,FULLER PARK
2021,37,PUBLIC PEACE VIOLATION,1,FULLER PARK
2021,37,ROBBERY,30,FULLER PARK
2021,37,SEX OFFENSE,2,FULLER PARK
2021,37,STALKING,1,FULLER PARK
2021,37,THEFT,75,FULLER PARK
2021,37,WEAPONS VIOLATION,29,FULLER PARK
2021,38,ARSON,7,GRAND BOULEVARD
2021,38,ASSAULT,334,GRAND BOULEVARD
2021,38,BATTERY,549,GRAND BOULEVARD
2021,38,BURGLARY,69,GRAND BOULEVARD
2021,38,CONCEALED CARRY LICENSE VIOLATION,1,GRAND BOULEVARD
2021,38,CRIMINAL DAMAGE,360,GRAND BOULEVARD
2021,38,CRIMINAL SEXUAL ASSAULT,22,GRAND BOULEVARD
2021,38,CRIMINAL TRESPASS,44,GRAND BOULEVARD
2021,38,DECEPTIVE PRACTICE,223,GRAND BOULEVARD
2021,38,GAMBLING,1,GRAND BOULEVARD
2021,38,HOMICIDE,16,GRAND BOULEVARD
2021,38,INTERFERENCE WITH PUBLIC OFFICER,4,GRAND BOULEVARD
2021,38,INTIMIDATION,2,GRAND BOULEVARD
2021,38,LIQUOR LAW VIOLATION,1,GRAND BOULEVARD
2021,38,MOTOR VEHICLE THEFT,164,GRAND BOULEVARD
2021,38,NARCOTICS,37,GRAND BOULEVARD
2021,38,OFFENSE INVOLVING CHILDREN,27,GRAND BOULEVARD
2021,38,OTHER OFFENSE,233,GRAND BOULEVARD
2021,38,PROSTITUTION,10,GRAND BOULEVARD
2021,38,PUBLIC PEACE VIOLATION,3,GRAND BOULEVARD
2021,38,ROBBERY,100,GRAND BOULEVARD
2021,38,SEX OFFENSE,14,GRAND BOULEVARD
2021,38,STALKING,3,GRAND BOULEVARD
2021,38,THEFT,452,GRAND BOULEVARD
2021,38,WEAPONS VIOLATION,138,GRAND BOULEVARD
2021,39,ARSON,1,KENWOOD
2021,39,ASSAULT,132,KENWOOD
2021,39,BATTERY,232,KENWOOD
2021,39,BURGLARY,28,KENWOOD
2021,39,CRIMINAL DAMAGE,134,KENWOOD
2021,39,CRIMINAL SEXUAL ASSAULT,10,KENWOOD
2021,39,CRIMINAL TRESPASS,23,KENWOOD
2021,39,DECEPTIVE PRACTICE,127,KENWOOD
2021,39,HOMICIDE,2,KENWOOD
2021,39,INTERFERENCE WITH PUBLIC OFFICER,1,KENWOOD
2021,39,KIDNAPPING,2,KENWOOD
2021,39,MOTOR VEHICLE THEFT,92,KENWOOD
2021,39,NARCOTICS,6,KENWOOD
2021,39,OFFENSE INVOLVING CHILDREN,13,KENWOOD
2021,39,OTHER OFFENSE,116,KENWOOD
2021,39,PUBLIC PEACE VIOLATION,2,KENWOOD
2021,39,ROBBERY,74,KENWOOD
2021,39,SEX OFFENSE,4,KENWOOD
2021,39,STALKING,4,KENWOOD
2021,39,THEFT,294,KENWOOD
2021,39,WEAPONS VIOLATION,31,KENWOOD
2021,40,ARSON,2,WASHINGTON PARK
2021,40,ASSAULT,244,WASHINGTON PARK
2021,40,BATTERY,485,WASHINGTON PARK
2021,40,BURGLARY,57,WASHINGTON PARK
2021,40,CRIMINAL DAMAGE,243,WASHINGTON PARK
2021,40,CRIMINAL SEXUAL ASSAULT,10,WASHINGTON PARK
2021,40,CRIMINAL TRESPASS,27,WASHINGTON PARK
2021,40,DECEPTIVE PRACTICE,135,WASHINGTON PARK
2021,40,HOMICIDE,9,WASHINGTON PARK
2021,40,HUMAN TRAFFICKING,2,WASHINGTON PARK
2021,40,INTERFERENCE WITH PUBLIC OFFICER,1,WASHINGTON PARK
2021,40,INTIMIDATION,1,WASHINGTON PARK
2021,40,KIDNAPPING,1,WASHINGTON PARK
2021,40,LIQUOR LAW VIOLATION,1,WASHINGTON PARK
2021,40,MOTOR VEHICLE THEFT,123,WASHINGTON PARK
2021,40,NARCOTICS,19,WASHINGTON PARK
2021,40,OBSCENITY,1,WASHINGTON PARK
2021,40,OFFENSE INVOLVING CHILDREN,21,WASHINGTON PARK
2021,40,OTHER OFFENSE,172,WASHINGTON PARK
2021,40,PUBLIC PEACE VIOLATION,1,WASHINGTON PARK
2021,40,ROBBERY,55,WASHINGTON PARK
2021,40,SEX OFFENSE,7,WASHINGTON PARK
2021,40,STALKING,5,WASHINGTON PARK
2021,40,THEFT,241,WASHINGTON PARK
2021,40,WEAPONS VIOLATION,103,WASHINGTON PARK
2021,41,ARSON,3,HYDE PARK
2021,41,ASSAULT,137,HYDE PARK
2021,41,BATTERY,234,HYDE PARK
2021,41,BURGLARY,50,HYDE PARK
2021,41,CRIMINAL DAMAGE,136,HYDE PARK
2021,41,CRIMINAL SEXUAL ASSAULT,19,HYDE PARK
2021,41,CRIMINAL TRESPASS,20,HYDE PARK
2021,41,DECEPTIVE PRACTICE,172,HYDE PARK
2021,41,HOMICIDE,5,HYDE PARK
2021,41,MOTOR VEHICLE THEFT,111,HYDE PARK
2021,41,NARCOTICS,2,HYDE PARK
2021,41,OBSCENITY,2,HYDE PARK
2021,41,OFFENSE INVOLVING CHILDREN,12,HYDE PARK
2021,41,OTHER OFFENSE,95,HYDE PARK
2021,41,PUBLIC PEACE VIOLATION,2,HYDE PARK
2021,41,ROBBERY,97,HYDE PARK
2021,41,SEX OFFENSE,17,HYDE PARK
2021,41,STALKING,3,HYDE PARK
2021,41,THEFT,585,HYDE PARK
2021,41,WEAPONS VIOLATION,19,HYDE PARK
2021,42,ARSON,4,WOODLAWN
2021,42,ASSAULT,330,WOODLAWN
2021,42,BATTERY,612,WOODLAWN
2021,42,BURGLARY,90,WOODLAWN
2021,42,CONCEALED CARRY LICENSE VIOLATION,1,WOODLAWN
2021,42,CRIMINAL DAMAGE,337,WOODLAWN
2021,42,CRIMINAL SEXUAL ASSAULT,24,WOODLAWN
2021,42,CRIMINAL TRESPASS,52,WOODLAWN
2021,42,DECEPTIVE PRACTICE,200,WOODLAWN
2021,42,HOMICIDE,18,WOODLAWN
2021,42,INTERFERENCE WITH PUBLIC OFFICER,2,WOODLAWN
2021,42,KIDNAPPING,5,WOODLAWN
2021,42,MOTOR VEHICLE THEFT,162,WOODLAWN
2021,42,NARCOTICS,40,WOODLAWN
2021,42,OBSCENITY,2,WOODLAWN
2021,42,OFFENSE INVOLVING CHILDREN,43,WOODLAWN
2021,42,OTHER OFFENSE,215,WOODLAWN
2021,42,PUBLIC PEACE VIOLATION,10,WOODLAWN
2021,42,ROBBERY,86,WOODLAWN
2021,42,SEX OFFENSE,16,WOODLAWN
2021,42,STALKING,5,WOODLAWN
2021,42,THEFT,460,WOODLAWN
2021,42,WEAPONS VIOLATION,166,WOODLAWN
2021,43,ARSON,12,SOUTH SHORE
2021,43,ASSAULT,906,SOUTH SHORE
2021,43,BATTERY,1768,SOUTH SHORE
2021,43,BURGLARY,255,SOUTH SHORE
2021,43,CONCEALED CARRY LICENSE VIOLATION,3,SOUTH SHORE
2021,43,CRIMINAL DAMAGE,1070,SOUTH SHORE
2021,43,CRIMINAL SEXUAL ASSAULT,63,SOUTH SHORE
2021,43,CRIMINAL TRESPASS,83,SOUTH SHORE
2021,43,DECEPTIVE PRACTICE,486,SOUTH SHORE
2021,43,GAMBLING,1,SOUTH SHORE
2021,43,HOMICIDE,38,SOUTH SHORE
2021,43,INTERFERENCE WITH PUBLIC OFFICER,5,SOUTH SHORE
2021,43,INTIMIDATION,4,SOUTH SHORE
2021,43,KIDNAPPING,3,SOUTH SHORE
2021,43,LIQUOR LAW VIOLATION,4,SOUTH SHORE
2021,43,MOTOR VEHICLE THEFT,351,SOUTH SHORE
2021,43,NARCOTICS,65,SOUTH SHORE
2021,43,OBSCENITY,1,SOUTH SHORE
2021,43,OFFENSE INVOLVING CHILDREN,87,SOUTH SHORE
2021,43,OTHER OFFENSE,553,SOUTH SHORE
2021,43,PUBLIC PEACE VIOLATION,16,SOUTH SHORE
2021,43,ROBBERY,300,SOUTH SHORE
2021,43,SEX OFFENSE,43,SOUTH SHORE
2021,43,STALKING,12,SOUTH SHORE
2021,43,THEFT,1015,SOUTH SHORE
2021,43,WEAPONS VIOLATION,335,SOUTH SHORE
2021,44,ARSON,18,CHATHAM
2021,44,ASSAULT,592,CHATHAM
2021,44,BATTERY,1153,CHATHAM
2021,44,BURGLARY,175,CHATHAM
2021,44,CONCEALED CARRY LICENSE VIOLATION,4,CHATHAM
2021,44,CRIMINAL DAMAGE,778,CHATHAM
2021,44,CRIMINAL SEXUAL ASSAULT,38,CHATHAM
2021,44,CRIMINAL TRESPASS,81,CHATHAM
2021,44,DECEPTIVE PRACTICE,317,CHATHAM
2021,44,HOMICIDE,27,CHATHAM
2021,44,INTERFERENCE WITH PUBLIC OFFICER,11,CHATHAM
2021,44,KIDNAPPING,2,CHATHAM
2021,44,LIQUOR LAW VIOLATION,1,CHATHAM
2021,44,MOTOR VEHICLE THEFT,294,CHATHAM
2021,44,NARCOTICS,59,CHATHAM
2021,44,OBSCENITY,1,CHATHAM
2021,44,OFFENSE INVOLVING CHILDREN,60,CHATHAM
2021,44,OTHER OFFENSE,346,CHATHAM
2021,44,PUBLIC PEACE VIOLATION,14,CHATHAM
2021,44,ROBBERY,210,CHATHAM
2021,44,SEX OFFENSE,26,CHATHAM
2021,44,STALKING,10,CHATHAM
2021,44,THEFT,909,CHATHAM
2021,44,WEAPONS VIOLATION,249,CHATHAM
2021,45,ARSON,4,AVALON PARK
2021,45,ASSAULT,118,AVALON PARK
2021,45,BATTERY,236,AVALON PARK
2021,45,BURGLARY,39,AVALON PARK
2021,45,CONCEALED CARRY LICENSE VIOLATION,1,AVALON PARK
2021,45,CRIMINAL DAMAGE,136,AVALON PARK
2021,45,CRIMINAL SEXUAL ASSAULT,8,AVALON PARK
2021,45,CRIMINAL TRESPASS,22,AVALON PARK
2021,45,DECEPTIVE PRACTICE,89,AVALON PARK
2021,45,HOMICIDE,7,AVALON PARK
2021,45,INTERFERENCE WITH PUBLIC OFFICER,2,AVALON PARK
2021,45,INTIMIDATION,1,AVALON PARK
2021,45,MOTOR VEHICLE THEFT,71,AVALON PARK
2021,45,NARCOTICS,10,AVALON PARK
2021,45,OBSCENITY,1,AVALON PARK
2021,45,OFFENSE INVOLVING CHILDREN,15,AVALON PARK
2021,45,OTHER OFFENSE,91,AVALON PARK
2021,45,ROBBERY,52,AVALON PARK
2021,45,SEX OFFENSE,5,AVALON PARK
2021,45,STALKING,1,AVALON PARK
2021,45,THEFT,134,AVALON PARK
2021,45,WEAPONS VIOLATION,90,AVALON PARK
2021,46,ARSON,13,SOUTH CHICAGO
2021,46,ASSAULT,470,SOUTH CHICAGO
2021,46,BATTERY,861,SOUTH CHICAGO
2021,46,BURGLARY,125,SOUTH CHICAGO
2021,46,CRIMINAL DAMAGE,527,SOUTH CHICAGO
2021,46,CRIMINAL SEXUAL ASSAULT,28,SOUTH CHICAGO
2021,46,CRIMINAL TRESPASS,57,SOUTH CHICAGO
2021,46,DECEPTIVE PRACTICE,229,SOUTH CHICAGO
2021,46,HOMICIDE,12,SOUTH CHICAGO
2021,46,INTERFERENCE WITH PUBLIC OFFICER,6,SOUTH CHICAGO
2021,46,INTIMIDATION,1,SOUTH CHICAGO
2021,46,KIDNAPPING,2,SOUTH CHICAGO
2021,46,LIQUOR LAW VIOLATION,3,SOUTH CHICAGO
2021,46,MOTOR VEHICLE THEFT,183,SOUTH CHICAGO
2021,46,NARCOTICS,32,SOUTH CHICAGO
2021,46,OBSCENITY,2,SOUTH CHICAGO
2021,46,OFFENSE INVOLVING CHILDREN,54,SOUTH CHICAGO
2021,46,OTHER OFFENSE,288,SOUTH CHICAGO
2021,46,PUBLIC PEACE VIOLATION,7,SOUTH CHICAGO
2021,46,ROBBERY,122,SOUTH CHICAGO
2021,46,SEX OFFENSE,15,SOUTH CHICAGO
2021,46,STALKING,7,SOUTH CHICAGO
2021,46,THEFT,500,SOUTH CHICAGO
2021,46,WEAPONS VIOLATION,160,SOUTH CHICAGO
2021,47,ASSAULT,35,BURNSIDE
2021,47,BATTERY,84,BURNSIDE
2021,47,BURGLARY,6,BURNSIDE
2021,47,CONCEALED CARRY LICENSE VIOLATION,1,BURNSIDE
2021,47,CRIMINAL DAMAGE,55,BURNSIDE
2021,47,CRIMINAL SEXUAL ASSAULT,2,BURNSIDE
2021,47,CRIMINAL TRESPASS,4,BURNSIDE
2021,47,DECEPTIVE PRACTICE,31,BURNSIDE
2021,47,MOTOR VEHICLE THEFT,22,BURNSIDE
2021,47,NARCOTICS,2,BURNSIDE
2021,47,OFFENSE INVOLVING CHILDREN,4,BURNSIDE
2021,47,OTHER OFFENSE,21,BURNSIDE
2021,47,ROBBERY,15,BURNSIDE
2021,47,SEX OFFENSE,1,BURNSIDE
2021,47,THEFT,29,BURNSIDE
2021,47,WEAPONS VIOLATION,17,BURNSIDE
2021,48,ARSON,3,CALUMET HEIGHTS
2021,48,ASSAULT,138,CALUMET HEIGHTS
2021,48,BATTERY,240,CALUMET HEIGHTS
2021,48,BURGLARY,35,CALUMET HEIGHTS
2021,48,CONCEALED CARRY LICENSE VIOLATION,1,CALUMET HEIGHTS
2021,48,CRIMINAL DAMAGE,163,CALUMET HEIGHTS
2021,48,CRIMINAL SEXUAL ASSAULT,12,CALUMET HEIGHTS
2021,48,CRIMINAL TRESPASS,14,CALUMET HEIGHTS
2021,48,DECEPTIVE PRACTICE,121,CALUMET HEIGHTS
2021,48,HOMICIDE,4,CALUMET HEIGHTS
2021,48,INTERFERENCE WITH PUBLIC OFFICER,1,CALUMET HEIGHTS
2021,48,INTIMIDATION,1,CALUMET HEIGHTS
2021,48,LIQUOR LAW VIOLATION,3,CALUMET HEIGHTS
2021,48,MOTOR VEHICLE THEFT,101,CALUMET HEIGHTS
2021,48,NARCOTICS,11,CALUMET HEIGHTS
2021,48,OFFENSE INVOLVING CHILDREN,8,CALUMET HEIGHTS
2021,48,OTHER OFFENSE,89,CALUMET HEIGHTS
2021,48,PUBLIC PEACE VIOLATION,2,CALUMET HEIGHTS
2021,48,ROBBERY,93,CALUMET HEIGHTS
2021,48,SEX OFFENSE,5,CALUMET HEIGHTS
2021,48,STALKING,2,CALUMET HEIGHTS
2021,48,THEFT,181,CALUMET HEIGHTS
2021,48,WEAPONS VIOLATION,102,CALUMET HEIGHTS
2021,49,ARSON,10,ROSELAND
2021,49,ASSAULT,632,ROSELAND
2021,49,BATTERY,1123,ROSELAND
2021,49,BURGLARY,206,ROSELAND
2021,49,CONCEALED CARRY LICENSE VIOLATION,2,ROSELAND
2021,49,CRIMINAL DAMAGE,777,ROSELAND
2021,49,CRIMINAL SEXUAL ASSAULT,36,ROSELAND
2021,49,CRIMINAL TRESPASS,84,ROSELAND
2021,49,DECEPTIVE PRACTICE,383,ROSELAND
2021,49,HOMICIDE,26,ROSELAND
2021,49,INTERFERENCE WITH PUBLIC OFFICER,14,ROSELAND
2021,49,KIDNAPPING,5,ROSELAND
2021,49,LIQUOR LAW VIOLATION,3,ROSELAND
2021,49,MOTOR VEHICLE THEFT,266,ROSELAND
2021,49,NARCOTICS,87,ROSELAND
2021,49,OBSCENITY,3,ROSELAND
2021,49,OFFENSE INVOLVING CHILDREN,63,ROSELAND
2021,49,OTHER OFFENSE,415,ROSELAND
2021,49,PUBLIC PEACE VIOLATION,6,ROSELAND
2021,49,ROBBERY,189,ROSELAND
2021,49,SEX OFFENSE,22,ROSELAND
2021,49,STALKING,7,ROSELAND
2021,49,THEFT,650,ROSELAND
2021,49,WEAPONS VIOLATION,412,ROSELAND
2021,50,ASSAULT,116,PULLMAN
2021,50,BATTERY,161,PULLMAN
2021,50,BURGLARY,34,PULLMAN
2021,50,CRIMINAL DAMAGE,120,PULLMAN
2021,50,CRIMINAL SEXUAL ASSAULT,4,PULLMAN
2021,50,CRIMINAL TRESPASS,14,PULLMAN
2021,50,DECEPTIVE PRACTICE,73,PULLMAN
2021,50,HOMICIDE,6,PULLMAN
2021,50,INTERFERENCE WITH PUBLIC OFFICER,5,PULLMAN
2021,50,MOTOR VEHICLE THEFT,53,PULLMAN
2021,50,NARCOTICS,17,PULLMAN
2021,50,OBSCENITY,1,PULLMAN
2021,50,OFFENSE INVOLVING CHILDREN,10,PULLMAN
2021,50,OTHER OFFENSE,70,PULLMAN
2021,50,PUBLIC PEACE VIOLATION,1,PULLMAN
2021,50,ROBBERY,30,PULLMAN
2021,50,SEX OFFENSE,3,PULLMAN
2021,50,STALKING,1,PULLMAN
2021,50,THEFT,160,PULLMAN
2021,50,WEAPONS VIOLATION,59,PULLMAN
2021,51,ARSON,4,SOUTH DEERING
2021,51,ASSAULT,211,SOUTH DEERING
2021,51,BATTERY,279,SOUTH DEERING
2021,51,BURGLARY,39,SOUTH DEERING
2021,51,CRIMINAL DAMAGE,168,SOUTH DEERING
2021,51,CRIMINAL SEXUAL ASSAULT,6,SOUTH DEERING
2021,51,CRIMINAL TRESPASS,26,SOUTH DEERING
2021,51,DECEPTIVE PRACTICE,127,SOUTH DEERING
2021,51,HOMICIDE,6,SOUTH DEERING
2021,51,INTIMIDATION,1,SOUTH DEERING
2021,51,KIDNAPPING,4,SOUTH DEERING
2021,51,LIQUOR LAW VIOLATION,1,SOUTH DEERING
2021,51,MOTOR VEHICLE THEFT,86,SOUTH DEERING
2021,51,NARCOTICS,10,SOUTH DEERING
2021,51,OFFENSE INVOLVING CHILDREN,32,SOUTH DEERING
2021,51,OTHER OFFENSE,116,SOUTH DEERING
2021,51,PUBLIC PEACE VIOLATION,1,SOUTH DEERING
2021,51,ROBBERY,41,SOUTH DEERING
2021,51,SEX OFFENSE,5,SOUTH DEERING
2021,51,STALKING,2,SOUTH DEERING
2021,51,THEFT,242,SOUTH DEERING
2021,51,WEAPONS VIOLATION,61,SOUTH DEERING
2021,52,ARSON,10,EAST SIDE
2021,52,ASSAULT,118,EAST SIDE
2021,52,BATTERY,206,EAST SIDE
2021,52,BURGLARY,30,EAST SIDE
2021,52,CRIMINAL DAMAGE,165,EAST SIDE
2021,52,CRIMINAL SEXUAL ASSAULT,10,EAST SIDE
2021,52,CRIMINAL TRESPASS,22,EAST SIDE
2021,52,DECEPTIVE PRACTICE,83,EAST SIDE
2021,52,HOMICIDE,2,EAST SIDE
2021,52,INTIMIDATION,1,EAST SIDE
2021,52,KIDNAPPING,3,EAST SIDE
2021,52,LIQUOR LAW VIOLATION,1,EAST SIDE
2021,52,MOTOR VEHICLE THEFT,53,EAST SIDE
2021,52,NARCOTICS,5,EAST SIDE
2021,52,OBSCENITY,1,EAST SIDE
2021,52,OFFENSE INVOLVING CHILDREN,12,EAST SIDE
2021,52,OTHER OFFENSE,84,EAST SIDE
2021,52,PUBLIC PEACE VIOLATION,2,EAST SIDE
2021,52,ROBBERY,25,EAST SIDE
2021,52,SEX OFFENSE,4,EAST SIDE
2021,52,STALKING,5,EAST SIDE
2021,52,THEFT,125,EAST SIDE
2021,52,WEAPONS VIOLATION,49,EAST SIDE
2021,53,ARSON,16,WEST PULLMAN
2021,53,ASSAULT,404,WEST PULLMAN
2021,53,BATTERY,684,WEST PULLMAN
2021,53,BURGLARY,258,WEST PULLMAN
2021,53,CONCEALED CARRY LICENSE VIOLATION,6,WEST PULLMAN
2021,53,CRIMINAL DAMAGE,535,WEST PULLMAN
2021,53,CRIMINAL SEXUAL ASSAULT,16,WEST PULLMAN
2021,53,CRIMINAL TRESPASS,32,WEST PULLMAN
2021,53,DECEPTIVE PRACTICE,239,WEST PULLMAN
2021,53,GAMBLING,1,WEST PULLMAN
2021,53,HOMICIDE,37,WEST PULLMAN
2021,53,HUMAN TRAFFICKING,1,WEST PULLMAN
2021,53,INTERFERENCE WITH PUBLIC OFFICER,4,WEST PULLMAN
2021,53,LIQUOR LAW VIOLATION,5,WEST PULLMAN
2021,53,MOTOR VEHICLE THEFT,154,WEST PULLMAN
2021,53,NARCOTICS,37,WEST PULLMAN
2021,53,OFFENSE INVOLVING CHILDREN,43,WEST PULLMAN
2021,53,OTHER OFFENSE,253,WEST PULLMAN
2021,53,PUBLIC PEACE VIOLATION,9,WEST PULLMAN
2021,53,ROBBERY,95,WEST PULLMAN
2021,53,SEX OFFENSE,11,WEST PULLMAN
2021,53,STALKING,6,WEST PULLMAN
2021,53,THEFT,403,WEST PULLMAN
2021,53,WEAPONS VIOLATION,310,WEST PULLMAN
2021,54,ARSON,3,RIVERDALE
2021,54,ASSAULT,176,RIVERDALE
2021,54,BATTERY,259,RIVERDALE
2021,54,BURGLARY,28,RIVERDALE
2021,54,CRIMINAL DAMAGE,195,RIVERDALE
2021,54,CRIMINAL SEXUAL ASSAULT,5,RIVERDALE
2021,54,CRIMINAL TRESPASS,13,RIVERDALE
2021,54,DECEPTIVE PRACTICE,40,RIVERDALE
2021,54,HOMICIDE,5,RIVERDALE
2021,54,HUMAN TRAFFICKING,1,RIVERDALE
2021,54,INTIMIDATION,1,RIVERDALE
2021,54,KIDNAPPING,1,RIVERDALE
2021,54,MOTOR VEHICLE THEFT,57,RIVERDALE
2021,54,NARCOTICS,4,RIVERDALE
2021,54,OFFENSE INVOLVING CHILDREN,20,RIVERDALE
2021,54,OTHER OFFENSE,80,RIVERDALE
2021,54,PUBLIC PEACE VIOLATION,5,RIVERDALE
2021,54,ROBBERY,21,RIVERDALE
2021,54,SEX OFFENSE,3,RIVERDALE
2021,54,STALKING,3,RIVERDALE
2021,54,THEFT,132,RIVERDALE
2021,54,WEAPONS VIOLATION,73,RIVERDALE
2021,55,ARSON,7,HEGEWISCH
2021,55,ASSAULT,62,HEGEWISCH
2021,55,BATTERY,135,HEGEWISCH
2021,55,BURGLARY,20,HEGEWISCH
2021,55,CONCEALED CARRY LICENSE VIOLATION,1,HEGEWISCH
2021,55,CRIMINAL DAMAGE,79,HEGEWISCH
2021,55,CRIMINAL TRESPASS,12,HEGEWISCH
2021,55,DECEPTIVE PRACTICE,65,HEGEWISCH
2021,55,HOMICIDE,1,HEGEWISCH
2021,55,KIDNAPPING,1,HEGEWISCH
2021,55,MOTOR VEHICLE THEFT,21,HEGEWISCH
2021,55,NARCOTICS,1,HEGEWISCH
2021,55,OBSCENITY,1,HEGEWISCH
2021,55,OFFENSE INVOLVING CHILDREN,9,HEGEWISCH
2021,55,OTHER OFFENSE,56,HEGEWISCH
2021,55,PUBLIC PEACE VIOLATION,1,HEGEWISCH
2021,55,ROBBERY,11,HEGEWISCH
2021,55,SEX OFFENSE,4,HEGEWISCH
2021,55,STALKING,2,HEGEWISCH
2021,55,THEFT,118,HEGEWISCH
2021,55,WEAPONS VIOLATION,11,HEGEWISCH
2021,56,ARSON,2,GARFIELD RIDGE
2021,56,ASSAULT,107,GARFIELD RIDGE
2021,56,BATTERY,242,GARFIELD RIDGE
2021,56,BURGLARY,40,GARFIELD RIDGE
2021,56,CONCEALED CARRY LICENSE VIOLATION,32,GARFIELD RIDGE
2021,56,CRIMINAL DAMAGE,193,GARFIELD RIDGE
2021,56,CRIMINAL SEXUAL ASSAULT,6,GARFIELD RIDGE
2021,56,CRIMINAL TRESPASS,24,GARFIELD RIDGE
2021,56,DECEPTIVE PRACTICE,238,GARFIELD RIDGE
2021,56,HOMICIDE,3,GARFIELD RIDGE
2021,56,KIDNAPPING,1,GARFIELD RIDGE
2021,56,MOTOR VEHICLE THEFT,69,GARFIELD RIDGE
2021,56,NARCOTICS,26,GARFIELD RIDGE
2021,56,OFFENSE INVOLVING CHILDREN,20,GARFIELD RIDGE
2021,56,OTHER OFFENSE,109,GARFIELD RIDGE
2021,56,PROSTITUTION,7,GARFIELD RIDGE
2021,56,PUBLIC PEACE VIOLATION,8,GARFIELD RIDGE
2021,56,ROBBERY,56,GARFIELD RIDGE
2021,56,SEX OFFENSE,9,GARFIELD RIDGE
2021,56,STALKING,6,GARFIELD RIDGE
2021,56,THEFT,343,GARFIELD RIDGE
2021,56,WEAPONS VIOLATION,30,GARFIELD RIDGE
2021,57,ARSON,1,ARCHER HEIGHTS
2021,57,ASSAULT,69,ARCHER HEIGHTS
2021,57,BATTERY,125,ARCHER HEIGHTS
2021,57,BURGLARY,22,ARCHER HEIGHTS
2021,57,CRIMINAL DAMAGE,73,ARCHER HEIGHTS
2021,57,CRIMINAL SEXUAL ASSAULT,2,ARCHER HEIGHTS
2021,57,CRIMINAL TRESPASS,3,ARCHER HEIGHTS
2021,57,DECEPTIVE PRACTICE,62,ARCHER HEIGHTS
2021,57,HOMICIDE,1,ARCHER HEIGHTS
2021,57,LIQUOR LAW VIOLATION,1,ARCHER HEIGHTS
2021,57,MOTOR VEHICLE THEFT,44,ARCHER HEIGHTS
2021,57,NARCOTICS,4,ARCHER HEIGHTS
2021,57,OFFENSE INVOLVING CHILDREN,10,ARCHER HEIGHTS
2021,57,OTHER OFFENSE,41,ARCHER HEIGHTS
2021,57,PUBLIC PEACE VIOLATION,1,ARCHER HEIGHTS
2021,57,ROBBERY,32,ARCHER HEIGHTS
2021,57,SEX OFFENSE,4,ARCHER HEIGHTS
2021,57,STALKING,1,ARCHER HEIGHTS
2021,57,THEFT,149,ARCHER HEIGHTS
2021,57,WEAPONS VIOLATION,32,ARCHER HEIGHTS
2021,58,ARSON,3,BRIGHTON PARK
2021,58,ASSAULT,206,BRIGHTON PARK
2021,58,BATTERY,394,BRIGHTON PARK
2021,58,BURGLARY,57,BRIGHTON PARK
2021,58,CRIMINAL DAMAGE,267,BRIGHTON PARK
2021,58,CRIMINAL SEXUAL ASSAULT,10,BRIGHTON PARK
2021,58,CRIMINAL TRESPASS,19,BRIGHTON PARK
2021,58,DECEPTIVE PRACTICE,125,BRIGHTON PARK
2021,58,HOMICIDE,10,BRIGHTON PARK
2021,58,KIDNAPPING,1,BRIGHTON PARK
2021,58,MOTOR VEHICLE THEFT,96,BRIGHTON PARK
2021,58,NARCOTICS,14,BRIGHTON PARK
2021,58,OBSCENITY,1,BRIGHTON PARK
2021,58,OFFENSE INVOLVING CHILDREN,45,BRIGHTON PARK
2021,58,OTHER OFFENSE,136,BRIGHTON PARK
2021,58,PROSTITUTION,1,BRIGHTON PARK
2021,58,PUBLIC PEACE VIOLATION,2,BRIGHTON PARK
2021,58,ROBBERY,61,BRIGHTON PARK
2021,58,SEX OFFENSE,22,BRIGHTON PARK
2021,58,STALKING,2,BRIGHTON PARK
2021,58,THEFT,252,BRIGHTON PARK
2021,58,WEAPONS VIOLATION,79,BRIGHTON PARK
2021,59,ASSAULT,79,MCKINLEY PARK
2021,59,BATTERY,126,MCKINLEY PARK
2021,59,BURGLARY,25,MCKINLEY PARK
2021,59,CRIMINAL DAMAGE,106,MCKINLEY PARK
2021,59,CRIMINAL SEXUAL ASSAULT,5,MCKINLEY PARK
2021,59,CRIMINAL TRESPASS,8,MCKINLEY PARK
2021,59,DECEPTIVE PRACTICE,60,MCKINLEY PARK
2021,59,HOMICIDE,3,MCKINLEY PARK
2021,59,INTERFERENCE WITH PUBLIC OFFICER,1,MCKINLEY PARK
2021,59,INTIMIDATION,1,MCKINLEY PARK
2021,59,LIQUOR LAW VIOLATION,2,MCKINLEY PARK
2021,59,MOTOR VEHICLE THEFT,36,MCKINLEY PARK
2021,59,NARCOTICS,5,MCKINLEY PARK
2021,59,OFFENSE INVOLVING CHILDREN,5,MCKINLEY PARK
2021,59,OTHER OFFENSE,47,MCKINLEY PARK
2021,59,PUBLIC PEACE VIOLATION,2,MCKINLEY PARK
2021,59,ROBBERY,26,MCKINLEY PARK
2021,59,SEX OFFENSE,4,MCKINLEY PARK
2021,59,STALKING,1,MCKINLEY PARK
2021,59,THEFT,139,MCKINLEY PARK
2021,59,WEAPONS VIOLATION,35,MCKINLEY PARK
2021,60,ASSAULT,104,BRIDGEPORT
2021,60,BATTERY,208,BRIDGEPORT
2021,60,BURGLARY,68,BRIDGEPORT
2021,60,CRIMINAL DAMAGE,194,BRIDGEPORT
2021,60,CRIMINAL SEXUAL ASSAULT,9,BRIDGEPORT
2021,60,CRIMINAL TRESPASS,17,BRIDGEPORT
2021,60,DECEPTIVE PRACTICE,162,BRIDGEPORT
2021,60,HOMICIDE,2,BRIDGEPORT
2021,60,INTERFERENCE WITH PUBLIC OFFICER,2,BRIDGEPORT
2021,60,INTIMIDATION,1,BRIDGEPORT
2021,60,KIDNAPPING,1,BRIDGEPORT
2021,60,LIQUOR LAW VIOLATION,1,BRIDGEPORT
2021,60,MOTOR VEHICLE THEFT,49,BRIDGEPORT
2021,60,NARCOTICS,24,BRIDGEPORT
2021,60,OFFENSE INVOLVING CHILDREN,10,BRIDGEPORT
2021,60,OTHER OFFENSE,79,BRIDGEPORT
2021,60,PUBLIC PEACE VIOLATION,4,BRIDGEPORT
2021,60,ROBBERY,59,BRIDGEPORT
2021,60,SEX OFFENSE,13,BRIDGEPORT
2021,60,STALKING,2,BRIDGEPORT
2021,60,THEFT,230,BRIDGEPORT
2021,60,WEAPONS VIOLATION,41,BRIDGEPORT
2021,61,ARSON,8,NEW CITY
2021,61,ASSAULT,454,NEW CITY
2021,61,BATTERY,856,NEW CITY
2021,61,BURGLARY,97,NEW CITY
2021,61,CRIMINAL DAMAGE,493,NEW CITY
2021,61,CRIMINAL SEXUAL ASSAULT,17,NEW CITY
2021,61,CRIMINAL TRESPASS,40,NEW CITY
2021,61,DECEPTIVE PRACTICE,190,NEW CITY
2021,61,HOMICIDE,15,NEW CITY
2021,61,INTERFERENCE WITH PUBLIC OFFICER,7,NEW CITY
2021,61,INTIMIDATION,2,NEW CITY
2021,61,KIDNAPPING,3,NEW CITY
2021,61,LIQUOR LAW VIOLATION,3,NEW CITY
2021,61,MOTOR VEHICLE THEFT,158,NEW CITY
2021,61,NARCOTICS,83,NEW CITY
2021,61,OBSCENITY,1,NEW CITY
2021,61,OFFENSE INVOLVING CHILDREN,46,NEW CITY
2021,61,OTHER OFFENSE,263,NEW CITY
2021,61,PUBLIC PEACE VIOLATION,6,NEW CITY
2021,61,ROBBERY,124,NEW CITY
2021,61,SEX OFFENSE,15,NEW CITY
2021,61,STALKING,6,NEW CITY
2021,61,THEFT,439,NEW CITY
2021,61,WEAPONS VIOLATION,226,NEW CITY
2021,62,ARSON,3,WEST ELSDON
2021,62,ASSAULT,49,WEST ELSDON
2021,62,BATTERY,111,WEST ELSDON
2021,62,BURGLARY,52,WEST ELSDON
2021,62,CRIMINAL DAMAGE,107,WEST ELSDON
2021,62,CRIMINAL SEXUAL ASSAULT,2,WEST ELSDON
2021,62,CRIMINAL TRESPASS,3,WEST ELSDON
2021,62,DECEPTIVE PRACTICE,82,WEST ELSDON
2021,62,HOMICIDE,1,WEST ELSDON
2021,62,KIDNAPPING,1,WEST ELSDON
2021,62,MOTOR VEHICLE THEFT,36,WEST ELSDON
2021,62,NARCOTICS,8,WEST ELSDON
2021,62,OBSCENITY,1,WEST ELSDON
2021,62,OFFENSE INVOLVING CHILDREN,3,WEST ELSDON
2021,62,OTHER OFFENSE,48,WEST ELSDON
2021,62,PUBLIC PEACE VIOLATION,1,WEST ELSDON
2021,62,ROBBERY,34,WEST ELSDON
2021,62,SEX OFFENSE,12,WEST ELSDON
2021,62,STALKING,1,WEST ELSDON
2021,62,THEFT,116,WEST ELSDON
2021,62,WEAPONS VIOLATION,34,WEST ELSDON
2021,63,ARSON,2,GAGE PARK
2021,63,ASSAULT,183,GAGE PARK
2021,63,BATTERY,328,GAGE PARK
2021,63,BURGLARY,49,GAGE PARK
2021,63,CRIMINAL DAMAGE,220,GAGE PARK
2021,63,CRIMINAL SEXUAL ASSAULT,14,GAGE PARK
2021,63,CRIMINAL TRESPASS,19,GAGE PARK
2021,63,DECEPTIVE PRACTICE,122,GAGE PARK
2021,63,HOMICIDE,8,GAGE PARK
2021,63,INTERFERENCE WITH PUBLIC OFFICER,3,GAGE PARK
2021,63,INTIMIDATION,3,GAGE PARK
2021,63,KIDNAPPING,1,GAGE PARK
2021,63,MOTOR VEHICLE THEFT,88,GAGE PARK
2021,63,NARCOTICS,19,GAGE PARK
2021,63,OBSCENITY,1,GAGE PARK
2021,63,OFFENSE INVOLVING CHILDREN,32,GAGE PARK
2021,63,OTHER OFFENSE,130,GAGE PARK
2021,63,PUBLIC INDECENCY,1,GAGE PARK
2021,63,PUBLIC PEACE VIOLATION,2,GAGE PARK
2021,63,ROBBERY,65,GAGE PARK
2021,63,SEX OFFENSE,21,GAGE PARK
2021,63,STALKING,3,GAGE PARK
2021,63,THEFT,291,GAGE PARK
2021,63,WEAPONS VIOLATION,99,GAGE PARK
2021,64,ASSAULT,86,CLEARING
2021,64,BATTERY,169,CLEARING
2021,64,BURGLARY,27,CLEARING
2021,64,CRIMINAL DAMAGE,111,CLEARING
2021,64,CRIMINAL SEXUAL ASSAULT,2,CLEARING
2021,64,CRIMINAL TRESPASS,16,CLEARING
2021,64,DECEPTIVE PRACTICE,157,CLEARING
2021,64,MOTOR VEHICLE THEFT,28,CLEARING
2021,64,NARCOTICS,5,CLEARING
2021,64,OFFENSE INVOLVING CHILDREN,17,CLEARING
2021,64,OTHER OFFENSE,104,CLEARING
2021,64,PUBLIC PEACE VIOLATION,2,CLEARING
2021,64,ROBBERY,19,CLEARING
2021,64,SEX OFFENSE,13,CLEARING
2021,64,STALKING,3,CLEARING
2021,64,THEFT,160,CLEARING
2021,64,WEAPONS VIOLATION,19,CLEARING
2021,65,ARSON,3,WEST LAWN
2021,65,ASSAULT,111,WEST LAWN
2021,65,BATTERY,237,WEST LAWN
2021,65,BURGLARY,56,WEST LAWN
2021,65,CRIMINAL DAMAGE,175,WEST LAWN
2021,65,CRIMINAL SEXUAL ASSAULT,10,WEST LAWN
2021,65,CRIMINAL TRESPASS,6,WEST LAWN
2021,65,DECEPTIVE PRACTICE,150,WEST LAWN
2021,65,HOMICIDE,2,WEST LAWN
2021,65,LIQUOR LAW VIOLATION,1,WEST LAWN
2021,65,MOTOR VEHICLE THEFT,64,WEST LAWN
2021,65,NARCOTICS,5,WEST LAWN
2021,65,OBSCENITY,1,WEST LAWN
2021,65,OFFENSE INVOLVING CHILDREN,23,WEST LAWN
2021,65,OTHER OFFENSE,89,WEST LAWN
2021,65,PUBLIC PEACE VIOLATION,1,WEST LAWN
2021,65,ROBBERY,41,WEST LAWN
2021,65,SEX OFFENSE,12,WEST LAWN
2021,65,STALKING,1,WEST LAWN
2021,65,THEFT,250,WEST LAWN
2021,65,WEAPONS VIOLATION,34,WEST LAWN
2021,66,ARSON,24,CHICAGO LAWN
2021,66,ASSAULT,509,CHICAGO LAWN
2021,66,BATTERY,1024,CHICAGO LAWN
2021,66,BURGLARY,186,CHICAGO LAWN
2021,66,CRIMINAL DAMAGE,642,CHICAGO LAWN
2021,66,CRIMINAL SEXUAL ASSAULT,33,CHICAGO LAWN
2021,66,CRIMINAL TRESPASS,54,CHICAGO LAWN
2021,66,DECEPTIVE PRACTICE,303,CHICAGO LAWN
2021,66,GAMBLING,7,CHICAGO LAWN
2021,66,HOMICIDE,25,CHICAGO LAWN
2021,66,INTERFERENCE WITH PUBLIC OFFICER,5,CHICAGO LAWN
2021,66,INTIMIDATION,2,CHICAGO LAWN
2021,66,KIDNAPPING,3,CHICAGO LAWN
2021,66,LIQUOR LAW VIOLATION,5,CHICAGO LAWN
2021,66,MOTOR VEHICLE THEFT,203,CHICAGO LAWN
2021,66,NARCOTICS,106,CHICAGO LAWN
2021,66,OFFENSE INVOLVING CHILDREN,59,CHICAGO LAWN
2021,66,OTHER OFFENSE,370,CHICAGO LAWN
2021,66,PUBLIC PEACE VIOLATION,14,CHICAGO LAWN
2021,66,ROBBERY,177,CHICAGO LAWN
2021,66,SEX OFFENSE,26,CHICAGO LAWN
2021,66,STALKING,3,CHICAGO LAWN
2021,66,THEFT,624,CHICAGO LAWN
2021,66,WEAPONS VIOLATION,242,CHICAGO LAWN
2021,67,ARSON,27,WEST ENGLEWOOD
2021,67,ASSAULT,608,WEST ENGLEWOOD
2021,67,BATTERY,1204,WEST ENGLEWOOD
2021,67,BURGLARY,154,WEST ENGLEWOOD
2021,67,CONCEALED CARRY LICENSE VIOLATION,2,WEST ENGLEWOOD
2021,67,CRIMINAL DAMAGE,675,WEST ENGLEWOOD
2021,67,CRIMINAL SEXUAL ASSAULT,31,WEST ENGLEWOOD
2021,67,CRIMINAL TRESPASS,39,WEST ENGLEWOOD
2021,67,DECEPTIVE PRACTICE,230,WEST ENGLEWOOD
2021,67,GAMBLING,1,WEST ENGLEWOOD
2021,67,HOMICIDE,22,WEST ENGLEWOOD
2021,67,HUMAN TRAFFICKING,2,WEST ENGLEWOOD
2021,67,INTERFERENCE WITH PUBLIC OFFICER,15,WEST ENGLEWOOD
2021,67,INTIMIDATION,2,WEST ENGLEWOOD
2021,67,KIDNAPPING,2,WEST ENGLEWOOD
2021,67,LIQUOR LAW VIOLATION,3,WEST ENGLEWOOD
2021,67,MOTOR VEHICLE THEFT,234,WEST ENGLEWOOD
2021,67,NARCOTICS,169,WEST ENGLEWOOD
2021,67,OFFENSE INVOLVING CHILDREN,63,WEST ENGLEWOOD
2021,67,OTHER OFFENSE,352,WEST ENGLEWOOD
2021,67,PROSTITUTION,3,WEST ENGLEWOOD
2021,67,PUBLIC PEACE VIOLATION,4,WEST ENGLEWOOD
2021,67,ROBBERY,148,WEST ENGLEWOOD
2021,67,SEX OFFENSE,20,WEST ENGLEWOOD
2021,67,STALKING,6,WEST ENGLEWOOD
2021,67,THEFT,572,WEST ENGLEWOOD
2021,67,WEAPONS VIOLATION,403,WEST ENGLEWOOD
2021,68,ARSON,17,ENGLEWOOD
2021,68,ASSAULT,601,ENGLEWOOD
2021,68,BATTERY,1168,ENGLEWOOD
2021,68,BURGLARY,116,ENGLEWOOD
2021,68,CONCEALED CARRY LICENSE VIOLATION,5,ENGLEWOOD
2021,68,CRIMINAL DAMAGE,596,ENGLEWOOD
2021,68,CRIMINAL SEXUAL ASSAULT,32,ENGLEWOOD
2021,68,CRIMINAL TRESPASS,45,ENGLEWOOD
2021,68,DECEPTIVE PRACTICE,248,ENGLEWOOD
2021,68,HOMICIDE,33,ENGLEWOOD
2021,68,INTERFERENCE WITH PUBLIC OFFICER,6,ENGLEWOOD
2021,68,INTIMIDATION,2,ENGLEWOOD
2021,68,KIDNAPPING,2,ENGLEWOOD
2021,68,LIQUOR LAW VIOLATION,1,ENGLEWOOD
2021,68,MOTOR VEHICLE THEFT,204,ENGLEWOOD
2021,68,NARCOTICS,138,ENGLEWOOD
2021,68,OFFENSE INVOLVING CHILDREN,48,ENGLEWOOD
2021,68,OTHER OFFENSE,383,ENGLEWOOD
2021,68,PROSTITUTION,1,ENGLEWOOD
2021,68,PUBLIC PEACE VIOLATION,8,ENGLEWOOD
2021,68,ROBBERY,155,ENGLEWOOD
2021,68,SEX OFFENSE,24,ENGLEWOOD
2021,68,STALKING,7,ENGLEWOOD
2021,68,THEFT,537,ENGLEWOOD
2021,68,WEAPONS VIOLATION,391,ENGLEWOOD
2021,69,ARSON,14,GREATER GRAND CROSSING
2021,69,ASSAULT,702,GREATER GRAND CROSSING
2021,69,BATTERY,1320,GREATER GRAND CROSSING
2021,69,BURGLARY,189,GREATER GRAND CROSSING
2021,69,CONCEALED CARRY LICENSE VIOLATION,2,GREATER GRAND CROSSING
2021,69,CRIMINAL DAMAGE,788,GREATER GRAND CROSSING
2021,69,CRIMINAL SEXUAL ASSAULT,30,GREATER GRAND CROSSING
2021,69,CRIMINAL TRESPASS,87,GREATER GRAND CROSSING
2021,69,DECEPTIVE PRACTICE,262,GREATER GRAND CROSSING
2021,69,HOMICIDE,39,GREATER GRAND CROSSING
2021,69,INTERFERENCE WITH PUBLIC OFFICER,13,GREATER GRAND CROSSING
2021,69,INTIMIDATION,2,GREATER GRAND CROSSING
2021,69,KIDNAPPING,4,GREATER GRAND CROSSING
2021,69,LIQUOR LAW VIOLATION,5,GREATER GRAND CROSSING
2021,69,MOTOR VEHICLE THEFT,334,GREATER GRAND CROSSING
2021,69,NARCOTICS,79,GREATER GRAND CROSSING
2021,69,OBSCENITY,1,GREATER GRAND CROSSING
2021,69,OFFENSE INVOLVING CHILDREN,75,GREATER GRAND CROSSING
2021,69,OTHER OFFENSE,358,GREATER GRAND CROSSING
2021,69,PUBLIC INDECENCY,1,GREATER GRAND CROSSING
2021,69,PUBLIC PEACE VIOLATION,21,GREATER GRAND CROSSING
2021,69,ROBBERY,242,GREATER GRAND CROSSING
2021,69,SEX OFFENSE,17,GREATER GRAND CROSSING
2021,69,STALKING,8,GREATER GRAND CROSSING
2021,69,THEFT,692,GREATER GRAND CROSSING
2021,69,WEAPONS VIOLATION,378,GREATER GRAND CROSSING
2021,70,ARSON,6,ASHBURN
2021,70,ASSAULT,174,ASHBURN
2021,70,BATTERY,313,ASHBURN
2021,70,BURGLARY,93,ASHBURN
2021,70,CRIMINAL DAMAGE,210,ASHBURN
2021,70,CRIMINAL SEXUAL ASSAULT,6,ASHBURN
2021,70,CRIMINAL TRESPASS,25,ASHBURN
2021,70,DECEPTIVE PRACTICE,261,ASHBURN
2021,70,HOMICIDE,5,ASHBURN
2021,70,INTIMIDATION,1,ASHBURN
2021,70,KIDNAPPING,4,ASHBURN
2021,70,LIQUOR LAW VIOLATION,4,ASHBURN
2021,70,MOTOR VEHICLE THEFT,101,ASHBURN
2021,70,NARCOTICS,7,ASHBURN
2021,70,OFFENSE INVOLVING CHILDREN,25,ASHBURN
2021,70,OTHER OFFENSE,186,ASHBURN
2021,70,PUBLIC PEACE VIOLATION,5,ASHBURN
2021,70,ROBBERY,47,ASHBURN
2021,70,SEX OFFENSE,3,ASHBURN
2021,70,STALKING,3,ASHBURN
2021,70,THEFT,280,ASHBURN
2021,70,WEAPONS VIOLATION,58,ASHBURN
2021,71,ARSON,17,AUBURN GRESHAM
2021,71,ASSAULT,700,AUBURN GRESHAM
2021,71,BATTERY,1320,AUBURN GRESHAM
2021,71,BURGLARY,223,AUBURN GRESHAM
2021,71,CONCEALED CARRY LICENSE VIOLATION,2,AUBURN GRESHAM
2021,71,CRIMINAL DAMAGE,877,AUBURN GRESHAM
2021,71,CRIMINAL SEXUAL ASSAULT,31,AUBURN GRESHAM
2021,71,CRIMINAL TRESPASS,76,AUBURN GRESHAM
2021,71,DECEPTIVE PRACTICE,435,AUBURN GRESHAM
2021,71,HOMICIDE,39,AUBURN GRESHAM
2021,71,HUMAN TRAFFICKING,1,AUBURN GRESHAM
2021,71,INTERFERENCE WITH PUBLIC OFFICER,17,AUBURN GRESHAM
2021,71,INTIMIDATION,3,AUBURN GRESHAM
2021,71,KIDNAPPING,1,AUBURN GRESHAM
2021,71,LIQUOR LAW VIOLATION,6,AUBURN GRESHAM
2021,71,MOTOR VEHICLE THEFT,332,AUBURN GRESHAM
2021,71,NARCOTICS,96,AUBURN GRESHAM
2021,71,OBSCENITY,2,AUBURN GRESHAM
2021,71,OFFENSE INVOLVING CHILDREN,62,AUBURN GRESHAM
2021,71,OTHER OFFENSE,409,AUBURN GRESHAM
2021,71,PUBLIC PEACE VIOLATION,14,AUBURN GRESHAM
2021,71,ROBBERY,176,AUBURN GRESHAM
2021,71,SEX OFFENSE,29,AUBURN GRESHAM
2021,71,STALKING,11,AUBURN GRESHAM
2021,71,THEFT,805,AUBURN GRESHAM
2021,71,WEAPONS VIOLATION,392,AUBURN GRESHAM
2021,72,ARSON,2,BEVERLY
2021,72,ASSAULT,75,BEVERLY
2021,72,BATTERY,105,BEVERLY
2021,72,BURGLARY,47,BEVERLY
2021,72,CRIMINAL DAMAGE,90,BEVERLY
2021,72,CRIMINAL SEXUAL ASSAULT,4,BEVERLY
2021,72,CRIMINAL TRESPASS,16,BEVERLY
2021,72,DECEPTIVE PRACTICE,152,BEVERLY
2021,72,INTERFERENCE WITH PUBLIC OFFICER,1,BEVERLY
2021,72,KIDNAPPING,1,BEVERLY
2021,72,MOTOR VEHICLE THEFT,44,BEVERLY
2021,72,NARCOTICS,8,BEVERLY
2021,72,OFFENSE INVOLVING CHILDREN,16,BEVERLY
2021,72,OTHER OFFENSE,69,BEVERLY
2021,72,PUBLIC INDECENCY,1,BEVERLY
2021,72,PUBLIC PEACE VIOLATION,3,BEVERLY
2021,72,ROBBERY,18,BEVERLY
2021,72,SEX OFFENSE,4,BEVERLY
2021,72,STALKING,3,BEVERLY
2021,72,THEFT,127,BEVERLY
2021,72,WEAPONS VIOLATION,18,BEVERLY
2021,73,ARSON,11,WASHINGTON HEIGHTS
2021,73,ASSAULT,277,WASHINGTON HEIGHTS
2021,73,BATTERY,483,WASHINGTON HEIGHTS
2021,73,BURGLARY,72,WASHINGTON HEIGHTS
2021,73,CONCEALED CARRY LICENSE VIOLATION,2,WASHINGTON HEIGHTS
2021,73,CRIMINAL DAMAGE,329,WASHINGTON HEIGHTS
2021,73,CRIMINAL SEXUAL ASSAULT,12,WASHINGTON HEIGHTS
2021,73,CRIMINAL TRESPASS,34,WASHINGTON HEIGHTS
2021,73,DECEPTIVE PRACTICE,252,WASHINGTON HEIGHTS
2021,73,HOMICIDE,12,WASHINGTON HEIGHTS
2021,73,INTERFERENCE WITH PUBLIC OFFICER,4,WASHINGTON HEIGHTS
2021,73,INTIMIDATION,3,WASHINGTON HEIGHTS
2021,73,KIDNAPPING,1,WASHINGTON HEIGHTS
2021,73,MOTOR VEHICLE THEFT,159,WASHINGTON HEIGHTS
2021,73,NARCOTICS,52,WASHINGTON HEIGHTS
2021,73,OFFENSE INVOLVING CHILDREN,22,WASHINGTON HEIGHTS
2021,73,OTHER OFFENSE,223,WASHINGTON HEIGHTS
2021,73,PUBLIC PEACE VIOLATION,5,WASHINGTON HEIGHTS
2021,73,ROBBERY,82,WASHINGTON HEIGHTS
2021,73,SEX OFFENSE,11,WASHINGTON HEIGHTS
2021,73,STALKING,5,WASHINGTON HEIGHTS
2021,73,THEFT,376,WASHINGTON HEIGHTS
2021,73,WEAPONS VIOLATION,144,WASHINGTON HEIGHTS
2021,74,ASSAULT,32,MOUNT GREENWOOD
2021,74,BATTERY,60,MOUNT GREENWOOD
2021,74,BURGLARY,7,MOUNT GREENWOOD
2021,74,CRIMINAL DAMAGE,58,MOUNT GREENWOOD
2021,74,CRIMINAL SEXUAL ASSAULT,1,MOUNT GREENWOOD
2021,74,CRIMINAL TRESPASS,9,MOUNT GREENWOOD
2021,74,DECEPTIVE PRACTICE,145,MOUNT GREENWOOD
2021,74,INTIMIDATION,1,MOUNT GREENWOOD
2021,74,MOTOR VEHICLE THEFT,23,MOUNT GREENWOOD
2021,74,NARCOTICS,5,MOUNT GREENWOOD
2021,74,OFFENSE INVOLVING CHILDREN,6,MOUNT GREENWOOD
2021,74,OTHER OFFENSE,58,MOUNT GREENWOOD
2021,74,ROBBERY,17,MOUNT GREENWOOD
2021,74,SEX OFFENSE,2,MOUNT GREENWOOD
2021,74,STALKING,1,MOUNT GREENWOOD
2021,74,THEFT,78,MOUNT GREENWOOD
2021,74,WEAPONS VIOLATION,4,MOUNT GREENWOOD
2021,75,ARSON,1,MORGAN PARK
2021,75,ASSAULT,175,MORGAN PARK
2021,75,BATTERY,311,MORGAN PARK
2021,75,BURGLARY,57,MORGAN PARK
2021,75,CONCEALED CARRY LICENSE VIOLATION,1,MORGAN PARK
2021,75,CRIMINAL DAMAGE,195,MORGAN PARK
2021,75,CRIMINAL SEXUAL ASSAULT,9,MORGAN PARK
2021,75,CRIMINAL TRESPASS,37,MORGAN PARK
2021,75,DECEPTIVE PRACTICE,239,MORGAN PARK
2021,75,HOMICIDE,4,MORGAN PARK
2021,75,INTERFERENCE WITH PUBLIC OFFICER,6,MORGAN PARK
2021,75,INTIMIDATION,2,MORGAN PARK
2021,75,KIDNAPPING,1,MORGAN PARK
2021,75,LIQUOR LAW VIOLATION,4,MORGAN PARK
2021,75,MOTOR VEHICLE THEFT,79,MORGAN PARK
2021,75,NARCOTICS,34,MORGAN PARK
2021,75,NON-CRIMINAL,1,MORGAN PARK
2021,75,OFFENSE INVOLVING CHILDREN,34,MORGAN PARK
2021,75,OTHER OFFENSE,135,MORGAN PARK
2021,75,PUBLIC PEACE VIOLATION,3,MORGAN PARK
2021,75,ROBBERY,36,MORGAN PARK
2021,75,SEX OFFENSE,4,MORGAN PARK
2021,75,THEFT,345,MORGAN PARK
2021,75,WEAPONS VIOLATION,54,MORGAN PARK
2021,76,ARSON,3,OHARE
2021,76,ASSAULT,88,OHARE
2021,76,BATTERY,213,OHARE
2021,76,BURGLARY,23,OHARE
2021,76,CONCEALED CARRY LICENSE VIOLATION,61,OHARE
2021,76,CRIMINAL DAMAGE,102,OHARE
2021,76,CRIMINAL SEXUAL ASSAULT,9,OHARE
2021,76,CRIMINAL TRESPASS,114,OHARE
2021,76,DECEPTIVE PRACTICE,131,OHARE
2021,76,INTERFERENCE WITH PUBLIC OFFICER,2,OHARE
2021,76,INTIMIDATION,1,OHARE
2021,76,MOTOR VEHICLE THEFT,63,OHARE
2021,76,NARCOTICS,90,OHARE
2021,76,OFFENSE INVOLVING CHILDREN,2,OHARE
2021,76,OTHER OFFENSE,96,OHARE
2021,76,PUBLIC PEACE VIOLATION,24,OHARE
2021,76,ROBBERY,7,OHARE
2021,76,SEX OFFENSE,6,OHARE
2021,76,STALKING,1,OHARE
2021,76,THEFT,415,OHARE
2021,76,WEAPONS VIOLATION,13,OHARE
2021,77,ARSON,2,EDGEWATER
2021,77,ASSAULT,210,EDGEWATER
2021,77,BATTERY,470,EDGEWATER
2021,77,BURGLARY,104,EDGEWATER
2021,77,CRIMINAL DAMAGE,228,EDGEWATER
2021,77,CRIMINAL SEXUAL ASSAULT,25,EDGEWATER
2021,77,CRIMINAL TRESPASS,54,EDGEWATER
2021,77,DECEPTIVE PRACTICE,295,EDGEWATER
2021,77,HOMICIDE,1,EDGEWATER
2021,77,INTERFERENCE WITH PUBLIC OFFICER,1,EDGEWATER
2021,77,MOTOR VEHICLE THEFT,84,EDGEWATER
2021,77,NARCOTICS,13,EDGEWATER
2021,77,OFFENSE INVOLVING CHILDREN,5,EDGEWATER
2021,77,OTHER OFFENSE,122,EDGEWATER
2021,77,PUBLIC PEACE VIOLATION,10,EDGEWATER
2021,77,ROBBERY,77,EDGEWATER
2021,77,SEX OFFENSE,15,EDGEWATER
2021,77,STALKING,3,EDGEWATER
2021,77,THEFT,751,EDGEWATER
2021,77,WEAPONS VIOLATION,6,EDGEWATER
2022,1,ARSON,6,ROGERS PARK
2022,1,ASSAULT,310,ROGERS PARK
2022,1,BATTERY,753,ROGERS PARK
2022,1,BURGLARY,133,ROGERS PARK
2022,1,CONCEALED CARRY LICENSE VIOLATION,1,ROGERS PARK
2022,1,CRIMINAL DAMAGE,408,ROGERS PARK
2022,1,CRIMINAL SEXUAL ASSAULT,38,ROGERS PARK
2022,1,CRIMINAL TRESPASS,87,ROGERS PARK
2022,1,DECEPTIVE PRACTICE,254,ROGERS PARK
2022,1,HOMICIDE,8,ROGERS PARK
2022,1,INTERFERENCE WITH PUBLIC OFFICER,9,ROGERS PARK
2022,1,INTIMIDATION,8,ROGERS PARK
2022,1,LIQUOR LAW VIOLATION,5,ROGERS PARK
2022,1,MOTOR VEHICLE THEFT,203,ROGERS PARK
2022,1,NARCOTICS,59,ROGERS PARK
2022,1,OBSCENITY,1,ROGERS PARK
2022,1,OFFENSE INVOLVING CHILDREN,26,ROGERS PARK
2022,1,OTHER NARCOTIC VIOLATION,1,ROGERS PARK
2022,1,OTHER OFFENSE,250,ROGERS PARK
2022,1,PUBLIC PEACE VIOLATION,9,ROGERS PARK
2022,1,ROBBERY,135,ROGERS PARK
2022,1,SEX OFFENSE,33,ROGERS PARK
2022,1,STALKING,10,ROGERS PARK
2022,1,THEFT,1257,ROGERS PARK
2022,1,WEAPONS VIOLATION,56,ROGERS PARK
2022,2,ARSON,7,WEST RIDGE
2022,2,ASSAULT,290,WEST RIDGE
2022,2,BATTERY,588,WEST RIDGE
2022,2,BURGLARY,164,WEST RIDGE
2022,2,CRIMINAL DAMAGE,494,WEST RIDGE
2022,2,CRIMINAL SEXUAL ASSAULT,21,WEST RIDGE
2022,2,CRIMINAL TRESPASS,78,WEST RIDGE
2022,2,DECEPTIVE PRACTICE,539,WEST RIDGE
2022,2,HOMICIDE,6,WEST RIDGE
2022,2,INTERFERENCE WITH PUBLIC OFFICER,1,WEST RIDGE
2022,2,INTIMIDATION,6,WEST RIDGE
2022,2,KIDNAPPING,4,WEST RIDGE
2022,2,LIQUOR LAW VIOLATION,1,WEST RIDGE
2022,2,MOTOR VEHICLE THEFT,299,WEST RIDGE
2022,2,NARCOTICS,36,WEST RIDGE
2022,2,OBSCENITY,2,WEST RIDGE
2022,2,OFFENSE INVOLVING CHILDREN,23,WEST RIDGE
2022,2,OTHER OFFENSE,210,WEST RIDGE
2022,2,PUBLIC PEACE VIOLATION,7,WEST RIDGE
2022,2,ROBBERY,133,WEST RIDGE
2022,2,SEX OFFENSE,40,WEST RIDGE
2022,2,STALKING,5,WEST RIDGE
2022,2,THEFT,969,WEST RIDGE
2022,2,WEAPONS VIOLATION,51,WEST RIDGE
2022,3,ARSON,4,UPTOWN
2022,3,ASSAULT,300,UPTOWN
2022,3,BATTERY,639,UPTOWN
2022,3,BURGLARY,131,UPTOWN
2022,3,CONCEALED CARRY LICENSE VIOLATION,2,UPTOWN
2022,3,CRIMINAL DAMAGE,373,UPTOWN
2022,3,CRIMINAL SEXUAL ASSAULT,47,UPTOWN
2022,3,CRIMINAL TRESPASS,93,UPTOWN
2022,3,DECEPTIVE PRACTICE,361,UPTOWN
2022,3,HOMICIDE,10,UPTOWN
2022,3,INTERFERENCE WITH PUBLIC OFFICER,4,UPTOWN
2022,3,INTIMIDATION,3,UPTOWN
2022,3,MOTOR VEHICLE THEFT,217,UPTOWN
2022,3,NARCOTICS,26,UPTOWN
2022,3,OFFENSE INVOLVING CHILDREN,13,UPTOWN
2022,3,OTHER OFFENSE,211,UPTOWN
2022,3,PUBLIC PEACE VIOLATION,7,UPTOWN
2022,3,ROBBERY,113,UPTOWN
2022,3,SEX OFFENSE,28,UPTOWN
2022,3,STALKING,10,UPTOWN
2022,3,THEFT,1257,UPTOWN
2022,3,WEAPONS VIOLATION,36,UPTOWN
2022,4,ARSON,3,LINCOLN SQUARE
2022,4,ASSAULT,138,LINCOLN SQUARE
2022,4,BATTERY,301,LINCOLN SQUARE
2022,4,BURGLARY,94,LINCOLN SQUARE
2022,4,CONCEALED CARRY LICENSE VIOLATION,1,LINCOLN SQUARE
2022,4,CRIMINAL DAMAGE,240,LINCOLN SQUARE
2022,4,CRIMINAL SEXUAL ASSAULT,26,LINCOLN SQUARE
2022,4,CRIMINAL TRESPASS,65,LINCOLN SQUARE
2022,4,DECEPTIVE PRACTICE,219,LINCOLN SQUARE
2022,4,HOMICIDE,2,LINCOLN SQUARE
2022,4,INTERFERENCE WITH PUBLIC OFFICER,1,LINCOLN SQUARE
2022,4,INTIMIDATION,3,LINCOLN SQUARE
2022,4,KIDNAPPING,1,LINCOLN SQUARE
2022,4,LIQUOR LAW VIOLATION,2,LINCOLN SQUARE
2022,4,MOTOR VEHICLE THEFT,96,LINCOLN SQUARE
2022,4,NARCOTICS,11,LINCOLN SQUARE
2022,4,OBSCENITY,1,LINCOLN SQUARE
2022,4,OFFENSE INVOLVING CHILDREN,8,LINCOLN SQUARE
2022,4,OTHER OFFENSE,122,LINCOLN SQUARE
2022,4,PUBLIC PEACE VIOLATION,5,LINCOLN SQUARE
2022,4,ROBBERY,36,LINCOLN SQUARE
2022,4,SEX OFFENSE,11,LINCOLN SQUARE
2022,4,STALKING,2,LINCOLN SQUARE
2022,4,THEFT,620,LINCOLN SQUARE
2022,4,WEAPONS VIOLATION,15,LINCOLN SQUARE
2022,5,ARSON,1,NORTH CENTER
2022,5,ASSAULT,67,NORTH CENTER
2022,5,BATTERY,141,NORTH CENTER
2022,5,BURGLARY,73,NORTH CENTER
2022,5,CRIMINAL DAMAGE,138,NORTH CENTER
2022,5,CRIMINAL SEXUAL ASSAULT,10,NORTH CENTER
2022,5,CRIMINAL TRESPASS,35,NORTH CENTER
2022,5,DECEPTIVE PRACTICE,187,NORTH CENTER
2022,5,INTIMIDATION,2,NORTH CENTER
2022,5,MOTOR VEHICLE THEFT,99,NORTH CENTER
2022,5,NARCOTICS,7,NORTH CENTER
2022,5,OBSCENITY,2,NORTH CENTER
2022,5,OFFENSE INVOLVING CHILDREN,3,NORTH CENTER
2022,5,OTHER OFFENSE,79,NORTH CENTER
2022,5,PUBLIC PEACE VIOLATION,5,NORTH CENTER
2022,5,ROBBERY,38,NORTH CENTER
2022,5,SEX OFFENSE,10,NORTH CENTER
2022,5,STALKING,1,NORTH CENTER
2022,5,THEFT,476,NORTH CENTER
2022,5,WEAPONS VIOLATION,7,NORTH CENTER
2022,6,ARSON,6,LAKE VIEW
2022,6,ASSAULT,299,LAKE VIEW
2022,6,BATTERY,770,LAKE VIEW
2022,6,BURGLARY,203,LAKE VIEW
2022,6,CONCEALED CARRY LICENSE VIOLATION,4,LAKE VIEW
2022,6,CRIMINAL DAMAGE,489,LAKE VIEW
2022,6,CRIMINAL SEXUAL ASSAULT,60,LAKE VIEW
2022,6,CRIMINAL TRESPASS,149,LAKE VIEW
2022,6,DECEPTIVE PRACTICE,643,LAKE VIEW
2022,6,HOMICIDE,2,LAKE VIEW
2022,6,INTERFERENCE WITH PUBLIC OFFICER,3,LAKE VIEW
2022,6,INTIMIDATION,8,LAKE VIEW
2022,6,KIDNAPPING,1,LAKE VIEW
2022,6,LIQUOR LAW VIOLATION,9,LAKE VIEW
2022,6,MOTOR VEHICLE THEFT,390,LAKE VIEW
2022,6,NARCOTICS,21,LAKE VIEW
2022,6,OBSCENITY,2,LAKE VIEW
2022,6,OFFENSE INVOLVING CHILDREN,11,LAKE VIEW
2022,6,OTHER OFFENSE,220,LAKE VIEW
2022,6,PUBLIC PEACE VIOLATION,21,LAKE VIEW
2022,6,ROBBERY,205,LAKE VIEW
2022,6,SEX OFFENSE,34,LAKE VIEW
2022,6,STALKING,11,LAKE VIEW
2022,6,THEFT,2271,LAKE VIEW
2022,6,WEAPONS VIOLATION,41,LAKE VIEW
2022,7,ARSON,3,LINCOLN PARK
2022,7,ASSAULT,145,LINCOLN PARK
2022,7,BATTERY,290,LINCOLN PARK
2022,7,BURGLARY,187,LINCOLN PARK
2022,7,CONCEALED CARRY LICENSE VIOLATION,1,LINCOLN PARK
2022,7,CRIMINAL DAMAGE,292,LINCOLN PARK
2022,7,CRIMINAL SEXUAL ASSAULT,24,LINCOLN PARK
2022,7,CRIMINAL TRESPASS,76,LINCOLN PARK
2022,7,DECEPTIVE PRACTICE,371,LINCOLN PARK
2022,7,HOMICIDE,1,LINCOLN PARK
2022,7,INTIMIDATION,4,LINCOLN PARK
2022,7,KIDNAPPING,1,LINCOLN PARK
2022,7,LIQUOR LAW VIOLATION,5,LINCOLN PARK
2022,7,MOTOR VEHICLE THEFT,267,LINCOLN PARK
2022,7,NARCOTICS,8,LINCOLN PARK
2022,7,OBSCENITY,1,LINCOLN PARK
2022,7,OFFENSE INVOLVING CHILDREN,7,LINCOLN PARK
2022,7,OTHER OFFENSE,124,LINCOLN PARK
2022,7,PUBLIC PEACE VIOLATION,16,LINCOLN PARK
2022,7,ROBBERY,122,LINCOLN PARK
2022,7,SEX OFFENSE,27,LINCOLN PARK
2022,7,STALKING,3,LINCOLN PARK
2022,7,THEFT,1542,LINCOLN PARK
2022,7,WEAPONS VIOLATION,36,LINCOLN PARK
2022,8,ARSON,5,NEAR NORTH SIDE
2022,8,ASSAULT,628,NEAR NORTH SIDE
2022,8,BATTERY,1435,NEAR NORTH SIDE
2022,8,BURGLARY,152,NEAR NORTH SIDE
2022,8,CONCEALED CARRY LICENSE VIOLATION,5,NEAR NORTH SIDE
2022,8,CRIMINAL DAMAGE,668,NEAR NORTH SIDE
2022,8,CRIMINAL SEXUAL ASSAULT,149,NEAR NORTH SIDE
2022,8,CRIMINAL TRESPASS,353,NEAR NORTH SIDE
2022,8,DECEPTIVE PRACTICE,1098,NEAR NORTH SIDE
2022,8,HOMICIDE,15,NEAR NORTH SIDE
2022,8,HUMAN TRAFFICKING,1,NEAR NORTH SIDE
2022,8,INTERFERENCE WITH PUBLIC OFFICER,19,NEAR NORTH SIDE
2022,8,INTIMIDATION,9,NEAR NORTH SIDE
2022,8,KIDNAPPING,3,NEAR NORTH SIDE
2022,8,LIQUOR LAW VIOLATION,21,NEAR NORTH SIDE
2022,8,MOTOR VEHICLE THEFT,651,NEAR NORTH SIDE
2022,8,NARCOTICS,138,NEAR NORTH SIDE
2022,8,NON-CRIMINAL,2,NEAR NORTH SIDE
2022,8,OBSCENITY,1,NEAR NORTH SIDE
2022,8,OFFENSE INVOLVING CHILDREN,26,NEAR NORTH SIDE
2022,8,OTHER NARCOTIC VIOLATION,1,NEAR NORTH SIDE
2022,8,OTHER OFFENSE,322,NEAR NORTH SIDE
2022,8,PROSTITUTION,4,NEAR NORTH SIDE
2022,8,PUBLIC PEACE VIOLATION,32,NEAR NORTH SIDE
2022,8,ROBBERY,339,NEAR NORTH SIDE
2022,8,SEX OFFENSE,61,NEAR NORTH SIDE
2022,8,STALKING,25,NEAR NORTH SIDE
2022,8,THEFT,4251,NEAR NORTH SIDE
2022,8,WEAPONS VIOLATION,230,NEAR NORTH SIDE
2022,9,ARSON,1,EDISON PARK
2022,9,ASSAULT,20,EDISON PARK
2022,9,BATTERY,47,EDISON PARK
2022,9,BURGLARY,26,EDISON PARK
2022,9,CRIMINAL DAMAGE,22,EDISON PARK
2022,9,CRIMINAL SEXUAL ASSAULT,4,EDISON PARK
2022,9,CRIMINAL TRESPASS,13,EDISON PARK
2022,9,DECEPTIVE PRACTICE,63,EDISON PARK
2022,9,HOMICIDE,2,EDISON PARK
2022,9,INTIMIDATION,2,EDISON PARK
2022,9,MOTOR VEHICLE THEFT,13,EDISON PARK
2022,9,NARCOTICS,1,EDISON PARK
2022,9,OFFENSE INVOLVING CHILDREN,7,EDISON PARK
2022,9,OTHER OFFENSE,27,EDISON PARK
2022,9,PUBLIC PEACE VIOLATION,1,EDISON PARK
2022,9,ROBBERY,1,EDISON PARK
2022,9,SEX OFFENSE,2,EDISON PARK
2022,9,STALKING,1,EDISON PARK
2022,9,THEFT,49,EDISON PARK
2022,9,WEAPONS VIOLATION,1,EDISON PARK
2022,10,ARSON,4,NORWOOD PARK
2022,10,ASSAULT,90,NORWOOD PARK
2022,10,BATTERY,191,NORWOOD PARK
2022,10,BURGLARY,70,NORWOOD PARK
2022,10,CRIMINAL DAMAGE,96,NORWOOD PARK
2022,10,CRIMINAL SEXUAL ASSAULT,9,NORWOOD PARK
2022,10,CRIMINAL TRESPASS,35,NORWOOD PARK
2022,10,DECEPTIVE PRACTICE,243,NORWOOD PARK
2022,10,HOMICIDE,1,NORWOOD PARK
2022,10,INTERFERENCE WITH PUBLIC OFFICER,3,NORWOOD PARK
2022,10,INTIMIDATION,1,NORWOOD PARK
2022,10,KIDNAPPING,2,NORWOOD PARK
2022,10,MOTOR VEHICLE THEFT,52,NORWOOD PARK
2022,10,NARCOTICS,6,NORWOOD PARK
2022,10,OFFENSE INVOLVING CHILDREN,6,NORWOOD PARK
2022,10,OTHER OFFENSE,103,NORWOOD PARK
2022,10,PUBLIC PEACE VIOLATION,2,NORWOOD PARK
2022,10,ROBBERY,23,NORWOOD PARK
2022,10,SEX OFFENSE,8,NORWOOD PARK
2022,10,THEFT,325,NORWOOD PARK
2022,10,WEAPONS VIOLATION,5,NORWOOD PARK
2022,11,ASSAULT,75,JEFFERSON PARK
2022,11,BATTERY,158,JEFFERSON PARK
2022,11,BURGLARY,50,JEFFERSON PARK
2022,11,CRIMINAL DAMAGE,104,JEFFERSON PARK
2022,11,CRIMINAL SEXUAL ASSAULT,5,JEFFERSON PARK
2022,11,CRIMINAL TRESPASS,33,JEFFERSON PARK
2022,11,DECEPTIVE PRACTICE,175,JEFFERSON PARK
2022,11,HOMICIDE,1,JEFFERSON PARK
2022,11,INTERFERENCE WITH PUBLIC OFFICER,1,JEFFERSON PARK
2022,11,LIQUOR LAW VIOLATION,2,JEFFERSON PARK
2022,11,MOTOR VEHICLE THEFT,50,JEFFERSON PARK
2022,11,NARCOTICS,10,JEFFERSON PARK
2022,11,OBSCENITY,1,JEFFERSON PARK
2022,11,OFFENSE INVOLVING CHILDREN,4,JEFFERSON PARK
2022,11,OTHER NARCOTIC VIOLATION,1,JEFFERSON PARK
2022,11,OTHER OFFENSE,89,JEFFERSON PARK
2022,11,PUBLIC PEACE VIOLATION,2,JEFFERSON PARK
2022,11,ROBBERY,17,JEFFERSON PARK
2022,11,SEX OFFENSE,9,JEFFERSON PARK
2022,11,STALKING,7,JEFFERSON PARK
2022,11,THEFT,284,JEFFERSON PARK
2022,11,WEAPONS VIOLATION,6,JEFFERSON PARK
2022,12,ASSAULT,41,FOREST GLEN
2022,12,BATTERY,49,FOREST GLEN
2022,12,BURGLARY,42,FOREST GLEN
2022,12,CRIMINAL DAMAGE,68,FOREST GLEN
2022,12,CRIMINAL SEXUAL ASSAULT,2,FOREST GLEN
2022,12,CRIMINAL TRESPASS,21,FOREST GLEN
2022,12,DECEPTIVE PRACTICE,178,FOREST GLEN
2022,12,MOTOR VEHICLE THEFT,23,FOREST GLEN
2022,12,NARCOTICS,6,FOREST GLEN
2022,12,OFFENSE INVOLVING CHILDREN,7,FOREST GLEN
2022,12,OTHER OFFENSE,28,FOREST GLEN
2022,12,PUBLIC PEACE VIOLATION,3,FOREST GLEN
2022,12,ROBBERY,2,FOREST GLEN
2022,12,SEX OFFENSE,3,FOREST GLEN
2022,12,THEFT,139,FOREST GLEN
2022,12,WEAPONS VIOLATION,6,FOREST GLEN
2022,13,ARSON,1,NORTH PARK
2022,13,ASSAULT,82,NORTH PARK
2022,13,BATTERY,162,NORTH PARK
2022,13,BURGLARY,39,NORTH PARK
2022,13,CRIMINAL DAMAGE,109,NORTH PARK
2022,13,CRIMINAL SEXUAL ASSAULT,7,NORTH PARK
2022,13,CRIMINAL TRESPASS,23,NORTH PARK
2022,13,DECEPTIVE PRACTICE,135,NORTH PARK
2022,13,GAMBLING,1,NORTH PARK
2022,13,HOMICIDE,2,NORTH PARK
2022,13,LIQUOR LAW VIOLATION,2,NORTH PARK
2022,13,MOTOR VEHICLE THEFT,58,NORTH PARK
2022,13,NARCOTICS,11,NORTH PARK
2022,13,OFFENSE INVOLVING CHILDREN,9,NORTH PARK
2022,13,OTHER OFFENSE,50,NORTH PARK
2022,13,PUBLIC PEACE VIOLATION,4,NORTH PARK
2022,13,ROBBERY,22,NORTH PARK
2022,13,SEX OFFENSE,9,NORTH PARK
2022,13,STALKING,1,NORTH PARK
2022,13,THEFT,258,NORTH PARK
2022,13,WEAPONS VIOLATION,9,NORTH PARK
2022,14,ARSON,2,ALBANY PARK
2022,14,ASSAULT,180,ALBANY PARK
2022,14,BATTERY,401,ALBANY PARK
2022,14,BURGLARY,83,ALBANY PARK
2022,14,CRIMINAL DAMAGE,317,ALBANY PARK
2022,14,CRIMINAL SEXUAL ASSAULT,19,ALBANY PARK
2022,14,CRIMINAL TRESPASS,29,ALBANY PARK
2022,14,DECEPTIVE PRACTICE,141,ALBANY PARK
2022,14,HOMICIDE,6,ALBANY PARK
2022,14,INTERFERENCE WITH PUBLIC OFFICER,1,ALBANY PARK
2022,14,INTIMIDATION,1,ALBANY PARK
2022,14,LIQUOR LAW VIOLATION,4,ALBANY PARK
2022,14,MOTOR VEHICLE THEFT,131,ALBANY PARK
2022,14,NARCOTICS,53,ALBANY PARK
2022,14,OBSCENITY,2,ALBANY PARK
2022,14,OFFENSE INVOLVING CHILDREN,29,ALBANY PARK
2022,14,OTHER OFFENSE,164,ALBANY PARK
2022,14,PUBLIC PEACE VIOLATION,4,ALBANY PARK
2022,14,ROBBERY,45,ALBANY PARK
2022,14,SEX OFFENSE,24,ALBANY PARK
2022,14,STALKING,3,ALBANY PARK
2022,14,THEFT,508,ALBANY PARK
2022,14,WEAPONS VIOLATION,50,ALBANY PARK
2022,15,ARSON,4,PORTAGE PARK
2022,15,ASSAULT,249,PORTAGE PARK
2022,15,BATTERY,512,PORTAGE PARK
2022,15,BURGLARY,139,PORTAGE PARK
2022,15,CONCEALED CARRY LICENSE VIOLATION,1,PORTAGE PARK
2022,15,CRIMINAL DAMAGE,296,PORTAGE PARK
2022,15,CRIMINAL SEXUAL ASSAULT,26,PORTAGE PARK
2022,15,CRIMINAL TRESPASS,60,PORTAGE PARK
2022,15,DECEPTIVE PRACTICE,313,PORTAGE PARK
2022,15,HOMICIDE,3,PORTAGE PARK
2022,15,HUMAN TRAFFICKING,1,PORTAGE PARK
2022,15,INTERFERENCE WITH PUBLIC OFFICER,3,PORTAGE PARK
2022,15,INTIMIDATION,4,PORTAGE PARK
2022,15,KIDNAPPING,3,PORTAGE PARK
2022,15,LIQUOR LAW VIOLATION,6,PORTAGE PARK
2022,15,MOTOR VEHICLE THEFT,216,PORTAGE PARK
2022,15,NARCOTICS,59,PORTAGE PARK
2022,15,OFFENSE INVOLVING CHILDREN,29,PORTAGE PARK
2022,15,OTHER OFFENSE,300,PORTAGE PARK
2022,15,PUBLIC PEACE VIOLATION,8,PORTAGE PARK
2022,15,ROBBERY,63,PORTAGE PARK
2022,15,SEX OFFENSE,29,PORTAGE PARK
2022,15,STALKING,10,PORTAGE PARK
2022,15,THEFT,654,PORTAGE PARK
2022,15,WEAPONS VIOLATION,44,PORTAGE PARK
2022,16,ARSON,8,IRVING PARK
2022,16,ASSAULT,188,IRVING PARK
2022,16,BATTERY,397,IRVING PARK
2022,16,BURGLARY,121,IRVING PARK
2022,16,CONCEALED CARRY LICENSE VIOLATION,1,IRVING PARK
2022,16,CRIMINAL DAMAGE,283,IRVING PARK
2022,16,CRIMINAL SEXUAL ASSAULT,14,IRVING PARK
2022,16,CRIMINAL TRESPASS,39,IRVING PARK
2022,16,DECEPTIVE PRACTICE,211,IRVING PARK
2022,16,HOMICIDE,3,IRVING PARK
2022,16,INTERFERENCE WITH PUBLIC OFFICER,2,IRVING PARK
2022,16,INTIMIDATION,2,IRVING PARK
2022,16,LIQUOR LAW VIOLATION,2,IRVING PARK
2022,16,MOTOR VEHICLE THEFT,188,IRVING PARK
2022,16,NARCOTICS,70,IRVING PARK
2022,16,OFFENSE INVOLVING CHILDREN,23,IRVING PARK
2022,16,OTHER OFFENSE,213,IRVING PARK
2022,16,PROSTITUTION,1,IRVING PARK
2022,16,PUBLIC PEACE VIOLATION,5,IRVING PARK
2022,16,ROBBERY,60,IRVING PARK
2022,16,SEX OFFENSE,33,IRVING PARK
2022,16,STALKING,2,IRVING PARK
2022,16,THEFT,715,IRVING PARK
2022,16,WEAPONS VIOLATION,37,IRVING PARK
2022,17,ARSON,3,DUNNING
2022,17,ASSAULT,130,DUNNING
2022,17,BATTERY,258,DUNNING
2022,17,BURGLARY,63,DUNNING
2022,17,CONCEALED CARRY LICENSE VIOLATION,2,DUNNING
2022,17,CRIMINAL DAMAGE,154,DUNNING
2022,17,CRIMINAL SEXUAL ASSAULT,7,DUNNING
2022,17,CRIMINAL TRESPASS,26,DUNNING
2022,17,DECEPTIVE PRACTICE,337,DUNNING
2022,17,HOMICIDE,1,DUNNING
2022,17,LIQUOR LAW VIOLATION,1,DUNNING
2022,17,MOTOR VEHICLE THEFT,91,DUNNING
2022,17,NARCOTICS,11,DUNNING
2022,17,OFFENSE INVOLVING CHILDREN,16,DUNNING
2022,17,OTHER OFFENSE,163,DUNNING
2022,17,PUBLIC PEACE VIOLATION,4,DUNNING
2022,17,ROBBERY,14,DUNNING
2022,17,SEX OFFENSE,14,DUNNING
2022,17,STALKING,3,DUNNING
2022,17,THEFT,301,DUNNING
2022,17,WEAPONS VIOLATION,23,DUNNING
2022,18,ARSON,2,MONTCLARE
2022,18,ASSAULT,50,MONTCLARE
2022,18,BATTERY,84,MONTCLARE
2022,18,BURGLARY,31,MONTCLARE
2022,18,CRIMINAL DAMAGE,95,MONTCLARE
2022,18,CRIMINAL SEXUAL ASSAULT,2,MONTCLARE
2022,18,CRIMINAL TRESPASS,15,MONTCLARE
2022,18,DECEPTIVE PRACTICE,69,MONTCLARE
2022,18,HOMICIDE,2,MONTCLARE
2022,18,INTERFERENCE WITH PUBLIC OFFICER,1,MONTCLARE
2022,18,INTIMIDATION,4,MONTCLARE
2022,18,KIDNAPPING,1,MONTCLARE
2022,18,MOTOR VEHICLE THEFT,68,MONTCLARE
2022,18,NARCOTICS,2,MONTCLARE
2022,18,OFFENSE INVOLVING CHILDREN,10,MONTCLARE
2022,18,OTHER OFFENSE,57,MONTCLARE
2022,18,PUBLIC PEACE VIOLATION,1,MONTCLARE
2022,18,ROBBERY,14,MONTCLARE
2022,18,SEX OFFENSE,3,MONTCLARE
2022,18,STALKING,1,MONTCLARE
2022,18,THEFT,137,MONTCLARE
2022,18,WEAPONS VIOLATION,17,MONTCLARE
2022,19,ARSON,11,BELMONT CRAGIN
2022,19,ASSAULT,380,BELMONT CRAGIN
2022,19,BATTERY,741,BELMONT CRAGIN
2022,19,BURGLARY,117,BELMONT CRAGIN
2022,19,CONCEALED CARRY LICENSE VIOLATION,2,BELMONT CRAGIN
2022,19,CRIMINAL DAMAGE,439,BELMONT CRAGIN
2022,19,CRIMINAL SEXUAL ASSAULT,31,BELMONT CRAGIN
2022,19,CRIMINAL TRESPASS,50,BELMONT CRAGIN
2022,19,DECEPTIVE PRACTICE,335,BELMONT CRAGIN
2022,19,HOMICIDE,9,BELMONT CRAGIN
2022,19,INTERFERENCE WITH PUBLIC OFFICER,7,BELMONT CRAGIN
2022,19,INTIMIDATION,3,BELMONT CRAGIN
2022,19,KIDNAPPING,3,BELMONT CRAGIN
2022,19,LIQUOR LAW VIOLATION,11,BELMONT CRAGIN
2022,19,MOTOR VEHICLE THEFT,377,BELMONT CRAGIN
2022,19,NARCOTICS,64,BELMONT CRAGIN
2022,19,OBSCENITY,1,BELMONT CRAGIN
2022,19,OFFENSE INVOLVING CHILDREN,50,BELMONT CRAGIN
2022,19,OTHER OFFENSE,382,BELMONT CRAGIN
2022,19,PUBLIC PEACE VIOLATION,16,BELMONT CRAGIN
2022,19,ROBBERY,107,BELMONT CRAGIN
2022,19,SEX OFFENSE,25,BELMONT CRAGIN
2022,19,STALKING,7,BELMONT CRAGIN
2022,19,THEFT,769,BELMONT CRAGIN
2022,19,WEAPONS VIOLATION,175,BELMONT CRAGIN
2022,20,ARSON,1,HERMOSA
2022,20,ASSAULT,102,HERMOSA
2022,20,BATTERY,234,HERMOSA
2022,20,BURGLARY,28,HERMOSA
2022,20,CRIMINAL DAMAGE,134,HERMOSA
2022,20,CRIMINAL SEXUAL ASSAULT,9,HERMOSA
2022,20,CRIMINAL TRESPASS,9,HERMOSA
2022,20,DECEPTIVE PRACTICE,101,HERMOSA
2022,20,HOMICIDE,1,HERMOSA
2022,20,INTERFERENCE WITH PUBLIC OFFICER,4,HERMOSA
2022,20,KIDNAPPING,1,HERMOSA
2022,20,LIQUOR LAW VIOLATION,2,HERMOSA
2022,20,MOTOR VEHICLE THEFT,135,HERMOSA
2022,20,NARCOTICS,26,HERMOSA
2022,20,OBSCENITY,1,HERMOSA
2022,20,OFFENSE INVOLVING CHILDREN,31,HERMOSA
2022,20,OTHER OFFENSE,99,HERMOSA
2022,20,PUBLIC PEACE VIOLATION,7,HERMOSA
2022,20,ROBBERY,41,HERMOSA
2022,20,SEX OFFENSE,10,HERMOSA
2022,20,STALKING,2,HERMOSA
2022,20,THEFT,288,HERMOSA
2022,20,WEAPONS VIOLATION,59,HERMOSA
2022,21,ARSON,1,AVONDALE
2022,21,ASSAULT,159,AVONDALE
2022,21,BATTERY,319,AVONDALE
2022,21,BURGLARY,92,AVONDALE
2022,21,CRIMINAL DAMAGE,205,AVONDALE
2022,21,CRIMINAL SEXUAL ASSAULT,6,AVONDALE
2022,21,CRIMINAL TRESPASS,31,AVONDALE
2022,21,DECEPTIVE PRACTICE,150,AVONDALE
2022,21,HOMICIDE,2,AVONDALE
2022,21,INTERFERENCE WITH PUBLIC OFFICER,1,AVONDALE
2022,21,INTIMIDATION,1,AVONDALE
2022,21,KIDNAPPING,1,AVONDALE
2022,21,LIQUOR LAW VIOLATION,2,AVONDALE
2022,21,MOTOR VEHICLE THEFT,139,AVONDALE
2022,21,NARCOTICS,19,AVONDALE
2022,21,OFFENSE INVOLVING CHILDREN,14,AVONDALE
2022,21,OTHER OFFENSE,129,AVONDALE
2022,21,PUBLIC PEACE VIOLATION,5,AVONDALE
2022,21,ROBBERY,89,AVONDALE
2022,21,SEX OFFENSE,16,AVONDALE
2022,21,STALKING,3,AVONDALE
2022,21,THEFT,577,AVONDALE
2022,21,WEAPONS VIOLATION,37,AVONDALE
2022,22,ARSON,3,LOGAN SQUARE
2022,22,ASSAULT,263,LOGAN SQUARE
2022,22,BATTERY,487,LOGAN SQUARE
2022,22,BURGLARY,191,LOGAN SQUARE
2022,22,CONCEALED CARRY LICENSE VIOLATION,1,LOGAN SQUARE
2022,22,CRIMINAL DAMAGE,462,LOGAN SQUARE
2022,22,CRIMINAL SEXUAL ASSAULT,24,LOGAN SQUARE
2022,22,CRIMINAL TRESPASS,63,LOGAN SQUARE
2022,22,DECEPTIVE PRACTICE,321,LOGAN SQUARE
2022,22,HOMICIDE,8,LOGAN SQUARE
2022,22,INTERFERENCE WITH PUBLIC OFFICER,1,LOGAN SQUARE
2022,22,INTIMIDATION,1,LOGAN SQUARE
2022,22,LIQUOR LAW VIOLATION,2,LOGAN SQUARE
2022,22,MOTOR VEHICLE THEFT,340,LOGAN SQUARE
2022,22,NARCOTICS,26,LOGAN SQUARE
2022,22,OFFENSE INVOLVING CHILDREN,30,LOGAN SQUARE
2022,22,OTHER NARCOTIC VIOLATION,1,LOGAN SQUARE
2022,22,OTHER OFFENSE,261,LOGAN SQUARE
2022,22,PUBLIC PEACE VIOLATION,12,LOGAN SQUARE
2022,22,ROBBERY,200,LOGAN SQUARE
2022,22,SEX OFFENSE,26,LOGAN SQUARE
2022,22,STALKING,8,LOGAN SQUARE
2022,22,THEFT,1342,LOGAN SQUARE
2022,22,WEAPONS VIOLATION,48,LOGAN SQUARE
2022,23,ARSON,13,HUMBOLDT PARK
2022,23,ASSAULT,533,HUMBOLDT PARK
2022,23,BATTERY,1163,HUMBOLDT PARK
2022,23,BURGLARY,157,HUMBOLDT PARK
2022,23,CONCEALED CARRY LICENSE VIOLATION,5,HUMBOLDT PARK
2022,23,CRIMINAL DAMAGE,630,HUMBOLDT PARK
2022,23,CRIMINAL SEXUAL ASSAULT,44,HUMBOLDT PARK
2022,23,CRIMINAL TRESPASS,84,HUMBOLDT PARK
2022,23,DECEPTIVE PRACTICE,318,HUMBOLDT PARK
2022,23,HOMICIDE,23,HUMBOLDT PARK
2022,23,HUMAN TRAFFICKING,1,HUMBOLDT PARK
2022,23,INTERFERENCE WITH PUBLIC OFFICER,7,HUMBOLDT PARK
2022,23,INTIMIDATION,1,HUMBOLDT PARK
2022,23,KIDNAPPING,2,HUMBOLDT PARK
2022,23,LIQUOR LAW VIOLATION,3,HUMBOLDT PARK
2022,23,MOTOR VEHICLE THEFT,529,HUMBOLDT PARK
2022,23,NARCOTICS,586,HUMBOLDT PARK
2022,23,OBSCENITY,1,HUMBOLDT PARK
2022,23,OFFENSE INVOLVING CHILDREN,47,HUMBOLDT PARK
2022,23,OTHER NARCOTIC VIOLATION,1,HUMBOLDT PARK
2022,23,OTHER OFFENSE,440,HUMBOLDT PARK
2022,23,PROSTITUTION,3,HUMBOLDT PARK
2022,23,PUBLIC PEACE VIOLATION,25,HUMBOLDT PARK
2022,23,ROBBERY,363,HUMBOLDT PARK
2022,23,SEX OFFENSE,30,HUMBOLDT PARK
2022,23,STALKING,14,HUMBOLDT PARK
2022,23,THEFT,870,HUMBOLDT PARK
2022,23,WEAPONS VIOLATION,260,HUMBOLDT PARK
2022,24,ARSON,10,WEST TOWN
2022,24,ASSAULT,405,WEST TOWN
2022,24,BATTERY,770,WEST TOWN
2022,24,BURGLARY,310,WEST TOWN
2022,24,CONCEALED CARRY LICENSE VIOLATION,2,WEST TOWN
2022,24,CRIMINAL DAMAGE,754,WEST TOWN
2022,24,CRIMINAL SEXUAL ASSAULT,31,WEST TOWN
2022,24,CRIMINAL TRESPASS,115,WEST TOWN
2022,24,DECEPTIVE PRACTICE,498,WEST TOWN
2022,24,HOMICIDE,10,WEST TOWN
2022,24,INTERFERENCE WITH PUBLIC OFFICER,6,WEST TOWN
2022,24,INTIMIDATION,3,WEST TOWN
2022,24,LIQUOR LAW VIOLATION,15,WEST TOWN
2022,24,MOTOR VEHICLE THEFT,627,WEST TOWN
2022,24,NARCOTICS,74,WEST TOWN
2022,24,OBSCENITY,1,WEST TOWN
2022,24,OFFENSE INVOLVING CHILDREN,28,WEST TOWN
2022,24,OTHER OFFENSE,336,WEST TOWN
2022,24,PUBLIC INDECENCY,1,WEST TOWN
2022,24,PUBLIC PEACE VIOLATION,19,WEST TOWN
2022,24,ROBBERY,407,WEST TOWN
2022,24,SEX OFFENSE,37,WEST TOWN
2022,24,STALKING,8,WEST TOWN
2022,24,THEFT,2682,WEST TOWN
2022,24,WEAPONS VIOLATION,107,WEST TOWN
2022,25,ARSON,31,AUSTIN
2022,25,ASSAULT,1208,AUSTIN
2022,25,BATTERY,2385,AUSTIN
2022,25,BURGLARY,271,AUSTIN
2022,25,CONCEALED CARRY LICENSE VIOLATION,3,AUSTIN
2022,25,CRIMINAL DAMAGE,1481,AUSTIN
2022,25,CRIMINAL SEXUAL ASSAULT,84,AUSTIN
2022,25,CRIMINAL TRESPASS,149,AUSTIN
2022,25,DECEPTIVE PRACTICE,676,AUSTIN
2022,25,GAMBLING,2,AUSTIN
2022,25,HOMICIDE,50,AUSTIN
2022,25,INTERFERENCE WITH PUBLIC OFFICER,32,AUSTIN
2022,25,INTIMIDATION,7,AUSTIN
2022,25,KIDNAPPING,2,AUSTIN
2022,25,LIQUOR LAW VIOLATION,3,AUSTIN
2022,25,MOTOR VEHICLE THEFT,1348,AUSTIN
2022,25,NARCOTICS,501,AUSTIN
2022,25,OBSCENITY,1,AUSTIN
2022,25,OFFENSE INVOLVING CHILDREN,112,AUSTIN
2022,25,OTHER OFFENSE,826,AUSTIN
2022,25,PROSTITUTION,94,AUSTIN
2022,25,PUBLIC PEACE VIOLATION,41,AUSTIN
2022,25,ROBBERY,516,AUSTIN
2022,25,SEX OFFENSE,56,AUSTIN
2022,25,STALKING,24,AUSTIN
2022,25,THEFT,1826,AUSTIN
2022,25,WEAPONS VIOLATION,559,AUSTIN
2022,26,ARSON,15,WEST GARFIELD PARK
2022,26,ASSAULT,329,WEST GARFIELD PARK
2022,26,BATTERY,785,WEST GARFIELD PARK
2022,26,BURGLARY,77,WEST GARFIELD PARK
2022,26,CRIMINAL DAMAGE,417,WEST GARFIELD PARK
2022,26,CRIMINAL SEXUAL ASSAULT,26,WEST GARFIELD PARK
2022,26,CRIMINAL TRESPASS,46,WEST GARFIELD PARK
2022,26,DECEPTIVE PRACTICE,127,WEST GARFIELD PARK
2022,26,HOMICIDE,28,WEST GARFIELD PARK
2022,26,INTERFERENCE WITH PUBLIC OFFICER,18,WEST GARFIELD PARK
2022,26,KIDNAPPING,1,WEST GARFIELD PARK
2022,26,LIQUOR LAW VIOLATION,4,WEST GARFIELD PARK
2022,26,MOTOR VEHICLE THEFT,338,WEST GARFIELD PARK
2022,26,NARCOTICS,503,WEST GARFIELD PARK
2022,26,OFFENSE INVOLVING CHILDREN,22,WEST GARFIELD PARK
2022,26,OTHER OFFENSE,186,WEST GARFIELD PARK
2022,26,PROSTITUTION,107,WEST GARFIELD PARK
2022,26,PUBLIC PEACE VIOLATION,15,WEST GARFIELD PARK
2022,26,ROBBERY,226,WEST GARFIELD PARK
2022,26,SEX OFFENSE,18,WEST GARFIELD PARK
2022,26,STALKING,2,WEST GARFIELD PARK
2022,26,THEFT,424,WEST GARFIELD PARK
2022,26,WEAPONS VIOLATION,311,WEST GARFIELD PARK
2022,27,ARSON,9,EAST GARFIELD PARK
2022,27,ASSAULT,380,EAST GARFIELD PARK
2022,27,BATTERY,803,EAST GARFIELD PARK
2022,27,BURGLARY,95,EAST GARFIELD PARK
2022,27,CRIMINAL DAMAGE,501,EAST GARFIELD PARK
2022,27,CRIMINAL SEXUAL ASSAULT,26,EAST GARFIELD PARK
2022,27,CRIMINAL TRESPASS,60,EAST GARFIELD PARK
2022,27,DECEPTIVE PRACTICE,131,EAST GARFIELD PARK
2022,27,GAMBLING,1,EAST GARFIELD PARK
2022,27,HOMICIDE,19,EAST GARFIELD PARK
2022,27,HUMAN TRAFFICKING,1,EAST GARFIELD PARK
2022,27,INTERFERENCE WITH PUBLIC OFFICER,11,EAST GARFIELD PARK
2022,27,INTIMIDATION,2,EAST GARFIELD PARK
2022,27,KIDNAPPING,2,EAST GARFIELD PARK
2022,27,LIQUOR LAW VIOLATION,1,EAST GARFIELD PARK
2022,27,MOTOR VEHICLE THEFT,372,EAST GARFIELD PARK
2022,27,NARCOTICS,207,EAST GARFIELD PARK
2022,27,OFFENSE INVOLVING CHILDREN,27,EAST GARFIELD PARK
2022,27,OTHER OFFENSE,233,EAST GARFIELD PARK
2022,27,PROSTITUTION,1,EAST GARFIELD PARK
2022,27,PUBLIC PEACE VIOLATION,15,EAST GARFIELD PARK
2022,27,ROBBERY,135,EAST GARFIELD PARK
2022,27,SEX OFFENSE,21,EAST GARFIELD PARK
2022,27,STALKING,13,EAST GARFIELD PARK
2022,27,THEFT,552,EAST GARFIELD PARK
2022,27,WEAPONS VIOLATION,186,EAST GARFIELD PARK
2022,28,ARSON,17,NEAR WEST SIDE
2022,28,ASSAULT,674,NEAR WEST SIDE
2022,28,BATTERY,1234,NEAR WEST SIDE
2022,28,BURGLARY,191,NEAR WEST SIDE
2022,28,CONCEALED CARRY LICENSE VIOLATION,2,NEAR WEST SIDE
2022,28,CRIMINAL DAMAGE,957,NEAR WEST SIDE
2022,28,CRIMINAL SEXUAL ASSAULT,54,NEAR WEST SIDE
2022,28,CRIMINAL TRESPASS,210,NEAR WEST SIDE
2022,28,DECEPTIVE PRACTICE,726,NEAR WEST SIDE
2022,28,HOMICIDE,18,NEAR WEST SIDE
2022,28,INTERFERENCE WITH PUBLIC OFFICER,12,NEAR WEST SIDE
2022,28,INTIMIDATION,13,NEAR WEST SIDE
2022,28,KIDNAPPING,3,NEAR WEST SIDE
2022,28,LIQUOR LAW VIOLATION,9,NEAR WEST SIDE
2022,28,MOTOR VEHICLE THEFT,802,NEAR WEST SIDE
2022,28,NARCOTICS,130,NEAR WEST SIDE
2022,28,OBSCENITY,2,NEAR WEST SIDE
2022,28,OFFENSE INVOLVING CHILDREN,35,NEAR WEST SIDE
2022,28,OTHER OFFENSE,473,NEAR WEST SIDE
2022,28,PUBLIC PEACE VIOLATION,30,NEAR WEST SIDE
2022,28,ROBBERY,363,NEAR WEST SIDE
2022,28,SEX OFFENSE,33,NEAR WEST SIDE
2022,28,STALKING,12,NEAR WEST SIDE
2022,28,THEFT,3376,NEAR WEST SIDE
2022,28,WEAPONS VIOLATION,155,NEAR WEST SIDE
2022,29,ARSON,17,NORTH LAWNDALE
2022,29,ASSAULT,599,NORTH LAWNDALE
2022,29,BATTERY,1492,NORTH LAWNDALE
2022,29,BURGLARY,104,NORTH LAWNDALE
2022,29,CONCEALED CARRY LICENSE VIOLATION,1,NORTH LAWNDALE
2022,29,CRIMINAL DAMAGE,826,NORTH LAWNDALE
2022,29,CRIMINAL SEXUAL ASSAULT,49,NORTH LAWNDALE
2022,29,CRIMINAL TRESPASS,79,NORTH LAWNDALE
2022,29,DECEPTIVE PRACTICE,245,NORTH LAWNDALE
2022,29,GAMBLING,1,NORTH LAWNDALE
2022,29,HOMICIDE,28,NORTH LAWNDALE
2022,29,HUMAN TRAFFICKING,3,NORTH LAWNDALE
2022,29,INTERFERENCE WITH PUBLIC OFFICER,8,NORTH LAWNDALE
2022,29,INTIMIDATION,4,NORTH LAWNDALE
2022,29,KIDNAPPING,3,NORTH LAWNDALE
2022,29,LIQUOR LAW VIOLATION,3,NORTH LAWNDALE
2022,29,MOTOR VEHICLE THEFT,524,NORTH LAWNDALE
2022,29,NARCOTICS,564,NORTH LAWNDALE
2022,29,OFFENSE INVOLVING CHILDREN,58,NORTH LAWNDALE
2022,29,OTHER OFFENSE,408,NORTH LAWNDALE
2022,29,PROSTITUTION,11,NORTH LAWNDALE
2022,29,PUBLIC PEACE VIOLATION,18,NORTH LAWNDALE
2022,29,ROBBERY,297,NORTH LAWNDALE
2022,29,SEX OFFENSE,25,NORTH LAWNDALE
2022,29,STALKING,13,NORTH LAWNDALE
2022,29,THEFT,935,NORTH LAWNDALE
2022,29,WEAPONS VIOLATION,460,NORTH LAWNDALE
2022,30,ARSON,11,SOUTH LAWNDALE
2022,30,ASSAULT,353,SOUTH LAWNDALE
2022,30,BATTERY,860,SOUTH LAWNDALE
2022,30,BURGLARY,82,SOUTH LAWNDALE
2022,30,CONCEALED CARRY LICENSE VIOLATION,2,SOUTH LAWNDALE
2022,30,CRIMINAL DAMAGE,503,SOUTH LAWNDALE
2022,30,CRIMINAL SEXUAL ASSAULT,35,SOUTH LAWNDALE
2022,30,CRIMINAL TRESPASS,41,SOUTH LAWNDALE
2022,30,DECEPTIVE PRACTICE,228,SOUTH LAWNDALE
2022,30,HOMICIDE,23,SOUTH LAWNDALE
2022,30,INTERFERENCE WITH PUBLIC OFFICER,7,SOUTH LAWNDALE
2022,30,INTIMIDATION,9,SOUTH LAWNDALE
2022,30,KIDNAPPING,1,SOUTH LAWNDALE
2022,30,LIQUOR LAW VIOLATION,1,SOUTH LAWNDALE
2022,30,MOTOR VEHICLE THEFT,214,SOUTH LAWNDALE
2022,30,NARCOTICS,68,SOUTH LAWNDALE
2022,30,OBSCENITY,1,SOUTH LAWNDALE
2022,30,OFFENSE INVOLVING CHILDREN,58,SOUTH LAWNDALE
2022,30,OTHER OFFENSE,264,SOUTH LAWNDALE
2022,30,PUBLIC PEACE VIOLATION,17,SOUTH LAWNDALE
2022,30,ROBBERY,194,SOUTH LAWNDALE
2022,30,SEX OFFENSE,27,SOUTH LAWNDALE
2022,30,STALKING,9,SOUTH LAWNDALE
2022,30,THEFT,563,SOUTH LAWNDALE
2022,30,WEAPONS VIOLATION,276,SOUTH LAWNDALE
2022,31,ARSON,5,LOWER WEST SIDE
2022,31,ASSAULT,250,LOWER WEST SIDE
2022,31,BATTERY,491,LOWER WEST SIDE
2022,31,BURGLARY,91,LOWER WEST SIDE
2022,31,CONCEALED CARRY LICENSE VIOLATION,1,LOWER WEST SIDE
2022,31,CRIMINAL DAMAGE,383,LOWER WEST SIDE
2022,31,CRIMINAL SEXUAL ASSAULT,14,LOWER WEST SIDE
2022,31,CRIMINAL TRESPASS,53,LOWER WEST SIDE
2022,31,DECEPTIVE PRACTICE,210,LOWER WEST SIDE
2022,31,HOMICIDE,9,LOWER WEST SIDE
2022,31,INTERFERENCE WITH PUBLIC OFFICER,3,LOWER WEST SIDE
2022,31,INTIMIDATION,3,LOWER WEST SIDE
2022,31,LIQUOR LAW VIOLATION,3,LOWER WEST SIDE
2022,31,MOTOR VEHICLE THEFT,231,LOWER WEST SIDE
2022,31,NARCOTICS,39,LOWER WEST SIDE
2022,31,OBSCENITY,4,LOWER WEST SIDE
2022,31,OFFENSE INVOLVING CHILDREN,8,LOWER WEST SIDE
2022,31,OTHER OFFENSE,143,LOWER WEST SIDE
2022,31,PUBLIC PEACE VIOLATION,9,LOWER WEST SIDE
2022,31,ROBBERY,114,LOWER WEST SIDE
2022,31,SEX OFFENSE,20,LOWER WEST SIDE
2022,31,STALKING,9,LOWER WEST SIDE
2022,31,THEFT,675,LOWER WEST SIDE
2022,31,WEAPONS VIOLATION,97,LOWER WEST SIDE
2022,32,ARSON,5,LOOP
2022,32,ASSAULT,466,LOOP
2022,32,BATTERY,1058,LOOP
2022,32,BURGLARY,84,LOOP
2022,32,CONCEALED CARRY LICENSE VIOLATION,2,LOOP
2022,32,CRIMINAL DAMAGE,617,LOOP
2022,32,CRIMINAL SEXUAL ASSAULT,38,LOOP
2022,32,CRIMINAL TRESPASS,224,LOOP
2022,32,DECEPTIVE PRACTICE,737,LOOP
2022,32,HOMICIDE,9,LOOP
2022,32,INTERFERENCE WITH PUBLIC OFFICER,28,LOOP
2022,32,INTIMIDATION,2,LOOP
2022,32,LIQUOR LAW VIOLATION,4,LOOP
2022,32,MOTOR VEHICLE THEFT,467,LOOP
2022,32,NARCOTICS,76,LOOP
2022,32,OBSCENITY,2,LOOP
2022,32,OFFENSE INVOLVING CHILDREN,8,LOOP
2022,32,OTHER NARCOTIC VIOLATION,2,LOOP
2022,32,OTHER OFFENSE,251,LOOP
2022,32,PUBLIC INDECENCY,2,LOOP
2022,32,PUBLIC PEACE VIOLATION,53,LOOP
2022,32,ROBBERY,299,LOOP
2022,32,SEX OFFENSE,46,LOOP
2022,32,STALKING,8,LOOP
2022,32,THEFT,3466,LOOP
2022,32,WEAPONS VIOLATION,110,LOOP
2022,33,ARSON,1,NEAR SOUTH SIDE
2022,33,ASSAULT,225,NEAR SOUTH SIDE
2022,33,BATTERY,390,NEAR SOUTH SIDE
2022,33,BURGLARY,44,NEAR SOUTH SIDE
2022,33,CRIMINAL DAMAGE,214,NEAR SOUTH SIDE
2022,33,CRIMINAL SEXUAL ASSAULT,14,NEAR SOUTH SIDE
2022,33,CRIMINAL TRESPASS,73,NEAR SOUTH SIDE
2022,33,DECEPTIVE PRACTICE,249,NEAR SOUTH SIDE
2022,33,HOMICIDE,8,NEAR SOUTH SIDE
2022,33,INTERFERENCE WITH PUBLIC OFFICER,8,NEAR SOUTH SIDE
2022,33,INTIMIDATION,1,NEAR SOUTH SIDE
2022,33,KIDNAPPING,2,NEAR SOUTH SIDE
2022,33,LIQUOR LAW VIOLATION,3,NEAR SOUTH SIDE
2022,33,MOTOR VEHICLE THEFT,343,NEAR SOUTH SIDE
2022,33,NARCOTICS,25,NEAR SOUTH SIDE
2022,33,OFFENSE INVOLVING CHILDREN,6,NEAR SOUTH SIDE
2022,33,OTHER OFFENSE,136,NEAR SOUTH SIDE
2022,33,PUBLIC PEACE VIOLATION,8,NEAR SOUTH SIDE
2022,33,ROBBERY,61,NEAR SOUTH SIDE
2022,33,SEX OFFENSE,12,NEAR SOUTH SIDE
2022,33,STALKING,3,NEAR SOUTH SIDE
2022,33,THEFT,641,NEAR SOUTH SIDE
2022,33,WEAPONS VIOLATION,62,NEAR SOUTH SIDE
2022,34,ARSON,1,ARMOUR SQUARE
2022,34,ASSAULT,88,ARMOUR SQUARE
2022,34,BATTERY,194,ARMOUR SQUARE
2022,34,BURGLARY,37,ARMOUR SQUARE
2022,34,CONCEALED CARRY LICENSE VIOLATION,1,ARMOUR SQUARE
2022,34,CRIMINAL DAMAGE,118,ARMOUR SQUARE
2022,34,CRIMINAL SEXUAL ASSAULT,5,ARMOUR SQUARE
2022,34,CRIMINAL TRESPASS,19,ARMOUR SQUARE
2022,34,DECEPTIVE PRACTICE,79,ARMOUR SQUARE
2022,34,HOMICIDE,2,ARMOUR SQUARE
2022,34,INTERFERENCE WITH PUBLIC OFFICER,2,ARMOUR SQUARE
2022,34,INTIMIDATION,3,ARMOUR SQUARE
2022,34,KIDNAPPING,1,ARMOUR SQUARE
2022,34,LIQUOR LAW VIOLATION,1,ARMOUR SQUARE
2022,34,MOTOR VEHICLE THEFT,85,ARMOUR SQUARE
2022,34,NARCOTICS,14,ARMOUR SQUARE
2022,34,OBSCENITY,1,ARMOUR SQUARE
2022,34,OFFENSE INVOLVING CHILDREN,6,ARMOUR SQUARE
2022,34,OTHER OFFENSE,39,ARMOUR SQUARE
2022,34,PUBLIC PEACE VIOLATION,13,ARMOUR SQUARE
2022,34,ROBBERY,118,ARMOUR SQUARE
2022,34,SEX OFFENSE,3,ARMOUR SQUARE
2022,34,STALKING,1,ARMOUR SQUARE
2022,34,THEFT,272,ARMOUR SQUARE
2022,34,WEAPONS VIOLATION,50,ARMOUR SQUARE
2022,35,ARSON,2,DOUGLAS
2022,35,ASSAULT,252,DOUGLAS
2022,35,BATTERY,477,DOUGLAS
2022,35,BURGLARY,38,DOUGLAS
2022,35,CONCEALED CARRY LICENSE VIOLATION,3,DOUGLAS
2022,35,CRIMINAL DAMAGE,297,DOUGLAS
2022,35,CRIMINAL SEXUAL ASSAULT,13,DOUGLAS
2022,35,CRIMINAL TRESPASS,46,DOUGLAS
2022,35,DECEPTIVE PRACTICE,152,DOUGLAS
2022,35,HOMICIDE,8,DOUGLAS
2022,35,INTERFERENCE WITH PUBLIC OFFICER,8,DOUGLAS
2022,35,INTIMIDATION,1,DOUGLAS
2022,35,KIDNAPPING,2,DOUGLAS
2022,35,LIQUOR LAW VIOLATION,2,DOUGLAS
2022,35,MOTOR VEHICLE THEFT,397,DOUGLAS
2022,35,NARCOTICS,37,DOUGLAS
2022,35,OFFENSE INVOLVING CHILDREN,22,DOUGLAS
2022,35,OTHER OFFENSE,195,DOUGLAS
2022,35,PUBLIC PEACE VIOLATION,15,DOUGLAS
2022,35,ROBBERY,70,DOUGLAS
2022,35,SEX OFFENSE,7,DOUGLAS
2022,35,STALKING,9,DOUGLAS
2022,35,THEFT,665,DOUGLAS
2022,35,WEAPONS VIOLATION,80,DOUGLAS
2022,36,ASSAULT,78,OAKLAND
2022,36,BATTERY,129,OAKLAND
2022,36,BURGLARY,14,OAKLAND
2022,36,CRIMINAL DAMAGE,87,OAKLAND
2022,36,CRIMINAL SEXUAL ASSAULT,8,OAKLAND
2022,36,CRIMINAL TRESPASS,9,OAKLAND
2022,36,DECEPTIVE PRACTICE,32,OAKLAND
2022,36,LIQUOR LAW VIOLATION,2,OAKLAND
2022,36,MOTOR VEHICLE THEFT,127,OAKLAND
2022,36,NARCOTICS,4,OAKLAND
2022,36,OFFENSE INVOLVING CHILDREN,11,OAKLAND
2022,36,OTHER OFFENSE,66,OAKLAND
2022,36,ROBBERY,20,OAKLAND
2022,36,SEX OFFENSE,1,OAKLAND
2022,36,STALKING,2,OAKLAND
2022,36,THEFT,134,OAKLAND
2022,36,WEAPONS VIOLATION,38,OAKLAND
2022,37,ASSAULT,65,FULLER PARK
2022,37,BATTERY,110,FULLER PARK
2022,37,BURGLARY,15,FULLER PARK
2022,37,CONCEALED CARRY LICENSE VIOLATION,1,FULLER PARK
2022,37,CRIMINAL DAMAGE,73,FULLER PARK
2022,37,CRIMINAL SEXUAL ASSAULT,4,FULLER PARK
2022,37,CRIMINAL TRESPASS,8,FULLER PARK
2022,37,DECEPTIVE PRACTICE,29,FULLER PARK
2022,37,HOMICIDE,6,FULLER PARK
2022,37,INTERFERENCE WITH PUBLIC OFFICER,3,FULLER PARK
2022,37,INTIMIDATION,3,FULLER PARK
2022,37,KIDNAPPING,3,FULLER PARK
2022,37,LIQUOR LAW VIOLATION,1,FULLER PARK
2022,37,MOTOR VEHICLE THEFT,60,FULLER PARK
2022,37,NARCOTICS,14,FULLER PARK
2022,37,OBSCENITY,1,FULLER PARK
2022,37,OFFENSE INVOLVING CHILDREN,6,FULLER PARK
2022,37,OTHER OFFENSE,34,FULLER PARK
2022,37,ROBBERY,30,FULLER PARK
2022,37,SEX OFFENSE,6,FULLER PARK
2022,37,THEFT,116,FULLER PARK
2022,37,WEAPONS VIOLATION,58,FULLER PARK
2022,38,ARSON,9,GRAND BOULEVARD
2022,38,ASSAULT,299,GRAND BOULEVARD
2022,38,BATTERY,592,GRAND BOULEVARD
2022,38,BURGLARY,95,GRAND BOULEVARD
2022,38,CONCEALED CARRY LICENSE VIOLATION,2,GRAND BOULEVARD
2022,38,CRIMINAL DAMAGE,435,GRAND BOULEVARD
2022,38,CRIMINAL SEXUAL ASSAULT,10,GRAND BOULEVARD
2022,38,CRIMINAL TRESPASS,57,GRAND BOULEVARD
2022,38,DECEPTIVE PRACTICE,190,GRAND BOULEVARD
2022,38,HOMICIDE,13,GRAND BOULEVARD
2022,38,INTERFERENCE WITH PUBLIC OFFICER,1,GRAND BOULEVARD
2022,38,INTIMIDATION,1,GRAND BOULEVARD
2022,38,KIDNAPPING,2,GRAND BOULEVARD
2022,38,LIQUOR LAW VIOLATION,2,GRAND BOULEVARD
2022,38,MOTOR VEHICLE THEFT,510,GRAND BOULEVARD
2022,38,NARCOTICS,47,GRAND BOULEVARD
2022,38,OFFENSE INVOLVING CHILDREN,17,GRAND BOULEVARD
2022,38,OTHER OFFENSE,254,GRAND BOULEVARD
2022,38,PUBLIC PEACE VIOLATION,12,GRAND BOULEVARD
2022,38,ROBBERY,118,GRAND BOULEVARD
2022,38,SEX OFFENSE,9,GRAND BOULEVARD
2022,38,STALKING,17,GRAND BOULEVARD
2022,38,THEFT,586,GRAND BOULEVARD
2022,38,WEAPONS VIOLATION,158,GRAND BOULEVARD
2022,39,ARSON,4,KENWOOD
2022,39,ASSAULT,152,KENWOOD
2022,39,BATTERY,315,KENWOOD
2022,39,BURGLARY,48,KENWOOD
2022,39,CRIMINAL DAMAGE,233,KENWOOD
2022,39,CRIMINAL SEXUAL ASSAULT,12,KENWOOD
2022,39,CRIMINAL TRESPASS,28,KENWOOD
2022,39,DECEPTIVE PRACTICE,114,KENWOOD
2022,39,HOMICIDE,8,KENWOOD
2022,39,INTERFERENCE WITH PUBLIC OFFICER,1,KENWOOD
2022,39,KIDNAPPING,1,KENWOOD
2022,39,MOTOR VEHICLE THEFT,256,KENWOOD
2022,39,NARCOTICS,14,KENWOOD
2022,39,OFFENSE INVOLVING CHILDREN,11,KENWOOD
2022,39,OTHER OFFENSE,115,KENWOOD
2022,39,PUBLIC INDECENCY,1,KENWOOD
2022,39,PUBLIC PEACE VIOLATION,1,KENWOOD
2022,39,ROBBERY,57,KENWOOD
2022,39,SEX OFFENSE,5,KENWOOD
2022,39,STALKING,2,KENWOOD
2022,39,THEFT,417,KENWOOD
2022,39,WEAPONS VIOLATION,32,KENWOOD
2022,40,ARSON,3,WASHINGTON PARK
2022,40,ASSAULT,239,WASHINGTON PARK
2022,40,BATTERY,463,WASHINGTON PARK
2022,40,BURGLARY,66,WASHINGTON PARK
2022,40,CRIMINAL DAMAGE,254,WASHINGTON PARK
2022,40,CRIMINAL SEXUAL ASSAULT,9,WASHINGTON PARK
2022,40,CRIMINAL TRESPASS,23,WASHINGTON PARK
2022,40,DECEPTIVE PRACTICE,79,WASHINGTON PARK
2022,40,HOMICIDE,5,WASHINGTON PARK
2022,40,HUMAN TRAFFICKING,1,WASHINGTON PARK
2022,40,INTERFERENCE WITH PUBLIC OFFICER,6,WASHINGTON PARK
2022,40,INTIMIDATION,1,WASHINGTON PARK
2022,40,LIQUOR LAW VIOLATION,1,WASHINGTON PARK
2022,40,MOTOR VEHICLE THEFT,322,WASHINGTON PARK
2022,40,NARCOTICS,26,WASHINGTON PARK
2022,40,OFFENSE INVOLVING CHILDREN,30,WASHINGTON PARK
2022,40,OTHER OFFENSE,180,WASHINGTON PARK
2022,40,PUBLIC PEACE VIOLATION,3,WASHINGTON PARK
2022,40,ROBBERY,76,WASHINGTON PARK
2022,40,SEX OFFENSE,8,WASHINGTON PARK
2022,40,STALKING,10,WASHINGTON PARK
2022,40,THEFT,326,WASHINGTON PARK
2022,40,WEAPONS VIOLATION,119,WASHINGTON PARK
2022,41,ASSAULT,162,HYDE PARK
2022,41,BATTERY,245,HYDE PARK
2022,41,BURGLARY,57,HYDE PARK
2022,41,CRIMINAL DAMAGE,215,HYDE PARK
2022,41,CRIMINAL SEXUAL ASSAULT,18,HYDE PARK
2022,41,CRIMINAL TRESPASS,22,HYDE PARK
2022,41,DECEPTIVE PRACTICE,162,HYDE PARK
2022,41,HOMICIDE,1,HYDE PARK
2022,41,INTERFERENCE WITH PUBLIC OFFICER,3,HYDE PARK
2022,41,INTIMIDATION,2,HYDE PARK
2022,41,LIQUOR LAW VIOLATION,1,HYDE PARK
2022,41,MOTOR VEHICLE THEFT,228,HYDE PARK
2022,41,NARCOTICS,9,HYDE PARK
2022,41,OFFENSE INVOLVING CHILDREN,3,HYDE PARK
2022,41,OTHER OFFENSE,120,HYDE PARK
2022,41,PUBLIC PEACE VIOLATION,2,HYDE PARK
2022,41,ROBBERY,130,HYDE PARK
2022,41,SEX OFFENSE,9,HYDE PARK
2022,41,STALKING,3,HYDE PARK
2022,41,THEFT,733,HYDE PARK
2022,41,WEAPONS VIOLATION,11,HYDE PARK
2022,42,ARSON,8,WOODLAWN
2022,42,ASSAULT,331,WOODLAWN
2022,42,BATTERY,609,WOODLAWN
2022,42,BURGLARY,112,WOODLAWN
2022,42,CRIMINAL DAMAGE,396,WOODLAWN
2022,42,CRIMINAL SEXUAL ASSAULT,24,WOODLAWN
2022,42,CRIMINAL TRESPASS,50,WOODLAWN
2022,42,DECEPTIVE PRACTICE,158,WOODLAWN
2022,42,HOMICIDE,14,WOODLAWN
2022,42,INTERFERENCE WITH PUBLIC OFFICER,3,WOODLAWN
2022,42,INTIMIDATION,1,WOODLAWN
2022,42,KIDNAPPING,2,WOODLAWN
2022,42,LIQUOR LAW VIOLATION,1,WOODLAWN
2022,42,MOTOR VEHICLE THEFT,386,WOODLAWN
2022,42,NARCOTICS,28,WOODLAWN
2022,42,OFFENSE INVOLVING CHILDREN,36,WOODLAWN
2022,42,OTHER OFFENSE,200,WOODLAWN
2022,42,PUBLIC PEACE VIOLATION,12,WOODLAWN
2022,42,ROBBERY,114,WOODLAWN
2022,42,SEX OFFENSE,15,WOODLAWN
2022,42,STALKING,8,WOODLAWN
2022,42,THEFT,558,WOODLAWN
2022,42,WEAPONS VIOLATION,184,WOODLAWN
2022,43,ARSON,12,SOUTH SHORE
2022,43,ASSAULT,836,SOUTH SHORE
2022,43,BATTERY,1722,SOUTH SHORE
2022,43,BURGLARY,378,SOUTH SHORE
2022,43,CONCEALED CARRY LICENSE VIOLATION,1,SOUTH SHORE
2022,43,CRIMINAL DAMAGE,1116,SOUTH SHORE
2022,43,CRIMINAL SEXUAL ASSAULT,48,SOUTH SHORE
2022,43,CRIMINAL TRESPASS,132,SOUTH SHORE
2022,43,DECEPTIVE PRACTICE,323,SOUTH SHORE
2022,43,HOMICIDE,44,SOUTH SHORE
2022,43,INTERFERENCE WITH PUBLIC OFFICER,13,SOUTH SHORE
2022,43,INTIMIDATION,1,SOUTH SHORE
2022,43,KIDNAPPING,4,SOUTH SHORE
2022,43,LIQUOR LAW VIOLATION,2,SOUTH SHORE
2022,43,MOTOR VEHICLE THEFT,1038,SOUTH SHORE
2022,43,NARCOTICS,91,SOUTH SHORE
2022,43,OBSCENITY,3,SOUTH SHORE
2022,43,OFFENSE INVOLVING CHILDREN,82,SOUTH SHORE
2022,43,OTHER OFFENSE,484,SOUTH SHORE
2022,43,PUBLIC PEACE VIOLATION,18,SOUTH SHORE
2022,43,ROBBERY,298,SOUTH SHORE
2022,43,SEX OFFENSE,31,SOUTH SHORE
2022,43,STALKING,25,SOUTH SHORE
2022,43,THEFT,1290,SOUTH SHORE
2022,43,WEAPONS VIOLATION,343,SOUTH SHORE
2022,44,ARSON,10,CHATHAM
2022,44,ASSAULT,666,CHATHAM
2022,44,BATTERY,1128,CHATHAM
2022,44,BURGLARY,235,CHATHAM
2022,44,CONCEALED CARRY LICENSE VIOLATION,6,CHATHAM
2022,44,CRIMINAL DAMAGE,859,CHATHAM
2022,44,CRIMINAL SEXUAL ASSAULT,23,CHATHAM
2022,44,CRIMINAL TRESPASS,82,CHATHAM
2022,44,DECEPTIVE PRACTICE,284,CHATHAM
2022,44,HOMICIDE,26,CHATHAM
2022,44,HUMAN TRAFFICKING,1,CHATHAM
2022,44,INTERFERENCE WITH PUBLIC OFFICER,12,CHATHAM
2022,44,KIDNAPPING,4,CHATHAM
2022,44,LIQUOR LAW VIOLATION,1,CHATHAM
2022,44,MOTOR VEHICLE THEFT,772,CHATHAM
2022,44,NARCOTICS,37,CHATHAM
2022,44,OFFENSE INVOLVING CHILDREN,48,CHATHAM
2022,44,OTHER OFFENSE,339,CHATHAM
2022,44,PUBLIC PEACE VIOLATION,15,CHATHAM
2022,44,ROBBERY,242,CHATHAM
2022,44,SEX OFFENSE,20,CHATHAM
2022,44,STALKING,10,CHATHAM
2022,44,THEFT,1020,CHATHAM
2022,44,WEAPONS VIOLATION,241,CHATHAM
2022,45,ARSON,4,AVALON PARK
2022,45,ASSAULT,130,AVALON PARK
2022,45,BATTERY,173,AVALON PARK
2022,45,BURGLARY,46,AVALON PARK
2022,45,CRIMINAL DAMAGE,144,AVALON PARK
2022,45,CRIMINAL SEXUAL ASSAULT,1,AVALON PARK
2022,45,CRIMINAL TRESPASS,14,AVALON PARK
2022,45,DECEPTIVE PRACTICE,86,AVALON PARK
2022,45,HOMICIDE,3,AVALON PARK
2022,45,INTERFERENCE WITH PUBLIC OFFICER,2,AVALON PARK
2022,45,MOTOR VEHICLE THEFT,143,AVALON PARK
2022,45,NARCOTICS,12,AVALON PARK
2022,45,OFFENSE INVOLVING CHILDREN,18,AVALON PARK
2022,45,OTHER OFFENSE,89,AVALON PARK
2022,45,PUBLIC PEACE VIOLATION,1,AVALON PARK
2022,45,ROBBERY,40,AVALON PARK
2022,45,SEX OFFENSE,4,AVALON PARK
2022,45,STALKING,2,AVALON PARK
2022,45,THEFT,212,AVALON PARK
2022,45,WEAPONS VIOLATION,56,AVALON PARK
2022,46,ARSON,7,SOUTH CHICAGO
2022,46,ASSAULT,518,SOUTH CHICAGO
2022,46,BATTERY,896,SOUTH CHICAGO
2022,46,BURGLARY,131,SOUTH CHICAGO
2022,46,CONCEALED CARRY LICENSE VIOLATION,1,SOUTH CHICAGO
2022,46,CRIMINAL DAMAGE,623,SOUTH CHICAGO
2022,46,CRIMINAL SEXUAL ASSAULT,26,SOUTH CHICAGO
2022,46,CRIMINAL TRESPASS,71,SOUTH CHICAGO
2022,46,DECEPTIVE PRACTICE,167,SOUTH CHICAGO
2022,46,GAMBLING,1,SOUTH CHICAGO
2022,46,HOMICIDE,20,SOUTH CHICAGO
2022,46,INTERFERENCE WITH PUBLIC OFFICER,6,SOUTH CHICAGO
2022,46,INTIMIDATION,1,SOUTH CHICAGO
2022,46,KIDNAPPING,5,SOUTH CHICAGO
2022,46,LIQUOR LAW VIOLATION,9,SOUTH CHICAGO
2022,46,MOTOR VEHICLE THEFT,498,SOUTH CHICAGO
2022,46,NARCOTICS,38,SOUTH CHICAGO
2022,46,OBSCENITY,1,SOUTH CHICAGO
2022,46,OFFENSE INVOLVING CHILDREN,54,SOUTH CHICAGO
2022,46,OTHER OFFENSE,325,SOUTH CHICAGO
2022,46,PUBLIC PEACE VIOLATION,8,SOUTH CHICAGO
2022,46,ROBBERY,132,SOUTH CHICAGO
2022,46,SEX OFFENSE,19,SOUTH CHICAGO
2022,46,STALKING,6,SOUTH CHICAGO
2022,46,THEFT,644,SOUTH CHICAGO
2022,46,WEAPONS VIOLATION,199,SOUTH CHICAGO
2022,47,ARSON,1,BURNSIDE
2022,47,ASSAULT,40,BURNSIDE
2022,47,BATTERY,51,BURNSIDE
2022,47,BURGLARY,22,BURNSIDE
2022,47,CONCEALED CARRY LICENSE VIOLATION,1,BURNSIDE
2022,47,CRIMINAL DAMAGE,53,BURNSIDE
2022,47,CRIMINAL SEXUAL ASSAULT,5,BURNSIDE
2022,47,CRIMINAL TRESPASS,3,BURNSIDE
2022,47,DECEPTIVE PRACTICE,17,BURNSIDE
2022,47,HOMICIDE,1,BURNSIDE
2022,47,MOTOR VEHICLE THEFT,37,BURNSIDE
2022,47,NARCOTICS,2,BURNSIDE
2022,47,OFFENSE INVOLVING CHILDREN,3,BURNSIDE
2022,47,OTHER OFFENSE,23,BURNSIDE
2022,47,PUBLIC PEACE VIOLATION,2,BURNSIDE
2022,47,ROBBERY,4,BURNSIDE
2022,47,SEX OFFENSE,1,BURNSIDE
2022,47,STALKING,1,BURNSIDE
2022,47,THEFT,63,BURNSIDE
2022,47,WEAPONS VIOLATION,20,BURNSIDE
2022,48,ARSON,3,CALUMET HEIGHTS
2022,48,ASSAULT,113,CALUMET HEIGHTS
2022,48,BATTERY,175,CALUMET HEIGHTS
2022,48,BURGLARY,49,CALUMET HEIGHTS
2022,48,CONCEALED CARRY LICENSE VIOLATION,1,CALUMET HEIGHTS
2022,48,CRIMINAL DAMAGE,168,CALUMET HEIGHTS
2022,48,CRIMINAL SEXUAL ASSAULT,4,CALUMET HEIGHTS
2022,48,CRIMINAL TRESPASS,17,CALUMET HEIGHTS
2022,48,DECEPTIVE PRACTICE,87,CALUMET HEIGHTS
2022,48,HOMICIDE,3,CALUMET HEIGHTS
2022,48,INTERFERENCE WITH PUBLIC OFFICER,3,CALUMET HEIGHTS
2022,48,INTIMIDATION,1,CALUMET HEIGHTS
2022,48,KIDNAPPING,1,CALUMET HEIGHTS
2022,48,LIQUOR LAW VIOLATION,5,CALUMET HEIGHTS
2022,48,MOTOR VEHICLE THEFT,198,CALUMET HEIGHTS
2022,48,NARCOTICS,7,CALUMET HEIGHTS
2022,48,NON-CRIMINAL,1,CALUMET HEIGHTS
2022,48,OFFENSE INVOLVING CHILDREN,16,CALUMET HEIGHTS
2022,48,OTHER OFFENSE,95,CALUMET HEIGHTS
2022,48,PUBLIC PEACE VIOLATION,3,CALUMET HEIGHTS
2022,48,ROBBERY,96,CALUMET HEIGHTS
2022,48,SEX OFFENSE,5,CALUMET HEIGHTS
2022,48,STALKING,1,CALUMET HEIGHTS
2022,48,THEFT,225,CALUMET HEIGHTS
2022,48,WEAPONS VIOLATION,60,CALUMET HEIGHTS
2022,49,ARSON,11,ROSELAND
2022,49,ASSAULT,599,ROSELAND
2022,49,BATTERY,1110,ROSELAND
2022,49,BURGLARY,192,ROSELAND
2022,49,CONCEALED CARRY LICENSE VIOLATION,1,ROSELAND
2022,49,CRIMINAL DAMAGE,829,ROSELAND
2022,49,CRIMINAL SEXUAL ASSAULT,34,ROSELAND
2022,49,CRIMINAL TRESPASS,63,ROSELAND
2022,49,DECEPTIVE PRACTICE,308,ROSELAND
2022,49,HOMICIDE,28,ROSELAND
2022,49,INTERFERENCE WITH PUBLIC OFFICER,14,ROSELAND
2022,49,INTIMIDATION,1,ROSELAND
2022,49,KIDNAPPING,4,ROSELAND
2022,49,MOTOR VEHICLE THEFT,716,ROSELAND
2022,49,NARCOTICS,88,ROSELAND
2022,49,NON-CRIMINAL,1,ROSELAND
2022,49,OFFENSE INVOLVING CHILDREN,72,ROSELAND
2022,49,OTHER OFFENSE,398,ROSELAND
2022,49,PUBLIC INDECENCY,1,ROSELAND
2022,49,PUBLIC PEACE VIOLATION,21,ROSELAND
2022,49,ROBBERY,210,ROSELAND
2022,49,SEX OFFENSE,19,ROSELAND
2022,49,STALKING,11,ROSELAND
2022,49,THEFT,838,ROSELAND
2022,49,WEAPONS VIOLATION,388,ROSELAND
2022,50,ARSON,2,PULLMAN
2022,50,ASSAULT,100,PULLMAN
2022,50,BATTERY,142,PULLMAN
2022,50,BURGLARY,31,PULLMAN
2022,50,CONCEALED CARRY LICENSE VIOLATION,1,PULLMAN
2022,50,CRIMINAL DAMAGE,133,PULLMAN
2022,50,CRIMINAL SEXUAL ASSAULT,5,PULLMAN
2022,50,CRIMINAL TRESPASS,19,PULLMAN
2022,50,DECEPTIVE PRACTICE,70,PULLMAN
2022,50,HOMICIDE,4,PULLMAN
2022,50,MOTOR VEHICLE THEFT,99,PULLMAN
2022,50,NARCOTICS,7,PULLMAN
2022,50,NON-CRIMINAL,1,PULLMAN
2022,50,OFFENSE INVOLVING CHILDREN,17,PULLMAN
2022,50,OTHER OFFENSE,84,PULLMAN
2022,50,PUBLIC PEACE VIOLATION,5,PULLMAN
2022,50,ROBBERY,30,PULLMAN
2022,50,SEX OFFENSE,6,PULLMAN
2022,50,STALKING,2,PULLMAN
2022,50,THEFT,158,PULLMAN
2022,50,WEAPONS VIOLATION,42,PULLMAN
2022,51,ARSON,3,SOUTH DEERING
2022,51,ASSAULT,212,SOUTH DEERING
2022,51,BATTERY,290,SOUTH DEERING
2022,51,BURGLARY,40,SOUTH DEERING
2022,51,CONCEALED CARRY LICENSE VIOLATION,2,SOUTH DEERING
2022,51,CRIMINAL DAMAGE,292,SOUTH DEERING
2022,51,CRIMINAL SEXUAL ASSAULT,5,SOUTH DEERING
2022,51,CRIMINAL TRESPASS,39,SOUTH DEERING
2022,51,DECEPTIVE PRACTICE,100,SOUTH DEERING
2022,51,HOMICIDE,7,SOUTH DEERING
2022,51,INTERFERENCE WITH PUBLIC OFFICER,3,SOUTH DEERING
2022,51,INTIMIDATION,1,SOUTH DEERING
2022,51,KIDNAPPING,1,SOUTH DEERING
2022,51,LIQUOR LAW VIOLATION,6,SOUTH DEERING
2022,51,MOTOR VEHICLE THEFT,193,SOUTH DEERING
2022,51,NARCOTICS,14,SOUTH DEERING
2022,51,OFFENSE INVOLVING CHILDREN,15,SOUTH DEERING
2022,51,OTHER OFFENSE,109,SOUTH DEERING
2022,51,PUBLIC PEACE VIOLATION,3,SOUTH DEERING
2022,51,ROBBERY,54,SOUTH DEERING
2022,51,SEX OFFENSE,7,SOUTH DEERING
2022,51,STALKING,4,SOUTH DEERING
2022,51,THEFT,288,SOUTH DEERING
2022,51,WEAPONS VIOLATION,92,SOUTH DEERING
2022,52,ARSON,2,EAST SIDE
2022,52,ASSAULT,122,EAST SIDE
2022,52,BATTERY,249,EAST SIDE
2022,52,BURGLARY,35,EAST SIDE
2022,52,CRIMINAL DAMAGE,170,EAST SIDE
2022,52,CRIMINAL SEXUAL ASSAULT,5,EAST SIDE
2022,52,CRIMINAL TRESPASS,20,EAST SIDE
2022,52,DECEPTIVE PRACTICE,59,EAST SIDE
2022,52,HOMICIDE,3,EAST SIDE
2022,52,INTERFERENCE WITH PUBLIC OFFICER,4,EAST SIDE
2022,52,INTIMIDATION,1,EAST SIDE
2022,52,KIDNAPPING,1,EAST SIDE
2022,52,LIQUOR LAW VIOLATION,6,EAST SIDE
2022,52,MOTOR VEHICLE THEFT,75,EAST SIDE
2022,52,NARCOTICS,6,EAST SIDE
2022,52,OFFENSE INVOLVING CHILDREN,12,EAST SIDE
2022,52,OTHER OFFENSE,106,EAST SIDE
2022,52,PUBLIC PEACE VIOLATION,2,EAST SIDE
2022,52,ROBBERY,39,EAST SIDE
2022,52,SEX OFFENSE,5,EAST SIDE
2022,52,STALKING,2,EAST SIDE
2022,52,THEFT,195,EAST SIDE
2022,52,WEAPONS VIOLATION,46,EAST SIDE
2022,53,ARSON,6,WEST PULLMAN
2022,53,ASSAULT,333,WEST PULLMAN
2022,53,BATTERY,595,WEST PULLMAN
2022,53,BURGLARY,159,WEST PULLMAN
2022,53,CONCEALED CARRY LICENSE VIOLATION,2,WEST PULLMAN
2022,53,CRIMINAL DAMAGE,499,WEST PULLMAN
2022,53,CRIMINAL SEXUAL ASSAULT,13,WEST PULLMAN
2022,53,CRIMINAL TRESPASS,39,WEST PULLMAN
2022,53,DECEPTIVE PRACTICE,174,WEST PULLMAN
2022,53,HOMICIDE,23,WEST PULLMAN
2022,53,INTERFERENCE WITH PUBLIC OFFICER,6,WEST PULLMAN
2022,53,INTIMIDATION,1,WEST PULLMAN
2022,53,LIQUOR LAW VIOLATION,1,WEST PULLMAN
2022,53,MOTOR VEHICLE THEFT,392,WEST PULLMAN
2022,53,NARCOTICS,43,WEST PULLMAN
2022,53,OBSCENITY,1,WEST PULLMAN
2022,53,OFFENSE INVOLVING CHILDREN,38,WEST PULLMAN
2022,53,OTHER OFFENSE,257,WEST PULLMAN
2022,53,PROSTITUTION,1,WEST PULLMAN
2022,53,PUBLIC PEACE VIOLATION,9,WEST PULLMAN
2022,53,ROBBERY,86,WEST PULLMAN
2022,53,SEX OFFENSE,9,WEST PULLMAN
2022,53,STALKING,8,WEST PULLMAN
2022,53,THEFT,456,WEST PULLMAN
2022,53,WEAPONS VIOLATION,252,WEST PULLMAN
2022,54,ARSON,1,RIVERDALE
2022,54,ASSAULT,156,RIVERDALE
2022,54,BATTERY,284,RIVERDALE
2022,54,BURGLARY,38,RIVERDALE
2022,54,CRIMINAL DAMAGE,191,RIVERDALE
2022,54,CRIMINAL SEXUAL ASSAULT,7,RIVERDALE
2022,54,CRIMINAL TRESPASS,12,RIVERDALE
2022,54,DECEPTIVE PRACTICE,46,RIVERDALE
2022,54,HOMICIDE,7,RIVERDALE
2022,54,HUMAN TRAFFICKING,1,RIVERDALE
2022,54,INTERFERENCE WITH PUBLIC OFFICER,2,RIVERDALE
2022,54,KIDNAPPING,1,RIVERDALE
2022,54,MOTOR VEHICLE THEFT,134,RIVERDALE
2022,54,NARCOTICS,8,RIVERDALE
2022,54,OFFENSE INVOLVING CHILDREN,20,RIVERDALE
2022,54,OTHER OFFENSE,97,RIVERDALE
2022,54,PUBLIC PEACE VIOLATION,3,RIVERDALE
2022,54,ROBBERY,43,RIVERDALE
2022,54,SEX OFFENSE,6,RIVERDALE
2022,54,STALKING,3,RIVERDALE
2022,54,THEFT,135,RIVERDALE
2022,54,WEAPONS VIOLATION,78,RIVERDALE
2022,55,ARSON,3,HEGEWISCH
2022,55,ASSAULT,60,HEGEWISCH
2022,55,BATTERY,126,HEGEWISCH
2022,55,BURGLARY,15,HEGEWISCH
2022,55,CRIMINAL DAMAGE,78,HEGEWISCH
2022,55,CRIMINAL SEXUAL ASSAULT,3,HEGEWISCH
2022,55,CRIMINAL TRESPASS,8,HEGEWISCH
2022,55,DECEPTIVE PRACTICE,50,HEGEWISCH
2022,55,INTIMIDATION,1,HEGEWISCH
2022,55,KIDNAPPING,1,HEGEWISCH
2022,55,LIQUOR LAW VIOLATION,2,HEGEWISCH
2022,55,MOTOR VEHICLE THEFT,54,HEGEWISCH
2022,55,NARCOTICS,2,HEGEWISCH
2022,55,OBSCENITY,1,HEGEWISCH
2022,55,OFFENSE INVOLVING CHILDREN,8,HEGEWISCH
2022,55,OTHER OFFENSE,61,HEGEWISCH
2022,55,PUBLIC PEACE VIOLATION,2,HEGEWISCH
2022,55,ROBBERY,8,HEGEWISCH
2022,55,SEX OFFENSE,5,HEGEWISCH
2022,55,STALKING,1,HEGEWISCH
2022,55,THEFT,122,HEGEWISCH
2022,55,WEAPONS VIOLATION,7,HEGEWISCH
2022,56,ARSON,1,GARFIELD RIDGE
2022,56,ASSAULT,159,GARFIELD RIDGE
2022,56,BATTERY,247,GARFIELD RIDGE
2022,56,BURGLARY,70,GARFIELD RIDGE
2022,56,CONCEALED CARRY LICENSE VIOLATION,34,GARFIELD RIDGE
2022,56,CRIMINAL DAMAGE,217,GARFIELD RIDGE
2022,56,CRIMINAL SEXUAL ASSAULT,11,GARFIELD RIDGE
2022,56,CRIMINAL TRESPASS,31,GARFIELD RIDGE
2022,56,DECEPTIVE PRACTICE,289,GARFIELD RIDGE
2022,56,INTERFERENCE WITH PUBLIC OFFICER,3,GARFIELD RIDGE
2022,56,INTIMIDATION,3,GARFIELD RIDGE
2022,56,KIDNAPPING,1,GARFIELD RIDGE
2022,56,LIQUOR LAW VIOLATION,1,GARFIELD RIDGE
2022,56,MOTOR VEHICLE THEFT,141,GARFIELD RIDGE
2022,56,NARCOTICS,13,GARFIELD RIDGE
2022,56,OBSCENITY,2,GARFIELD RIDGE
2022,56,OFFENSE INVOLVING CHILDREN,13,GARFIELD RIDGE
2022,56,OTHER OFFENSE,114,GARFIELD RIDGE
2022,56,PROSTITUTION,51,GARFIELD RIDGE
2022,56,PUBLIC PEACE VIOLATION,5,GARFIELD RIDGE
2022,56,ROBBERY,24,GARFIELD RIDGE
2022,56,SEX OFFENSE,12,GARFIELD RIDGE
2022,56,STALKING,5,GARFIELD RIDGE
2022,56,THEFT,457,GARFIELD RIDGE
2022,56,WEAPONS VIOLATION,49,GARFIELD RIDGE
2022,57,ARSON,2,ARCHER HEIGHTS
2022,57,ASSAULT,83,ARCHER HEIGHTS
2022,57,BATTERY,155,ARCHER HEIGHTS
2022,57,BURGLARY,44,ARCHER HEIGHTS
2022,57,CRIMINAL DAMAGE,106,ARCHER HEIGHTS
2022,57,CRIMINAL SEXUAL ASSAULT,2,ARCHER HEIGHTS
2022,57,CRIMINAL TRESPASS,8,ARCHER HEIGHTS
2022,57,DECEPTIVE PRACTICE,147,ARCHER HEIGHTS
2022,57,HOMICIDE,1,ARCHER HEIGHTS
2022,57,INTERFERENCE WITH PUBLIC OFFICER,2,ARCHER HEIGHTS
2022,57,INTIMIDATION,1,ARCHER HEIGHTS
2022,57,KIDNAPPING,2,ARCHER HEIGHTS
2022,57,MOTOR VEHICLE THEFT,78,ARCHER HEIGHTS
2022,57,NARCOTICS,5,ARCHER HEIGHTS
2022,57,OFFENSE INVOLVING CHILDREN,3,ARCHER HEIGHTS
2022,57,OTHER OFFENSE,54,ARCHER HEIGHTS
2022,57,PROSTITUTION,2,ARCHER HEIGHTS
2022,57,PUBLIC PEACE VIOLATION,2,ARCHER HEIGHTS
2022,57,ROBBERY,32,ARCHER HEIGHTS
2022,57,SEX OFFENSE,6,ARCHER HEIGHTS
2022,57,STALKING,2,ARCHER HEIGHTS
2022,57,THEFT,224,ARCHER HEIGHTS
2022,57,WEAPONS VIOLATION,45,ARCHER HEIGHTS
2022,58,ARSON,4,BRIGHTON PARK
2022,58,ASSAULT,244,BRIGHTON PARK
2022,58,BATTERY,453,BRIGHTON PARK
2022,58,BURGLARY,72,BRIGHTON PARK
2022,58,CRIMINAL DAMAGE,275,BRIGHTON PARK
2022,58,CRIMINAL SEXUAL ASSAULT,13,BRIGHTON PARK
2022,58,CRIMINAL TRESPASS,27,BRIGHTON PARK
2022,58,DECEPTIVE PRACTICE,124,BRIGHTON PARK
2022,58,HOMICIDE,12,BRIGHTON PARK
2022,58,INTERFERENCE WITH PUBLIC OFFICER,1,BRIGHTON PARK
2022,58,INTIMIDATION,7,BRIGHTON PARK
2022,58,KIDNAPPING,3,BRIGHTON PARK
2022,58,LIQUOR LAW VIOLATION,1,BRIGHTON PARK
2022,58,MOTOR VEHICLE THEFT,118,BRIGHTON PARK
2022,58,NARCOTICS,13,BRIGHTON PARK
2022,58,OFFENSE INVOLVING CHILDREN,36,BRIGHTON PARK
2022,58,OTHER OFFENSE,146,BRIGHTON PARK
2022,58,PUBLIC PEACE VIOLATION,3,BRIGHTON PARK
2022,58,ROBBERY,113,BRIGHTON PARK
2022,58,SEX OFFENSE,9,BRIGHTON PARK
2022,58,STALKING,5,BRIGHTON PARK
2022,58,THEFT,363,BRIGHTON PARK
2022,58,WEAPONS VIOLATION,74,BRIGHTON PARK
2022,59,ASSAULT,100,MCKINLEY PARK
2022,59,BATTERY,144,MCKINLEY PARK
2022,59,BURGLARY,33,MCKINLEY PARK
2022,59,CONCEALED CARRY LICENSE VIOLATION,1,MCKINLEY PARK
2022,59,CRIMINAL DAMAGE,106,MCKINLEY PARK
2022,59,CRIMINAL SEXUAL ASSAULT,6,MCKINLEY PARK
2022,59,CRIMINAL TRESPASS,16,MCKINLEY PARK
2022,59,DECEPTIVE PRACTICE,52,MCKINLEY PARK
2022,59,HOMICIDE,5,MCKINLEY PARK
2022,59,INTERFERENCE WITH PUBLIC OFFICER,1,MCKINLEY PARK
2022,59,INTIMIDATION,1,MCKINLEY PARK
2022,59,KIDNAPPING,1,MCKINLEY PARK
2022,59,LIQUOR LAW VIOLATION,1,MCKINLEY PARK
2022,59,MOTOR VEHICLE THEFT,60,MCKINLEY PARK
2022,59,NARCOTICS,13,MCKINLEY PARK
2022,59,OFFENSE INVOLVING CHILDREN,4,MCKINLEY PARK
2022,59,OTHER OFFENSE,39,MCKINLEY PARK
2022,59,ROBBERY,29,MCKINLEY PARK
2022,59,SEX OFFENSE,1,MCKINLEY PARK
2022,59,STALKING,2,MCKINLEY PARK
2022,59,THEFT,216,MCKINLEY PARK
2022,59,WEAPONS VIOLATION,42,MCKINLEY PARK
2022,60,ARSON,2,BRIDGEPORT
2022,60,ASSAULT,132,BRIDGEPORT
2022,60,BATTERY,208,BRIDGEPORT
2022,60,BURGLARY,96,BRIDGEPORT
2022,60,CRIMINAL DAMAGE,223,BRIDGEPORT
2022,60,CRIMINAL SEXUAL ASSAULT,8,BRIDGEPORT
2022,60,CRIMINAL TRESPASS,21,BRIDGEPORT
2022,60,DECEPTIVE PRACTICE,152,BRIDGEPORT
2022,60,HOMICIDE,2,BRIDGEPORT
2022,60,INTERFERENCE WITH PUBLIC OFFICER,1,BRIDGEPORT
2022,60,INTIMIDATION,1,BRIDGEPORT
2022,60,KIDNAPPING,2,BRIDGEPORT
2022,60,MOTOR VEHICLE THEFT,111,BRIDGEPORT
2022,60,NARCOTICS,11,BRIDGEPORT
2022,60,OBSCENITY,1,BRIDGEPORT
2022,60,OFFENSE INVOLVING CHILDREN,10,BRIDGEPORT
2022,60,OTHER OFFENSE,79,BRIDGEPORT
2022,60,PROSTITUTION,1,BRIDGEPORT
2022,60,PUBLIC PEACE VIOLATION,4,BRIDGEPORT
2022,60,ROBBERY,50,BRIDGEPORT
2022,60,SEX OFFENSE,6,BRIDGEPORT
2022,60,STALKING,5,BRIDGEPORT
2022,60,THEFT,376,BRIDGEPORT
2022,60,WEAPONS VIOLATION,60,BRIDGEPORT
2022,61,ARSON,8,NEW CITY
2022,61,ASSAULT,454,NEW CITY
2022,61,BATTERY,805,NEW CITY
2022,61,BURGLARY,109,NEW CITY
2022,61,CONCEALED CARRY LICENSE VIOLATION,3,NEW CITY
2022,61,CRIMINAL DAMAGE,435,NEW CITY
2022,61,CRIMINAL SEXUAL ASSAULT,26,NEW CITY
2022,61,CRIMINAL TRESPASS,47,NEW CITY
2022,61,DECEPTIVE PRACTICE,186,NEW CITY
2022,61,HOMICIDE,23,NEW CITY
2022,61,INTERFERENCE WITH PUBLIC OFFICER,14,NEW CITY
2022,61,INTIMIDATION,3,NEW CITY
2022,61,LIQUOR LAW VIOLATION,1,NEW CITY
2022,61,MOTOR VEHICLE THEFT,217,NEW CITY
2022,61,NARCOTICS,49,NEW CITY
2022,61,OBSCENITY,1,NEW CITY
2022,61,OFFENSE INVOLVING CHILDREN,30,NEW CITY
2022,61,OTHER OFFENSE,229,NEW CITY
2022,61,PUBLIC PEACE VIOLATION,10,NEW CITY
2022,61,ROBBERY,195,NEW CITY
2022,61,SEX OFFENSE,16,NEW CITY
2022,61,STALKING,9,NEW CITY
2022,61,THEFT,642,NEW CITY
2022,61,WEAPONS VIOLATION,295,NEW CITY
2022,62,ARSON,2,WEST ELSDON
2022,62,ASSAULT,73,WEST ELSDON
2022,62,BATTERY,136,WEST ELSDON
2022,62,BURGLARY,31,WEST ELSDON
2022,62,CONCEALED CARRY LICENSE VIOLATION,1,WEST ELSDON
2022,62,CRIMINAL DAMAGE,118,WEST ELSDON
2022,62,CRIMINAL SEXUAL ASSAULT,5,WEST ELSDON
2022,62,CRIMINAL TRESPASS,16,WEST ELSDON
2022,62,DECEPTIVE PRACTICE,90,WEST ELSDON
2022,62,INTIMIDATION,3,WEST ELSDON
2022,62,MOTOR VEHICLE THEFT,70,WEST ELSDON
2022,62,NARCOTICS,7,WEST ELSDON
2022,62,OFFENSE INVOLVING CHILDREN,16,WEST ELSDON
2022,62,OTHER OFFENSE,61,WEST ELSDON
2022,62,PUBLIC PEACE VIOLATION,6,WEST ELSDON
2022,62,ROBBERY,32,WEST ELSDON
2022,62,SEX OFFENSE,5,WEST ELSDON
2022,62,THEFT,167,WEST ELSDON
2022,62,WEAPONS VIOLATION,37,WEST ELSDON
2022,63,ARSON,5,GAGE PARK
2022,63,ASSAULT,199,GAGE PARK
2022,63,BATTERY,379,GAGE PARK
2022,63,BURGLARY,69,GAGE PARK
2022,63,CONCEALED CARRY LICENSE VIOLATION,1,GAGE PARK
2022,63,CRIMINAL DAMAGE,230,GAGE PARK
2022,63,CRIMINAL SEXUAL ASSAULT,14,GAGE PARK
2022,63,CRIMINAL TRESPASS,21,GAGE PARK
2022,63,DECEPTIVE PRACTICE,115,GAGE PARK
2022,63,HOMICIDE,2,GAGE PARK
2022,63,HUMAN TRAFFICKING,1,GAGE PARK
2022,63,INTIMIDATION,2,GAGE PARK
2022,63,KIDNAPPING,4,GAGE PARK
2022,63,LIQUOR LAW VIOLATION,3,GAGE PARK
2022,63,MOTOR VEHICLE THEFT,152,GAGE PARK
2022,63,NARCOTICS,20,GAGE PARK
2022,63,OBSCENITY,2,GAGE PARK
2022,63,OFFENSE INVOLVING CHILDREN,26,GAGE PARK
2022,63,OTHER OFFENSE,134,GAGE PARK
2022,63,PUBLIC PEACE VIOLATION,2,GAGE PARK
2022,63,ROBBERY,99,GAGE PARK
2022,63,SEX OFFENSE,19,GAGE PARK
2022,63,STALKING,5,GAGE PARK
2022,63,THEFT,383,GAGE PARK
2022,63,WEAPONS VIOLATION,81,GAGE PARK
2022,64,ARSON,1,CLEARING
2022,64,ASSAULT,84,CLEARING
2022,64,BATTERY,150,CLEARING
2022,64,BURGLARY,52,CLEARING
2022,64,CONCEALED CARRY LICENSE VIOLATION,1,CLEARING
2022,64,CRIMINAL DAMAGE,107,CLEARING
2022,64,CRIMINAL SEXUAL ASSAULT,4,CLEARING
2022,64,CRIMINAL TRESPASS,17,CLEARING
2022,64,DECEPTIVE PRACTICE,122,CLEARING
2022,64,HOMICIDE,1,CLEARING
2022,64,INTIMIDATION,1,CLEARING
2022,64,MOTOR VEHICLE THEFT,89,CLEARING
2022,64,NARCOTICS,5,CLEARING
2022,64,OFFENSE INVOLVING CHILDREN,12,CLEARING
2022,64,OTHER OFFENSE,97,CLEARING
2022,64,PUBLIC PEACE VIOLATION,2,CLEARING
2022,64,ROBBERY,18,CLEARING
2022,64,SEX OFFENSE,8,CLEARING
2022,64,STALKING,3,CLEARING
2022,64,THEFT,219,CLEARING
2022,64,WEAPONS VIOLATION,15,CLEARING
2022,65,ARSON,3,WEST LAWN
2022,65,ASSAULT,113,WEST LAWN
2022,65,BATTERY,251,WEST LAWN
2022,65,BURGLARY,66,WEST LAWN
2022,65,CRIMINAL DAMAGE,175,WEST LAWN
2022,65,CRIMINAL SEXUAL ASSAULT,10,WEST LAWN
2022,65,CRIMINAL TRESPASS,20,WEST LAWN
2022,65,DECEPTIVE PRACTICE,167,WEST LAWN
2022,65,HOMICIDE,3,WEST LAWN
2022,65,INTERFERENCE WITH PUBLIC OFFICER,1,WEST LAWN
2022,65,INTIMIDATION,3,WEST LAWN
2022,65,MOTOR VEHICLE THEFT,136,WEST LAWN
2022,65,NARCOTICS,9,WEST LAWN
2022,65,OBSCENITY,1,WEST LAWN
2022,65,OFFENSE INVOLVING CHILDREN,9,WEST LAWN
2022,65,OTHER OFFENSE,95,WEST LAWN
2022,65,PUBLIC PEACE VIOLATION,4,WEST LAWN
2022,65,ROBBERY,65,WEST LAWN
2022,65,SEX OFFENSE,14,WEST LAWN
2022,65,STALKING,2,WEST LAWN
2022,65,THEFT,411,WEST LAWN
2022,65,WEAPONS VIOLATION,57,WEST LAWN
2022,66,ARSON,22,CHICAGO LAWN
2022,66,ASSAULT,504,CHICAGO LAWN
2022,66,BATTERY,958,CHICAGO LAWN
2022,66,BURGLARY,194,CHICAGO LAWN
2022,66,CONCEALED CARRY LICENSE VIOLATION,1,CHICAGO LAWN
2022,66,CRIMINAL DAMAGE,580,CHICAGO LAWN
2022,66,CRIMINAL SEXUAL ASSAULT,41,CHICAGO LAWN
2022,66,CRIMINAL TRESPASS,53,CHICAGO LAWN
2022,66,DECEPTIVE PRACTICE,253,CHICAGO LAWN
2022,66,GAMBLING,3,CHICAGO LAWN
2022,66,HOMICIDE,18,CHICAGO LAWN
2022,66,INTERFERENCE WITH PUBLIC OFFICER,5,CHICAGO LAWN
2022,66,INTIMIDATION,6,CHICAGO LAWN
2022,66,KIDNAPPING,7,CHICAGO LAWN
2022,66,LIQUOR LAW VIOLATION,4,CHICAGO LAWN
2022,66,MOTOR VEHICLE THEFT,366,CHICAGO LAWN
2022,66,NARCOTICS,83,CHICAGO LAWN
2022,66,OBSCENITY,1,CHICAGO LAWN
2022,66,OFFENSE INVOLVING CHILDREN,45,CHICAGO LAWN
2022,66,OTHER OFFENSE,346,CHICAGO LAWN
2022,66,PUBLIC PEACE VIOLATION,5,CHICAGO LAWN
2022,66,ROBBERY,226,CHICAGO LAWN
2022,66,SEX OFFENSE,16,CHICAGO LAWN
2022,66,STALKING,6,CHICAGO LAWN
2022,66,THEFT,838,CHICAGO LAWN
2022,66,WEAPONS VIOLATION,262,CHICAGO LAWN
2022,67,ARSON,19,WEST ENGLEWOOD
2022,67,ASSAULT,528,WEST ENGLEWOOD
2022,67,BATTERY,1007,WEST ENGLEWOOD
2022,67,BURGLARY,145,WEST ENGLEWOOD
2022,67,CONCEALED CARRY LICENSE VIOLATION,3,WEST ENGLEWOOD
2022,67,CRIMINAL DAMAGE,657,WEST ENGLEWOOD
2022,67,CRIMINAL SEXUAL ASSAULT,29,WEST ENGLEWOOD
2022,67,CRIMINAL TRESPASS,50,WEST ENGLEWOOD
2022,67,DECEPTIVE PRACTICE,174,WEST ENGLEWOOD
2022,67,HOMICIDE,30,WEST ENGLEWOOD
2022,67,HUMAN TRAFFICKING,1,WEST ENGLEWOOD
2022,67,INTERFERENCE WITH PUBLIC OFFICER,13,WEST ENGLEWOOD
2022,67,INTIMIDATION,5,WEST ENGLEWOOD
2022,67,KIDNAPPING,3,WEST ENGLEWOOD
2022,67,LIQUOR LAW VIOLATION,1,WEST ENGLEWOOD
2022,67,MOTOR VEHICLE THEFT,369,WEST ENGLEWOOD
2022,67,NARCOTICS,101,WEST ENGLEWOOD
2022,67,OBSCENITY,1,WEST ENGLEWOOD
2022,67,OFFENSE INVOLVING CHILDREN,47,WEST ENGLEWOOD
2022,67,OTHER OFFENSE,299,WEST ENGLEWOOD
2022,67,PROSTITUTION,7,WEST ENGLEWOOD
2022,67,PUBLIC PEACE VIOLATION,9,WEST ENGLEWOOD
2022,67,ROBBERY,224,WEST ENGLEWOOD
2022,67,SEX OFFENSE,16,WEST ENGLEWOOD
2022,67,STALKING,1,WEST ENGLEWOOD
2022,67,THEFT,682,WEST ENGLEWOOD
2022,67,WEAPONS VIOLATION,352,WEST ENGLEWOOD
2022,68,ARSON,12,ENGLEWOOD
2022,68,ASSAULT,599,ENGLEWOOD
2022,68,BATTERY,1088,ENGLEWOOD
2022,68,BURGLARY,125,ENGLEWOOD
2022,68,CONCEALED CARRY LICENSE VIOLATION,1,ENGLEWOOD
2022,68,CRIMINAL DAMAGE,572,ENGLEWOOD
2022,68,CRIMINAL SEXUAL ASSAULT,43,ENGLEWOOD
2022,68,CRIMINAL TRESPASS,42,ENGLEWOOD
2022,68,DECEPTIVE PRACTICE,191,ENGLEWOOD
2022,68,HOMICIDE,18,ENGLEWOOD
2022,68,INTERFERENCE WITH PUBLIC OFFICER,6,ENGLEWOOD
2022,68,INTIMIDATION,1,ENGLEWOOD
2022,68,KIDNAPPING,7,ENGLEWOOD
2022,68,LIQUOR LAW VIOLATION,3,ENGLEWOOD
2022,68,MOTOR VEHICLE THEFT,424,ENGLEWOOD
2022,68,NARCOTICS,60,ENGLEWOOD
2022,68,OFFENSE INVOLVING CHILDREN,56,ENGLEWOOD
2022,68,OTHER OFFENSE,321,ENGLEWOOD
2022,68,PUBLIC PEACE VIOLATION,12,ENGLEWOOD
2022,68,ROBBERY,189,ENGLEWOOD
2022,68,SEX OFFENSE,14,ENGLEWOOD
2022,68,STALKING,4,ENGLEWOOD
2022,68,THEFT,624,ENGLEWOOD
2022,68,WEAPONS VIOLATION,332,ENGLEWOOD
2022,69,ARSON,7,GREATER GRAND CROSSING
2022,69,ASSAULT,635,GREATER GRAND CROSSING
2022,69,BATTERY,1230,GREATER GRAND CROSSING
2022,69,BURGLARY,214,GREATER GRAND CROSSING
2022,69,CONCEALED CARRY LICENSE VIOLATION,3,GREATER GRAND CROSSING
2022,69,CRIMINAL DAMAGE,721,GREATER GRAND CROSSING
2022,69,CRIMINAL SEXUAL ASSAULT,42,GREATER GRAND CROSSING
2022,69,CRIMINAL TRESPASS,83,GREATER GRAND CROSSING
2022,69,DECEPTIVE PRACTICE,269,GREATER GRAND CROSSING
2022,69,HOMICIDE,22,GREATER GRAND CROSSING
2022,69,INTERFERENCE WITH PUBLIC OFFICER,15,GREATER GRAND CROSSING
2022,69,INTIMIDATION,2,GREATER GRAND CROSSING
2022,69,KIDNAPPING,4,GREATER GRAND CROSSING
2022,69,LIQUOR LAW VIOLATION,5,GREATER GRAND CROSSING
2022,69,MOTOR VEHICLE THEFT,738,GREATER GRAND CROSSING
2022,69,NARCOTICS,52,GREATER GRAND CROSSING
2022,69,OFFENSE INVOLVING CHILDREN,62,GREATER GRAND CROSSING
2022,69,OTHER OFFENSE,367,GREATER GRAND CROSSING
2022,69,PUBLIC PEACE VIOLATION,15,GREATER GRAND CROSSING
2022,69,ROBBERY,252,GREATER GRAND CROSSING
2022,69,SEX OFFENSE,22,GREATER GRAND CROSSING
2022,69,STALKING,11,GREATER GRAND CROSSING
2022,69,THEFT,840,GREATER GRAND CROSSING
2022,69,WEAPONS VIOLATION,359,GREATER GRAND CROSSING
2022,70,ARSON,1,ASHBURN
2022,70,ASSAULT,207,ASHBURN
2022,70,BATTERY,351,ASHBURN
2022,70,BURGLARY,78,ASHBURN
2022,70,CRIMINAL DAMAGE,263,ASHBURN
2022,70,CRIMINAL SEXUAL ASSAULT,11,ASHBURN
2022,70,CRIMINAL TRESPASS,24,ASHBURN
2022,70,DECEPTIVE PRACTICE,204,ASHBURN
2022,70,HOMICIDE,4,ASHBURN
2022,70,INTIMIDATION,4,ASHBURN
2022,70,LIQUOR LAW VIOLATION,1,ASHBURN
2022,70,MOTOR VEHICLE THEFT,181,ASHBURN
2022,70,NARCOTICS,9,ASHBURN
2022,70,OFFENSE INVOLVING CHILDREN,22,ASHBURN
2022,70,OTHER OFFENSE,146,ASHBURN
2022,70,PUBLIC PEACE VIOLATION,4,ASHBURN
2022,70,ROBBERY,56,ASHBURN
2022,70,SEX OFFENSE,6,ASHBURN
2022,70,STALKING,4,ASHBURN
2022,70,THEFT,373,ASHBURN
2022,70,WEAPONS VIOLATION,52,ASHBURN
2022,71,ARSON,15,AUBURN GRESHAM
2022,71,ASSAULT,679,AUBURN GRESHAM
2022,71,BATTERY,1272,AUBURN GRESHAM
2022,71,BURGLARY,254,AUBURN GRESHAM
2022,71,CONCEALED CARRY LICENSE VIOLATION,4,AUBURN GRESHAM
2022,71,CRIMINAL DAMAGE,874,AUBURN GRESHAM
2022,71,CRIMINAL SEXUAL ASSAULT,42,AUBURN GRESHAM
2022,71,CRIMINAL TRESPASS,97,AUBURN GRESHAM
2022,71,DECEPTIVE PRACTICE,338,AUBURN GRESHAM
2022,71,HOMICIDE,35,AUBURN GRESHAM
2022,71,INTERFERENCE WITH PUBLIC OFFICER,19,AUBURN GRESHAM
2022,71,INTIMIDATION,4,AUBURN GRESHAM
2022,71,KIDNAPPING,8,AUBURN GRESHAM
2022,71,LIQUOR LAW VIOLATION,9,AUBURN GRESHAM
2022,71,MOTOR VEHICLE THEFT,564,AUBURN GRESHAM
2022,71,NARCOTICS,38,AUBURN GRESHAM
2022,71,OBSCENITY,1,AUBURN GRESHAM
2022,71,OFFENSE INVOLVING CHILDREN,64,AUBURN GRESHAM
2022,71,OTHER OFFENSE,454,AUBURN GRESHAM
2022,71,PUBLIC PEACE VIOLATION,17,AUBURN GRESHAM
2022,71,ROBBERY,227,AUBURN GRESHAM
2022,71,SEX OFFENSE,26,AUBURN GRESHAM
2022,71,STALKING,7,AUBURN GRESHAM
2022,71,THEFT,956,AUBURN GRESHAM
2022,71,WEAPONS VIOLATION,311,AUBURN GRESHAM
2022,72,ARSON,3,BEVERLY
2022,72,ASSAULT,65,BEVERLY
2022,72,BATTERY,93,BEVERLY
2022,72,BURGLARY,51,BEVERLY
2022,72,CONCEALED CARRY LICENSE VIOLATION,1,BEVERLY
2022,72,CRIMINAL DAMAGE,108,BEVERLY
2022,72,CRIMINAL SEXUAL ASSAULT,5,BEVERLY
2022,72,CRIMINAL TRESPASS,21,BEVERLY
2022,72,DECEPTIVE PRACTICE,107,BEVERLY
2022,72,HOMICIDE,2,BEVERLY
2022,72,INTERFERENCE WITH PUBLIC OFFICER,1,BEVERLY
2022,72,INTIMIDATION,2,BEVERLY
2022,72,KIDNAPPING,1,BEVERLY
2022,72,LIQUOR LAW VIOLATION,2,BEVERLY
2022,72,MOTOR VEHICLE THEFT,91,BEVERLY
2022,72,NARCOTICS,3,BEVERLY
2022,72,OFFENSE INVOLVING CHILDREN,12,BEVERLY
2022,72,OTHER OFFENSE,71,BEVERLY
2022,72,PUBLIC PEACE VIOLATION,1,BEVERLY
2022,72,ROBBERY,29,BEVERLY
2022,72,SEX OFFENSE,3,BEVERLY
2022,72,THEFT,210,BEVERLY
2022,72,WEAPONS VIOLATION,18,BEVERLY
2022,73,ARSON,8,WASHINGTON HEIGHTS
2022,73,ASSAULT,254,WASHINGTON HEIGHTS
2022,73,BATTERY,487,WASHINGTON HEIGHTS
2022,73,BURGLARY,119,WASHINGTON HEIGHTS
2022,73,CONCEALED CARRY LICENSE VIOLATION,2,WASHINGTON HEIGHTS
2022,73,CRIMINAL DAMAGE,379,WASHINGTON HEIGHTS
2022,73,CRIMINAL SEXUAL ASSAULT,13,WASHINGTON HEIGHTS
2022,73,CRIMINAL TRESPASS,33,WASHINGTON HEIGHTS
2022,73,DECEPTIVE PRACTICE,168,WASHINGTON HEIGHTS
2022,73,HOMICIDE,11,WASHINGTON HEIGHTS
2022,73,INTERFERENCE WITH PUBLIC OFFICER,6,WASHINGTON HEIGHTS
2022,73,INTIMIDATION,1,WASHINGTON HEIGHTS
2022,73,KIDNAPPING,1,WASHINGTON HEIGHTS
2022,73,LIQUOR LAW VIOLATION,1,WASHINGTON HEIGHTS
2022,73,MOTOR VEHICLE THEFT,438,WASHINGTON HEIGHTS
2022,73,NARCOTICS,31,WASHINGTON HEIGHTS
2022,73,OBSCENITY,1,WASHINGTON HEIGHTS
2022,73,OFFENSE INVOLVING CHILDREN,33,WASHINGTON HEIGHTS
2022,73,OTHER OFFENSE,207,WASHINGTON HEIGHTS
2022,73,PUBLIC PEACE VIOLATION,4,WASHINGTON HEIGHTS
2022,73,ROBBERY,126,WASHINGTON HEIGHTS
2022,73,SEX OFFENSE,15,WASHINGTON HEIGHTS
2022,73,STALKING,6,WASHINGTON HEIGHTS
2022,73,THEFT,478,WASHINGTON HEIGHTS
2022,73,WEAPONS VIOLATION,120,WASHINGTON HEIGHTS
2022,74,ASSAULT,40,MOUNT GREENWOOD
2022,74,BATTERY,85,MOUNT GREENWOOD
2022,74,BURGLARY,22,MOUNT GREENWOOD
2022,74,CRIMINAL DAMAGE,53,MOUNT GREENWOOD
2022,74,CRIMINAL SEXUAL ASSAULT,3,MOUNT GREENWOOD
2022,74,CRIMINAL TRESPASS,27,MOUNT GREENWOOD
2022,74,DECEPTIVE PRACTICE,78,MOUNT GREENWOOD
2022,74,INTERFERENCE WITH PUBLIC OFFICER,1,MOUNT GREENWOOD
2022,74,INTIMIDATION,1,MOUNT GREENWOOD
2022,74,KIDNAPPING,1,MOUNT GREENWOOD
2022,74,LIQUOR LAW VIOLATION,1,MOUNT GREENWOOD
2022,74,MOTOR VEHICLE THEFT,22,MOUNT GREENWOOD
2022,74,NARCOTICS,12,MOUNT GREENWOOD
2022,74,OBSCENITY,1,MOUNT GREENWOOD
2022,74,OFFENSE INVOLVING CHILDREN,6,MOUNT GREENWOOD
2022,74,OTHER OFFENSE,46,MOUNT GREENWOOD
2022,74,PUBLIC PEACE VIOLATION,1,MOUNT GREENWOOD
2022,74,ROBBERY,16,MOUNT GREENWOOD
2022,74,SEX OFFENSE,6,MOUNT GREENWOOD
2022,74,STALKING,1,MOUNT GREENWOOD
2022,74,THEFT,110,MOUNT GREENWOOD
2022,74,WEAPONS VIOLATION,7,MOUNT GREENWOOD
2022,75,ARSON,3,MORGAN PARK
2022,75,ASSAULT,139,MORGAN PARK
2022,75,BATTERY,304,MORGAN PARK
2022,75,BURGLARY,53,MORGAN PARK
2022,75,CONCEALED CARRY LICENSE VIOLATION,1,MORGAN PARK
2022,75,CRIMINAL DAMAGE,221,MORGAN PARK
2022,75,CRIMINAL SEXUAL ASSAULT,5,MORGAN PARK
2022,75,CRIMINAL TRESPASS,33,MORGAN PARK
2022,75,DECEPTIVE PRACTICE,131,MORGAN PARK
2022,75,HOMICIDE,9,MORGAN PARK
2022,75,INTERFERENCE WITH PUBLIC OFFICER,5,MORGAN PARK
2022,75,INTIMIDATION,1,MORGAN PARK
2022,75,MOTOR VEHICLE THEFT,177,MORGAN PARK
2022,75,NARCOTICS,24,MORGAN PARK
2022,75,OBSCENITY,1,MORGAN PARK
2022,75,OFFENSE INVOLVING CHILDREN,31,MORGAN PARK
2022,75,OTHER OFFENSE,116,MORGAN PARK
2022,75,PUBLIC PEACE VIOLATION,8,MORGAN PARK
2022,75,ROBBERY,47,MORGAN PARK
2022,75,SEX OFFENSE,9,MORGAN PARK
2022,75,STALKING,5,MORGAN PARK
2022,75,THEFT,393,MORGAN PARK
2022,75,WEAPONS VIOLATION,65,MORGAN PARK
2022,76,ASSAULT,99,OHARE
2022,76,BATTERY,216,OHARE
2022,76,BURGLARY,14,OHARE
2022,76,CONCEALED CARRY LICENSE VIOLATION,58,OHARE
2022,76,CRIMINAL DAMAGE,112,OHARE
2022,76,CRIMINAL SEXUAL ASSAULT,10,OHARE
2022,76,CRIMINAL TRESPASS,168,OHARE
2022,76,DECEPTIVE PRACTICE,135,OHARE
2022,76,INTERFERENCE WITH PUBLIC OFFICER,2,OHARE
2022,76,KIDNAPPING,2,OHARE
2022,76,MOTOR VEHICLE THEFT,124,OHARE
2022,76,NARCOTICS,195,OHARE
2022,76,OFFENSE INVOLVING CHILDREN,6,OHARE
2022,76,OTHER OFFENSE,92,OHARE
2022,76,PUBLIC PEACE VIOLATION,22,OHARE
2022,76,ROBBERY,11,OHARE
2022,76,SEX OFFENSE,8,OHARE
2022,76,STALKING,3,OHARE
2022,76,THEFT,561,OHARE
2022,76,WEAPONS VIOLATION,9,OHARE
2022,77,ARSON,2,EDGEWATER
2022,77,ASSAULT,264,EDGEWATER
2022,77,BATTERY,471,EDGEWATER
2022,77,BURGLARY,96,EDGEWATER
2022,77,CRIMINAL DAMAGE,283,EDGEWATER
2022,77,CRIMINAL SEXUAL ASSAULT,33,EDGEWATER
2022,77,CRIMINAL TRESPASS,68,EDGEWATER
2022,77,DECEPTIVE PRACTICE,266,EDGEWATER
2022,77,HOMICIDE,3,EDGEWATER
2022,77,INTERFERENCE WITH PUBLIC OFFICER,3,EDGEWATER
2022,77,INTIMIDATION,5,EDGEWATER
2022,77,KIDNAPPING,1,EDGEWATER
2022,77,MOTOR VEHICLE THEFT,186,EDGEWATER
2022,77,NARCOTICS,13,EDGEWATER
2022,77,OFFENSE INVOLVING CHILDREN,12,EDGEWATER
2022,77,OTHER OFFENSE,137,EDGEWATER
2022,77,ROBBERY,95,EDGEWATER
2022,77,SEX OFFENSE,20,EDGEWATER
2022,77,STALKING,9,EDGEWATER
2022,77,THEFT,920,EDGEWATER
2022,77,WEAPONS VIOLATION,13,EDGEWATER
2023,1,ARSON,4,ROGERS PARK
2023,1,ASSAULT,338,ROGERS PARK
2023,1,BATTERY,818,ROGERS PARK
2023,1,BURGLARY,109,ROGERS PARK
2023,1,CONCEALED CARRY LICENSE VIOLATION,1,ROGERS PARK
2023,1,CRIMINAL DAMAGE,535,ROGERS PARK
2023,1,CRIMINAL SEXUAL ASSAULT,31,ROGERS PARK
2023,1,CRIMINAL TRESPASS,120,ROGERS PARK
2023,1,DECEPTIVE PRACTICE,349,ROGERS PARK
2023,1,HOMICIDE,7,ROGERS PARK
2023,1,INTERFERENCE WITH PUBLIC OFFICER,5,ROGERS PARK
2023,1,INTIMIDATION,9,ROGERS PARK
2023,1,KIDNAPPING,3,ROGERS PARK
2023,1,MOTOR VEHICLE THEFT,428,ROGERS PARK
2023,1,NARCOTICS,63,ROGERS PARK
2023,1,OFFENSE INVOLVING CHILDREN,21,ROGERS PARK
2023,1,OTHER OFFENSE,302,ROGERS PARK
2023,1,PUBLIC PEACE VIOLATION,12,ROGERS PARK
2023,1,ROBBERY,117,ROGERS PARK
2023,1,SEX OFFENSE,29,ROGERS PARK
2023,1,STALKING,7,ROGERS PARK
2023,1,THEFT,1290,ROGERS PARK
2023,1,WEAPONS VIOLATION,48,ROGERS PARK
2023,2,ARSON,7,WEST RIDGE
2023,2,ASSAULT,327,WEST RIDGE
2023,2,BATTERY,643,WEST RIDGE
2023,2,BURGLARY,172,WEST RIDGE
2023,2,CRIMINAL DAMAGE,449,WEST RIDGE
2023,2,CRIMINAL SEXUAL ASSAULT,17,WEST RIDGE
2023,2,CRIMINAL TRESPASS,81,WEST RIDGE
2023,2,DECEPTIVE PRACTICE,416,WEST RIDGE
2023,2,HOMICIDE,4,WEST RIDGE
2023,2,INTERFERENCE WITH PUBLIC OFFICER,6,WEST RIDGE
2023,2,INTIMIDATION,6,WEST RIDGE
2023,2,KIDNAPPING,1,WEST RIDGE
2023,2,LIQUOR LAW VIOLATION,2,WEST RIDGE
2023,2,MOTOR VEHICLE THEFT,450,WEST RIDGE
2023,2,NARCOTICS,40,WEST RIDGE
2023,2,OBSCENITY,1,WEST RIDGE
2023,2,OFFENSE INVOLVING CHILDREN,30,WEST RIDGE
2023,2,OTHER OFFENSE,267,WEST RIDGE
2023,2,PUBLIC PEACE VIOLATION,4,WEST RIDGE
2023,2,ROBBERY,132,WEST RIDGE
2023,2,SEX OFFENSE,26,WEST RIDGE
2023,2,STALKING,3,WEST RIDGE
2023,2,THEFT,900,WEST RIDGE
2023,2,WEAPONS VIOLATION,40,WEST RIDGE
2023,3,ARSON,2,UPTOWN
2023,3,ASSAULT,443,UPTOWN
2023,3,BATTERY,758,UPTOWN
2023,3,BURGLARY,163,UPTOWN
2023,3,CONCEALED CARRY LICENSE VIOLATION,4,UPTOWN
2023,3,CRIMINAL DAMAGE,463,UPTOWN
2023,3,CRIMINAL SEXUAL ASSAULT,43,UPTOWN
2023,3,CRIMINAL TRESPASS,139,UPTOWN
2023,3,DECEPTIVE PRACTICE,403,UPTOWN
2023,3,HOMICIDE,3,UPTOWN
2023,3,INTERFERENCE WITH PUBLIC OFFICER,11,UPTOWN
2023,3,INTIMIDATION,7,UPTOWN
2023,3,LIQUOR LAW VIOLATION,4,UPTOWN
2023,3,MOTOR VEHICLE THEFT,352,UPTOWN
2023,3,NARCOTICS,42,UPTOWN
2023,3,OBSCENITY,2,UPTOWN
2023,3,OFFENSE INVOLVING CHILDREN,18,UPTOWN
2023,3,OTHER OFFENSE,206,UPTOWN
2023,3,PUBLIC PEACE VIOLATION,13,UPTOWN
2023,3,ROBBERY,111,UPTOWN
2023,3,SEX OFFENSE,32,UPTOWN
2023,3,STALKING,8,UPTOWN
2023,3,THEFT,1353,UPTOWN
2023,3,WEAPONS VIOLATION,32,UPTOWN
2023,4,ARSON,2,LINCOLN SQUARE
2023,4,ASSAULT,190,LINCOLN SQUARE
2023,4,BATTERY,324,LINCOLN SQUARE
2023,4,BURGLARY,126,LINCOLN SQUARE
2023,4,CRIMINAL DAMAGE,263,LINCOLN SQUARE
2023,4,CRIMINAL SEXUAL ASSAULT,26,LINCOLN SQUARE
2023,4,CRIMINAL TRESPASS,62,LINCOLN SQUARE
2023,4,DECEPTIVE PRACTICE,210,LINCOLN SQUARE
2023,4,INTERFERENCE WITH PUBLIC OFFICER,1,LINCOLN SQUARE
2023,4,INTIMIDATION,4,LINCOLN SQUARE
2023,4,KIDNAPPING,1,LINCOLN SQUARE
2023,4,LIQUOR LAW VIOLATION,4,LINCOLN SQUARE
2023,4,MOTOR VEHICLE THEFT,181,LINCOLN SQUARE
2023,4,NARCOTICS,28,LINCOLN SQUARE
2023,4,OFFENSE INVOLVING CHILDREN,4,LINCOLN SQUARE
2023,4,OTHER OFFENSE,100,LINCOLN SQUARE
2023,4,PUBLIC PEACE VIOLATION,2,LINCOLN SQUARE
2023,4,ROBBERY,57,LINCOLN SQUARE
2023,4,SEX OFFENSE,23,LINCOLN SQUARE
2023,4,STALKING,1,LINCOLN SQUARE
2023,4,THEFT,597,LINCOLN SQUARE
2023,4,WEAPONS VIOLATION,11,LINCOLN SQUARE
2023,5,ARSON,2,NORTH CENTER
2023,5,ASSAULT,75,NORTH CENTER
2023,5,BATTERY,167,NORTH CENTER
2023,5,BURGLARY,103,NORTH CENTER
2023,5,CRIMINAL DAMAGE,178,NORTH CENTER
2023,5,CRIMINAL SEXUAL ASSAULT,8,NORTH CENTER
2023,5,CRIMINAL TRESPASS,35,NORTH CENTER
2023,5,DECEPTIVE PRACTICE,158,NORTH CENTER
2023,5,INTERFERENCE WITH PUBLIC OFFICER,2,NORTH CENTER
2023,5,INTIMIDATION,3,NORTH CENTER
2023,5,LIQUOR LAW VIOLATION,3,NORTH CENTER
2023,5,MOTOR VEHICLE THEFT,146,NORTH CENTER
2023,5,NARCOTICS,5,NORTH CENTER
2023,5,OFFENSE INVOLVING CHILDREN,4,NORTH CENTER
2023,5,OTHER OFFENSE,75,NORTH CENTER
2023,5,PUBLIC PEACE VIOLATION,5,NORTH CENTER
2023,5,ROBBERY,50,NORTH CENTER
2023,5,SEX OFFENSE,7,NORTH CENTER
2023,5,STALKING,1,NORTH CENTER
2023,5,THEFT,464,NORTH CENTER
2023,5,WEAPONS VIOLATION,6,NORTH CENTER
2023,6,ARSON,5,LAKE VIEW
2023,6,ASSAULT,313,LAKE VIEW
2023,6,BATTERY,787,LAKE VIEW
2023,6,BURGLARY,226,LAKE VIEW
2023,6,CONCEALED CARRY LICENSE VIOLATION,7,LAKE VIEW
2023,6,CRIMINAL DAMAGE,561,LAKE VIEW
2023,6,CRIMINAL SEXUAL ASSAULT,57,LAKE VIEW
2023,6,CRIMINAL TRESPASS,162,LAKE VIEW
2023,6,DECEPTIVE PRACTICE,734,LAKE VIEW
2023,6,HOMICIDE,3,LAKE VIEW
2023,6,INTERFERENCE WITH PUBLIC OFFICER,6,LAKE VIEW
2023,6,INTIMIDATION,11,LAKE VIEW
2023,6,KIDNAPPING,1,LAKE VIEW
2023,6,LIQUOR LAW VIOLATION,14,LAKE VIEW
2023,6,MOTOR VEHICLE THEFT,540,LAKE VIEW
2023,6,NARCOTICS,22,LAKE VIEW
2023,6,OBSCENITY,1,LAKE VIEW
2023,6,OFFENSE INVOLVING CHILDREN,7,LAKE VIEW
2023,6,OTHER NARCOTIC VIOLATION,1,LAKE VIEW
2023,6,OTHER OFFENSE,225,LAKE VIEW
2023,6,PUBLIC INDECENCY,2,LAKE VIEW
2023,6,PUBLIC PEACE VIOLATION,27,LAKE VIEW
2023,6,ROBBERY,199,LAKE VIEW
2023,6,SEX OFFENSE,31,LAKE VIEW
2023,6,STALKING,14,LAKE VIEW
2023,6,THEFT,2592,LAKE VIEW
2023,6,WEAPONS VIOLATION,19,LAKE VIEW
2023,7,ARSON,5,LINCOLN PARK
2023,7,ASSAULT,191,LINCOLN PARK
2023,7,BATTERY,340,LINCOLN PARK
2023,7,BURGLARY,203,LINCOLN PARK
2023,7,CRIMINAL DAMAGE,372,LINCOLN PARK
2023,7,CRIMINAL SEXUAL ASSAULT,20,LINCOLN PARK
2023,7,CRIMINAL TRESPASS,101,LINCOLN PARK
2023,7,DECEPTIVE PRACTICE,371,LINCOLN PARK
2023,7,INTIMIDATION,4,LINCOLN PARK
2023,7,KIDNAPPING,1,LINCOLN PARK
2023,7,LIQUOR LAW VIOLATION,5,LINCOLN PARK
2023,7,MOTOR VEHICLE THEFT,348,LINCOLN PARK
2023,7,NARCOTICS,13,LINCOLN PARK
2023,7,OBSCENITY,1,LINCOLN PARK
2023,7,OFFENSE INVOLVING CHILDREN,7,LINCOLN PARK
2023,7,OTHER OFFENSE,103,LINCOLN PARK
2023,7,PUBLIC PEACE VIOLATION,12,LINCOLN PARK
2023,7,ROBBERY,133,LINCOLN PARK
2023,7,SEX OFFENSE,25,LINCOLN PARK
2023,7,STALKING,4,LINCOLN PARK
2023,7,THEFT,1656,LINCOLN PARK
2023,7,WEAPONS VIOLATION,22,LINCOLN PARK
2023,8,ARSON,7,NEAR NORTH SIDE
2023,8,ASSAULT,659,NEAR NORTH SIDE
2023,8,BATTERY,1524,NEAR NORTH SIDE
2023,8,BURGLARY,198,NEAR NORTH SIDE
2023,8,CONCEALED CARRY LICENSE VIOLATION,6,NEAR NORTH SIDE
2023,8,CRIMINAL DAMAGE,746,NEAR NORTH SIDE
2023,8,CRIMINAL SEXUAL ASSAULT,151,NEAR NORTH SIDE
2023,8,CRIMINAL TRESPASS,386,NEAR NORTH SIDE
2023,8,DECEPTIVE PRACTICE,1208,NEAR NORTH SIDE
2023,8,GAMBLING,1,NEAR NORTH SIDE
2023,8,HOMICIDE,5,NEAR NORTH SIDE
2023,8,HUMAN TRAFFICKING,1,NEAR NORTH SIDE
2023,8,INTERFERENCE WITH PUBLIC OFFICER,25,NEAR NORTH SIDE
2023,8,INTIMIDATION,10,NEAR NORTH SIDE
2023,8,KIDNAPPING,4,NEAR NORTH SIDE
2023,8,LIQUOR LAW VIOLATION,11,NEAR NORTH SIDE
2023,8,MOTOR VEHICLE THEFT,582,NEAR NORTH SIDE
2023,8,NARCOTICS,181,NEAR NORTH SIDE
2023,8,OFFENSE INVOLVING CHILDREN,27,NEAR NORTH SIDE
2023,8,OTHER OFFENSE,399,NEAR NORTH SIDE
2023,8,PUBLIC INDECENCY,1,NEAR NORTH SIDE
2023,8,PUBLIC PEACE VIOLATION,62,NEAR NORTH SIDE
2023,8,ROBBERY,340,NEAR NORTH SIDE
2023,8,SEX OFFENSE,57,NEAR NORTH SIDE
2023,8,STALKING,22,NEAR NORTH SIDE
2023,8,THEFT,4329,NEAR NORTH SIDE
2023,8,WEAPONS VIOLATION,246,NEAR NORTH SIDE
2023,9,ASSAULT,15,EDISON PARK
2023,9,BATTERY,39,EDISON PARK
2023,9,BURGLARY,14,EDISON PARK
2023,9,CRIMINAL DAMAGE,38,EDISON PARK
2023,9,CRIMINAL SEXUAL ASSAULT,2,EDISON PARK
2023,9,CRIMINAL TRESPASS,9,EDISON PARK
2023,9,DECEPTIVE PRACTICE,60,EDISON PARK
2023,9,INTIMIDATION,3,EDISON PARK
2023,9,KIDNAPPING,1,EDISON PARK
2023,9,LIQUOR LAW VIOLATION,2,EDISON PARK
2023,9,MOTOR VEHICLE THEFT,11,EDISON PARK
2023,9,NARCOTICS,1,EDISON PARK
2023,9,OFFENSE INVOLVING CHILDREN,3,EDISON PARK
2023,9,OTHER OFFENSE,44,EDISON PARK
2023,9,PUBLIC PEACE VIOLATION,1,EDISON PARK
2023,9,ROBBERY,4,EDISON PARK
2023,9,SEX OFFENSE,2,EDISON PARK
2023,9,STALKING,1,EDISON PARK
2023,9,THEFT,44,EDISON PARK
2023,10,ARSON,2,NORWOOD PARK
2023,10,ASSAULT,101,NORWOOD PARK
2023,10,BATTERY,191,NORWOOD PARK
2023,10,BURGLARY,51,NORWOOD PARK
2023,10,CRIMINAL DAMAGE,127,NORWOOD PARK
2023,10,CRIMINAL SEXUAL ASSAULT,9,NORWOOD PARK
2023,10,CRIMINAL TRESPASS,34,NORWOOD PARK
2023,10,DECEPTIVE PRACTICE,183,NORWOOD PARK
2023,10,INTIMIDATION,3,NORWOOD PARK
2023,10,KIDNAPPING,2,NORWOOD PARK
2023,10,LIQUOR LAW VIOLATION,1,NORWOOD PARK
2023,10,MOTOR VEHICLE THEFT,56,NORWOOD PARK
2023,10,NARCOTICS,12,NORWOOD PARK
2023,10,OFFENSE INVOLVING CHILDREN,17,NORWOOD PARK
2023,10,OTHER OFFENSE,133,NORWOOD PARK
2023,10,PUBLIC PEACE VIOLATION,2,NORWOOD PARK
2023,10,ROBBERY,13,NORWOOD PARK
2023,10,SEX OFFENSE,5,NORWOOD PARK
2023,10,STALKING,4,NORWOOD PARK
2023,10,THEFT,329,NORWOOD PARK
2023,10,WEAPONS VIOLATION,7,NORWOOD PARK
2023,11,ARSON,2,JEFFERSON PARK
2023,11,ASSAULT,89,JEFFERSON PARK
2023,11,BATTERY,171,JEFFERSON PARK
2023,11,BURGLARY,47,JEFFERSON PARK
2023,11,CONCEALED CARRY LICENSE VIOLATION,1,JEFFERSON PARK
2023,11,CRIMINAL DAMAGE,138,JEFFERSON PARK
2023,11,CRIMINAL SEXUAL ASSAULT,6,JEFFERSON PARK
2023,11,CRIMINAL TRESPASS,25,JEFFERSON PARK
2023,11,DECEPTIVE PRACTICE,111,JEFFERSON PARK
2023,11,INTIMIDATION,2,JEFFERSON PARK
2023,11,MOTOR VEHICLE THEFT,88,JEFFERSON PARK
2023,11,NARCOTICS,14,JEFFERSON PARK
2023,11,OFFENSE INVOLVING CHILDREN,7,JEFFERSON PARK
2023,11,OTHER OFFENSE,79,JEFFERSON PARK
2023,11,PUBLIC PEACE VIOLATION,3,JEFFERSON PARK
2023,11,ROBBERY,37,JEFFERSON PARK
2023,11,SEX OFFENSE,8,JEFFERSON PARK
2023,11,STALKING,2,JEFFERSON PARK
2023,11,THEFT,308,JEFFERSON PARK
2023,11,WEAPONS VIOLATION,8,JEFFERSON PARK
2023,12,ARSON,2,FOREST GLEN
2023,12,ASSAULT,33,FOREST GLEN
2023,12,BATTERY,45,FOREST GLEN
2023,12,BURGLARY,41,FOREST GLEN
2023,12,CRIMINAL DAMAGE,54,FOREST GLEN
2023,12,CRIMINAL SEXUAL ASSAULT,2,FOREST GLEN
2023,12,CRIMINAL TRESPASS,20,FOREST GLEN
2023,12,DECEPTIVE PRACTICE,73,FOREST GLEN
2023,12,HOMICIDE,1,FOREST GLEN
2023,12,INTIMIDATION,1,FOREST GLEN
2023,12,LIQUOR LAW VIOLATION,1,FOREST GLEN
2023,12,MOTOR VEHICLE THEFT,38,FOREST GLEN
2023,12,NARCOTICS,3,FOREST GLEN
2023,12,OBSCENITY,1,FOREST GLEN
2023,12,OFFENSE INVOLVING CHILDREN,6,FOREST GLEN
2023,12,OTHER OFFENSE,46,FOREST GLEN
2023,12,ROBBERY,10,FOREST GLEN
2023,12,SEX OFFENSE,3,FOREST GLEN
2023,12,THEFT,152,FOREST GLEN
2023,12,WEAPONS VIOLATION,6,FOREST GLEN
2023,13,ASSAULT,80,NORTH PARK
2023,13,BATTERY,162,NORTH PARK
2023,13,BURGLARY,41,NORTH PARK
2023,13,CRIMINAL DAMAGE,85,NORTH PARK
2023,13,CRIMINAL SEXUAL ASSAULT,5,NORTH PARK
2023,13,CRIMINAL TRESPASS,21,NORTH PARK
2023,13,DECEPTIVE PRACTICE,97,NORTH PARK
2023,13,HOMICIDE,1,NORTH PARK
2023,13,KIDNAPPING,1,NORTH PARK
2023,13,MOTOR VEHICLE THEFT,87,NORTH PARK
2023,13,NARCOTICS,11,NORTH PARK
2023,13,OFFENSE INVOLVING CHILDREN,6,NORTH PARK
2023,13,OTHER OFFENSE,60,NORTH PARK
2023,13,PUBLIC PEACE VIOLATION,2,NORTH PARK
2023,13,ROBBERY,19,NORTH PARK
2023,13,SEX OFFENSE,11,NORTH PARK
2023,13,STALKING,3,NORTH PARK
2023,13,THEFT,233,NORTH PARK
2023,13,WEAPONS VIOLATION,7,NORTH PARK
2023,14,ARSON,5,ALBANY PARK
2023,14,ASSAULT,200,ALBANY PARK
2023,14,BATTERY,465,ALBANY PARK
2023,14,BURGLARY,105,ALBANY PARK
2023,14,CONCEALED CARRY LICENSE VIOLATION,1,ALBANY PARK
2023,14,CRIMINAL DAMAGE,353,ALBANY PARK
2023,14,CRIMINAL SEXUAL ASSAULT,15,ALBANY PARK
2023,14,CRIMINAL TRESPASS,33,ALBANY PARK
2023,14,DECEPTIVE PRACTICE,206,ALBANY PARK
2023,14,HOMICIDE,5,ALBANY PARK
2023,14,INTERFERENCE WITH PUBLIC OFFICER,4,ALBANY PARK
2023,14,INTIMIDATION,7,ALBANY PARK
2023,14,MOTOR VEHICLE THEFT,176,ALBANY PARK
2023,14,NARCOTICS,34,ALBANY PARK
2023,14,OBSCENITY,2,ALBANY PARK
2023,14,OFFENSE INVOLVING CHILDREN,26,ALBANY PARK
2023,14,OTHER OFFENSE,155,ALBANY PARK
2023,14,PUBLIC PEACE VIOLATION,3,ALBANY PARK
2023,14,ROBBERY,82,ALBANY PARK
2023,14,SEX OFFENSE,22,ALBANY PARK
2023,14,STALKING,7,ALBANY PARK
2023,14,THEFT,621,ALBANY PARK
2023,14,WEAPONS VIOLATION,44,ALBANY PARK
2023,15,ARSON,8,PORTAGE PARK
2023,15,ASSAULT,257,PORTAGE PARK
2023,15,BATTERY,540,PORTAGE PARK
2023,15,BURGLARY,117,PORTAGE PARK
2023,15,CRIMINAL DAMAGE,362,PORTAGE PARK
2023,15,CRIMINAL SEXUAL ASSAULT,18,PORTAGE PARK
2023,15,CRIMINAL TRESPASS,56,PORTAGE PARK
2023,15,DECEPTIVE PRACTICE,298,PORTAGE PARK
2023,15,HOMICIDE,3,PORTAGE PARK
2023,15,INTERFERENCE WITH PUBLIC OFFICER,7,PORTAGE PARK
2023,15,INTIMIDATION,4,PORTAGE PARK
2023,15,KIDNAPPING,1,PORTAGE PARK
2023,15,LIQUOR LAW VIOLATION,4,PORTAGE PARK
2023,15,MOTOR VEHICLE THEFT,386,PORTAGE PARK
2023,15,NARCOTICS,68,PORTAGE PARK
2023,15,OBSCENITY,1,PORTAGE PARK
2023,15,OFFENSE INVOLVING CHILDREN,26,PORTAGE PARK
2023,15,OTHER OFFENSE,334,PORTAGE PARK
2023,15,PROSTITUTION,1,PORTAGE PARK
2023,15,PUBLIC PEACE VIOLATION,9,PORTAGE PARK
2023,15,ROBBERY,104,PORTAGE PARK
2023,15,SEX OFFENSE,22,PORTAGE PARK
2023,15,STALKING,8,PORTAGE PARK
2023,15,THEFT,864,PORTAGE PARK
2023,15,WEAPONS VIOLATION,42,PORTAGE PARK
2023,16,ARSON,3,IRVING PARK
2023,16,ASSAULT,234,IRVING PARK
2023,16,BATTERY,443,IRVING PARK
2023,16,BURGLARY,106,IRVING PARK
2023,16,CONCEALED CARRY LICENSE VIOLATION,2,IRVING PARK
2023,16,CRIMINAL DAMAGE,298,IRVING PARK
2023,16,CRIMINAL SEXUAL ASSAULT,13,IRVING PARK
2023,16,CRIMINAL TRESPASS,56,IRVING PARK
2023,16,DECEPTIVE PRACTICE,225,IRVING PARK
2023,16,HOMICIDE,2,IRVING PARK
2023,16,INTERFERENCE WITH PUBLIC OFFICER,1,IRVING PARK
2023,16,INTIMIDATION,3,IRVING PARK
2023,16,LIQUOR LAW VIOLATION,4,IRVING PARK
2023,16,MOTOR VEHICLE THEFT,317,IRVING PARK
2023,16,NARCOTICS,35,IRVING PARK
2023,16,OBSCENITY,1,IRVING PARK
2023,16,OFFENSE INVOLVING CHILDREN,19,IRVING PARK
2023,16,OTHER OFFENSE,187,IRVING PARK
2023,16,PROSTITUTION,1,IRVING PARK
2023,16,PUBLIC INDECENCY,1,IRVING PARK
2023,16,PUBLIC PEACE VIOLATION,6,IRVING PARK
2023,16,ROBBERY,96,IRVING PARK
2023,16,SEX OFFENSE,19,IRVING PARK
2023,16,STALKING,8,IRVING PARK
2023,16,THEFT,709,IRVING PARK
2023,16,WEAPONS VIOLATION,43,IRVING PARK
2023,17,ARSON,4,DUNNING
2023,17,ASSAULT,124,DUNNING
2023,17,BATTERY,256,DUNNING
2023,17,BURGLARY,65,DUNNING
2023,17,CRIMINAL DAMAGE,183,DUNNING
2023,17,CRIMINAL SEXUAL ASSAULT,15,DUNNING
2023,17,CRIMINAL TRESPASS,28,DUNNING
2023,17,DECEPTIVE PRACTICE,219,DUNNING
2023,17,INTERFERENCE WITH PUBLIC OFFICER,2,DUNNING
2023,17,INTIMIDATION,2,DUNNING
2023,17,KIDNAPPING,2,DUNNING
2023,17,LIQUOR LAW VIOLATION,7,DUNNING
2023,17,MOTOR VEHICLE THEFT,186,DUNNING
2023,17,NARCOTICS,27,DUNNING
2023,17,OBSCENITY,1,DUNNING
2023,17,OFFENSE INVOLVING CHILDREN,13,DUNNING
2023,17,OTHER OFFENSE,171,DUNNING
2023,17,ROBBERY,33,DUNNING
2023,17,SEX OFFENSE,15,DUNNING
2023,17,STALKING,15,DUNNING
2023,17,THEFT,394,DUNNING
2023,17,WEAPONS VIOLATION,14,DUNNING
2023,18,ARSON,3,MONTCLARE
2023,18,ASSAULT,52,MONTCLARE
2023,18,BATTERY,100,MONTCLARE
2023,18,BURGLARY,15,MONTCLARE
2023,18,CRIMINAL DAMAGE,90,MONTCLARE
2023,18,CRIMINAL SEXUAL ASSAULT,1,MONTCLARE
2023,18,CRIMINAL TRESPASS,10,MONTCLARE
2023,18,DECEPTIVE PRACTICE,47,MONTCLARE
2023,18,HOMICIDE,1,MONTCLARE
2023,18,KIDNAPPING,1,MONTCLARE
2023,18,LIQUOR LAW VIOLATION,2,MONTCLARE
2023,18,MOTOR VEHICLE THEFT,118,MONTCLARE
2023,18,NARCOTICS,4,MONTCLARE
2023,18,OFFENSE INVOLVING CHILDREN,7,MONTCLARE
2023,18,OTHER OFFENSE,56,MONTCLARE
2023,18,PUBLIC PEACE VIOLATION,1,MONTCLARE
2023,18,ROBBERY,14,MONTCLARE
2023,18,SEX OFFENSE,3,MONTCLARE
2023,18,STALKING,2,MONTCLARE
2023,18,THEFT,171,MONTCLARE
2023,18,WEAPONS VIOLATION,15,MONTCLARE
2023,19,ARSON,15,BELMONT CRAGIN
2023,19,ASSAULT,423,BELMONT CRAGIN
2023,19,BATTERY,824,BELMONT CRAGIN
2023,19,BURGLARY,132,BELMONT CRAGIN
2023,19,CONCEALED CARRY LICENSE VIOLATION,3,BELMONT CRAGIN
2023,19,CRIMINAL DAMAGE,483,BELMONT CRAGIN
2023,19,CRIMINAL SEXUAL ASSAULT,28,BELMONT CRAGIN
2023,19,CRIMINAL TRESPASS,63,BELMONT CRAGIN
2023,19,DECEPTIVE PRACTICE,404,BELMONT CRAGIN
2023,19,HOMICIDE,10,BELMONT CRAGIN
2023,19,INTERFERENCE WITH PUBLIC OFFICER,4,BELMONT CRAGIN
2023,19,INTIMIDATION,9,BELMONT CRAGIN
2023,19,KIDNAPPING,4,BELMONT CRAGIN
2023,19,LIQUOR LAW VIOLATION,1,BELMONT CRAGIN
2023,19,MOTOR VEHICLE THEFT,521,BELMONT CRAGIN
2023,19,NARCOTICS,67,BELMONT CRAGIN
2023,19,OBSCENITY,1,BELMONT CRAGIN
2023,19,OFFENSE INVOLVING CHILDREN,47,BELMONT CRAGIN
2023,19,OTHER OFFENSE,530,BELMONT CRAGIN
2023,19,PUBLIC PEACE VIOLATION,11,BELMONT CRAGIN
2023,19,ROBBERY,247,BELMONT CRAGIN
2023,19,SEX OFFENSE,45,BELMONT CRAGIN
2023,19,STALKING,12,BELMONT CRAGIN
2023,19,THEFT,934,BELMONT CRAGIN
2023,19,WEAPONS VIOLATION,161,BELMONT CRAGIN
2023,20,ARSON,4,HERMOSA
2023,20,ASSAULT,129,HERMOSA
2023,20,BATTERY,269,HERMOSA
2023,20,BURGLARY,21,HERMOSA
2023,20,CONCEALED CARRY LICENSE VIOLATION,1,HERMOSA
2023,20,CRIMINAL DAMAGE,184,HERMOSA
2023,20,CRIMINAL SEXUAL ASSAULT,9,HERMOSA
2023,20,CRIMINAL TRESPASS,20,HERMOSA
2023,20,DECEPTIVE PRACTICE,115,HERMOSA
2023,20,HOMICIDE,2,HERMOSA
2023,20,HUMAN TRAFFICKING,1,HERMOSA
2023,20,INTERFERENCE WITH PUBLIC OFFICER,6,HERMOSA
2023,20,INTIMIDATION,2,HERMOSA
2023,20,KIDNAPPING,4,HERMOSA
2023,20,LIQUOR LAW VIOLATION,1,HERMOSA
2023,20,MOTOR VEHICLE THEFT,222,HERMOSA
2023,20,NARCOTICS,14,HERMOSA
2023,20,OFFENSE INVOLVING CHILDREN,17,HERMOSA
2023,20,OTHER OFFENSE,111,HERMOSA
2023,20,PUBLIC PEACE VIOLATION,8,HERMOSA
2023,20,ROBBERY,149,HERMOSA
2023,20,SEX OFFENSE,10,HERMOSA
2023,20,STALKING,4,HERMOSA
2023,20,THEFT,253,HERMOSA
2023,20,WEAPONS VIOLATION,66,HERMOSA
2023,21,ARSON,3,AVONDALE
2023,21,ASSAULT,155,AVONDALE
2023,21,BATTERY,325,AVONDALE
2023,21,BURGLARY,71,AVONDALE
2023,21,CRIMINAL DAMAGE,237,AVONDALE
2023,21,CRIMINAL SEXUAL ASSAULT,8,AVONDALE
2023,21,CRIMINAL TRESPASS,48,AVONDALE
2023,21,DECEPTIVE PRACTICE,163,AVONDALE
2023,21,HOMICIDE,1,AVONDALE
2023,21,INTERFERENCE WITH PUBLIC OFFICER,1,AVONDALE
2023,21,INTIMIDATION,3,AVONDALE
2023,21,KIDNAPPING,1,AVONDALE
2023,21,LIQUOR LAW VIOLATION,1,AVONDALE
2023,21,MOTOR VEHICLE THEFT,229,AVONDALE
2023,21,NARCOTICS,23,AVONDALE
2023,21,OFFENSE INVOLVING CHILDREN,7,AVONDALE
2023,21,OTHER OFFENSE,111,AVONDALE
2023,21,PUBLIC PEACE VIOLATION,2,AVONDALE
2023,21,ROBBERY,121,AVONDALE
2023,21,SEX OFFENSE,10,AVONDALE
2023,21,STALKING,4,AVONDALE
2023,21,THEFT,669,AVONDALE
2023,21,WEAPONS VIOLATION,31,AVONDALE
2023,22,ARSON,3,LOGAN SQUARE
2023,22,ASSAULT,308,LOGAN SQUARE
2023,22,BATTERY,617,LOGAN SQUARE
2023,22,BURGLARY,205,LOGAN SQUARE
2023,22,CONCEALED CARRY LICENSE VIOLATION,2,LOGAN SQUARE
2023,22,CRIMINAL DAMAGE,561,LOGAN SQUARE
2023,22,CRIMINAL SEXUAL ASSAULT,20,LOGAN SQUARE
2023,22,CRIMINAL TRESPASS,62,LOGAN SQUARE
2023,22,DECEPTIVE PRACTICE,368,LOGAN SQUARE
2023,22,HOMICIDE,4,LOGAN SQUARE
2023,22,INTERFERENCE WITH PUBLIC OFFICER,4,LOGAN SQUARE
2023,22,INTIMIDATION,4,LOGAN SQUARE
2023,22,KIDNAPPING,2,LOGAN SQUARE
2023,22,LIQUOR LAW VIOLATION,6,LOGAN SQUARE
2023,22,MOTOR VEHICLE THEFT,594,LOGAN SQUARE
2023,22,NARCOTICS,29,LOGAN SQUARE
2023,22,OFFENSE INVOLVING CHILDREN,19,LOGAN SQUARE
2023,22,OTHER OFFENSE,236,LOGAN SQUARE
2023,22,PROSTITUTION,1,LOGAN SQUARE
2023,22,PUBLIC INDECENCY,1,LOGAN SQUARE
2023,22,PUBLIC PEACE VIOLATION,5,LOGAN SQUARE
2023,22,ROBBERY,368,LOGAN SQUARE
2023,22,SEX OFFENSE,26,LOGAN SQUARE
2023,22,STALKING,11,LOGAN SQUARE
2023,22,THEFT,1739,LOGAN SQUARE
2023,22,WEAPONS VIOLATION,54,LOGAN SQUARE
2023,23,ARSON,19,HUMBOLDT PARK
2023,23,ASSAULT,575,HUMBOLDT PARK
2023,23,BATTERY,1231,HUMBOLDT PARK
2023,23,BURGLARY,134,HUMBOLDT PARK
2023,23,CONCEALED CARRY LICENSE VIOLATION,2,HUMBOLDT PARK
2023,23,CRIMINAL DAMAGE,633,HUMBOLDT PARK
2023,23,CRIMINAL SEXUAL ASSAULT,36,HUMBOLDT PARK
2023,23,CRIMINAL TRESPASS,95,HUMBOLDT PARK
2023,23,DECEPTIVE PRACTICE,284,HUMBOLDT PARK
2023,23,GAMBLING,1,HUMBOLDT PARK
2023,23,HOMICIDE,22,HUMBOLDT PARK
2023,23,INTERFERENCE WITH PUBLIC OFFICER,22,HUMBOLDT PARK
2023,23,INTIMIDATION,3,HUMBOLDT PARK
2023,23,KIDNAPPING,4,HUMBOLDT PARK
2023,23,LIQUOR LAW VIOLATION,4,HUMBOLDT PARK
2023,23,MOTOR VEHICLE THEFT,736,HUMBOLDT PARK
2023,23,NARCOTICS,842,HUMBOLDT PARK
2023,23,OBSCENITY,1,HUMBOLDT PARK
2023,23,OFFENSE INVOLVING CHILDREN,55,HUMBOLDT PARK
2023,23,OTHER OFFENSE,440,HUMBOLDT PARK
2023,23,PUBLIC PEACE VIOLATION,33,HUMBOLDT PARK
2023,23,ROBBERY,566,HUMBOLDT PARK
2023,23,SEX OFFENSE,39,HUMBOLDT PARK
2023,23,STALKING,9,HUMBOLDT PARK
2023,23,THEFT,943,HUMBOLDT PARK
2023,23,WEAPONS VIOLATION,259,HUMBOLDT PARK
2023,24,ARSON,10,WEST TOWN
2023,24,ASSAULT,473,WEST TOWN
2023,24,BATTERY,851,WEST TOWN
2023,24,BURGLARY,341,WEST TOWN
2023,24,CONCEALED CARRY LICENSE VIOLATION,6,WEST TOWN
2023,24,CRIMINAL DAMAGE,980,WEST TOWN
2023,24,CRIMINAL SEXUAL ASSAULT,41,WEST TOWN
2023,24,CRIMINAL TRESPASS,133,WEST TOWN
2023,24,DECEPTIVE PRACTICE,534,WEST TOWN
2023,24,HOMICIDE,5,WEST TOWN
2023,24,INTERFERENCE WITH PUBLIC OFFICER,10,WEST TOWN
2023,24,INTIMIDATION,3,WEST TOWN
2023,24,KIDNAPPING,1,WEST TOWN
2023,24,LIQUOR LAW VIOLATION,10,WEST TOWN
2023,24,MOTOR VEHICLE THEFT,1049,WEST TOWN
2023,24,NARCOTICS,60,WEST TOWN
2023,24,OBSCENITY,1,WEST TOWN
2023,24,OFFENSE INVOLVING CHILDREN,26,WEST TOWN
2023,24,OTHER OFFENSE,305,WEST TOWN
2023,24,PUBLIC PEACE VIOLATION,12,WEST TOWN
2023,24,ROBBERY,507,WEST TOWN
2023,24,SEX OFFENSE,47,WEST TOWN
2023,24,STALKING,11,WEST TOWN
2023,24,THEFT,2510,WEST TOWN
2023,24,WEAPONS VIOLATION,93,WEST TOWN
2023,25,ARSON,40,AUSTIN
2023,25,ASSAULT,1230,AUSTIN
2023,25,BATTERY,2571,AUSTIN
2023,25,BURGLARY,252,AUSTIN
2023,25,CONCEALED CARRY LICENSE VIOLATION,4,AUSTIN
2023,25,CRIMINAL DAMAGE,1451,AUSTIN
2023,25,CRIMINAL SEXUAL ASSAULT,88,AUSTIN
2023,25,CRIMINAL TRESPASS,162,AUSTIN
2023,25,DECEPTIVE PRACTICE,615,AUSTIN
2023,25,GAMBLING,1,AUSTIN
2023,25,HOMICIDE,48,AUSTIN
2023,25,HUMAN TRAFFICKING,1,AUSTIN
2023,25,INTERFERENCE WITH PUBLIC OFFICER,39,AUSTIN
2023,25,INTIMIDATION,10,AUSTIN
2023,25,KIDNAPPING,5,AUSTIN
2023,25,LIQUOR LAW VIOLATION,9,AUSTIN
2023,25,MOTOR VEHICLE THEFT,1360,AUSTIN
2023,25,NARCOTICS,474,AUSTIN
2023,25,OBSCENITY,2,AUSTIN
2023,25,OFFENSE INVOLVING CHILDREN,95,AUSTIN
2023,25,OTHER OFFENSE,841,AUSTIN
2023,25,PROSTITUTION,96,AUSTIN
2023,25,PUBLIC PEACE VIOLATION,33,AUSTIN
2023,25,ROBBERY,720,AUSTIN
2023,25,SEX OFFENSE,71,AUSTIN
2023,25,STALKING,18,AUSTIN
2023,25,THEFT,1861,AUSTIN
2023,25,WEAPONS VIOLATION,593,AUSTIN
2023,26,ARSON,13,WEST GARFIELD PARK
2023,26,ASSAULT,372,WEST GARFIELD PARK
2023,26,BATTERY,851,WEST GARFIELD PARK
2023,26,BURGLARY,62,WEST GARFIELD PARK
2023,26,CONCEALED CARRY LICENSE VIOLATION,4,WEST GARFIELD PARK
2023,26,CRIMINAL DAMAGE,396,WEST GARFIELD PARK
2023,26,CRIMINAL SEXUAL ASSAULT,22,WEST GARFIELD PARK
2023,26,CRIMINAL TRESPASS,53,WEST GARFIELD PARK
2023,26,DECEPTIVE PRACTICE,150,WEST GARFIELD PARK
2023,26,HOMICIDE,30,WEST GARFIELD PARK
2023,26,INTERFERENCE WITH PUBLIC OFFICER,18,WEST GARFIELD PARK
2023,26,INTIMIDATION,2,WEST GARFIELD PARK
2023,26,KIDNAPPING,2,WEST GARFIELD PARK
2023,26,LIQUOR LAW VIOLATION,1,WEST GARFIELD PARK
2023,26,MOTOR VEHICLE THEFT,363,WEST GARFIELD PARK
2023,26,NARCOTICS,479,WEST GARFIELD PARK
2023,26,OBSCENITY,1,WEST GARFIELD PARK
2023,26,OFFENSE INVOLVING CHILDREN,20,WEST GARFIELD PARK
2023,26,OTHER OFFENSE,205,WEST GARFIELD PARK
2023,26,PROSTITUTION,51,WEST GARFIELD PARK
2023,26,PUBLIC PEACE VIOLATION,13,WEST GARFIELD PARK
2023,26,ROBBERY,234,WEST GARFIELD PARK
2023,26,SEX OFFENSE,12,WEST GARFIELD PARK
2023,26,STALKING,5,WEST GARFIELD PARK
2023,26,THEFT,427,WEST GARFIELD PARK
2023,26,WEAPONS VIOLATION,224,WEST GARFIELD PARK
2023,27,ARSON,6,EAST GARFIELD PARK
2023,27,ASSAULT,465,EAST GARFIELD PARK
2023,27,BATTERY,881,EAST GARFIELD PARK
2023,27,BURGLARY,78,EAST GARFIELD PARK
2023,27,CONCEALED CARRY LICENSE VIOLATION,1,EAST GARFIELD PARK
2023,27,CRIMINAL DAMAGE,482,EAST GARFIELD PARK
2023,27,CRIMINAL SEXUAL ASSAULT,30,EAST GARFIELD PARK
2023,27,CRIMINAL TRESPASS,69,EAST GARFIELD PARK
2023,27,DECEPTIVE PRACTICE,149,EAST GARFIELD PARK
2023,27,HOMICIDE,25,EAST GARFIELD PARK
2023,27,INTERFERENCE WITH PUBLIC OFFICER,15,EAST GARFIELD PARK
2023,27,KIDNAPPING,2,EAST GARFIELD PARK
2023,27,LIQUOR LAW VIOLATION,1,EAST GARFIELD PARK
2023,27,MOTOR VEHICLE THEFT,524,EAST GARFIELD PARK
2023,27,NARCOTICS,240,EAST GARFIELD PARK
2023,27,OFFENSE INVOLVING CHILDREN,32,EAST GARFIELD PARK
2023,27,OTHER OFFENSE,229,EAST GARFIELD PARK
2023,27,PROSTITUTION,1,EAST GARFIELD PARK
2023,27,PUBLIC PEACE VIOLATION,14,EAST GARFIELD PARK
2023,27,ROBBERY,226,EAST GARFIELD PARK
2023,27,SEX OFFENSE,17,EAST GARFIELD PARK
2023,27,STALKING,5,EAST GARFIELD PARK
2023,27,THEFT,589,EAST GARFIELD PARK
2023,27,WEAPONS VIOLATION,153,EAST GARFIELD PARK
2023,28,ARSON,12,NEAR WEST SIDE
2023,28,ASSAULT,776,NEAR WEST SIDE
2023,28,BATTERY,1434,NEAR WEST SIDE
2023,28,BURGLARY,242,NEAR WEST SIDE
2023,28,CONCEALED CARRY LICENSE VIOLATION,6,NEAR WEST SIDE
2023,28,CRIMINAL DAMAGE,1073,NEAR WEST SIDE
2023,28,CRIMINAL SEXUAL ASSAULT,72,NEAR WEST SIDE
2023,28,CRIMINAL TRESPASS,245,NEAR WEST SIDE
2023,28,DECEPTIVE PRACTICE,733,NEAR WEST SIDE
2023,28,HOMICIDE,16,NEAR WEST SIDE
2023,28,HUMAN TRAFFICKING,1,NEAR WEST SIDE
2023,28,INTERFERENCE WITH PUBLIC OFFICER,12,NEAR WEST SIDE
2023,28,INTIMIDATION,5,NEAR WEST SIDE
2023,28,KIDNAPPING,1,NEAR WEST SIDE
2023,28,LIQUOR LAW VIOLATION,8,NEAR WEST SIDE
2023,28,MOTOR VEHICLE THEFT,1159,NEAR WEST SIDE
2023,28,NARCOTICS,103,NEAR WEST SIDE
2023,28,NON-CRIMINAL,1,NEAR WEST SIDE
2023,28,OBSCENITY,1,NEAR WEST SIDE
2023,28,OFFENSE INVOLVING CHILDREN,26,NEAR WEST SIDE
2023,28,OTHER OFFENSE,524,NEAR WEST SIDE
2023,28,PUBLIC PEACE VIOLATION,47,NEAR WEST SIDE
2023,28,ROBBERY,499,NEAR WEST SIDE
2023,28,SEX OFFENSE,58,NEAR WEST SIDE
2023,28,STALKING,35,NEAR WEST SIDE
2023,28,THEFT,3175,NEAR WEST SIDE
2023,28,WEAPONS VIOLATION,151,NEAR WEST SIDE
2023,29,ARSON,18,NORTH LAWNDALE
2023,29,ASSAULT,696,NORTH LAWNDALE
2023,29,BATTERY,1604,NORTH LAWNDALE
2023,29,BURGLARY,124,NORTH LAWNDALE
2023,29,CONCEALED CARRY LICENSE VIOLATION,4,NORTH LAWNDALE
2023,29,CRIMINAL DAMAGE,859,NORTH LAWNDALE
2023,29,CRIMINAL SEXUAL ASSAULT,69,NORTH LAWNDALE
2023,29,CRIMINAL TRESPASS,77,NORTH LAWNDALE
2023,29,DECEPTIVE PRACTICE,268,NORTH LAWNDALE
2023,29,HOMICIDE,28,NORTH LAWNDALE
2023,29,INTERFERENCE WITH PUBLIC OFFICER,24,NORTH LAWNDALE
2023,29,INTIMIDATION,2,NORTH LAWNDALE
2023,29,KIDNAPPING,5,NORTH LAWNDALE
2023,29,LIQUOR LAW VIOLATION,9,NORTH LAWNDALE
2023,29,MOTOR VEHICLE THEFT,664,NORTH LAWNDALE
2023,29,NARCOTICS,552,NORTH LAWNDALE
2023,29,OFFENSE INVOLVING CHILDREN,64,NORTH LAWNDALE
2023,29,OTHER OFFENSE,430,NORTH LAWNDALE
2023,29,PROSTITUTION,1,NORTH LAWNDALE
2023,29,PUBLIC PEACE VIOLATION,24,NORTH LAWNDALE
2023,29,ROBBERY,296,NORTH LAWNDALE
2023,29,SEX OFFENSE,30,NORTH LAWNDALE
2023,29,STALKING,10,NORTH LAWNDALE
2023,29,THEFT,895,NORTH LAWNDALE
2023,29,WEAPONS VIOLATION,393,NORTH LAWNDALE
2023,30,ARSON,21,SOUTH LAWNDALE
2023,30,ASSAULT,442,SOUTH LAWNDALE
2023,30,BATTERY,931,SOUTH LAWNDALE
2023,30,BURGLARY,81,SOUTH LAWNDALE
2023,30,CONCEALED CARRY LICENSE VIOLATION,4,SOUTH LAWNDALE
2023,30,CRIMINAL DAMAGE,535,SOUTH LAWNDALE
2023,30,CRIMINAL SEXUAL ASSAULT,24,SOUTH LAWNDALE
2023,30,CRIMINAL TRESPASS,60,SOUTH LAWNDALE
2023,30,DECEPTIVE PRACTICE,227,SOUTH LAWNDALE
2023,30,HOMICIDE,12,SOUTH LAWNDALE
2023,30,HUMAN TRAFFICKING,2,SOUTH LAWNDALE
2023,30,INTERFERENCE WITH PUBLIC OFFICER,8,SOUTH LAWNDALE
2023,30,INTIMIDATION,7,SOUTH LAWNDALE
2023,30,KIDNAPPING,2,SOUTH LAWNDALE
2023,30,LIQUOR LAW VIOLATION,3,SOUTH LAWNDALE
2023,30,MOTOR VEHICLE THEFT,383,SOUTH LAWNDALE
2023,30,NARCOTICS,75,SOUTH LAWNDALE
2023,30,OBSCENITY,1,SOUTH LAWNDALE
2023,30,OFFENSE INVOLVING CHILDREN,37,SOUTH LAWNDALE
2023,30,OTHER OFFENSE,260,SOUTH LAWNDALE
2023,30,PUBLIC PEACE VIOLATION,41,SOUTH LAWNDALE
2023,30,ROBBERY,310,SOUTH LAWNDALE
2023,30,SEX OFFENSE,22,SOUTH LAWNDALE
2023,30,STALKING,11,SOUTH LAWNDALE
2023,30,THEFT,668,SOUTH LAWNDALE
2023,30,WEAPONS VIOLATION,278,SOUTH LAWNDALE
2023,31,ARSON,3,LOWER WEST SIDE
2023,31,ASSAULT,261,LOWER WEST SIDE
2023,31,BATTERY,493,LOWER WEST SIDE
2023,31,BURGLARY,72,LOWER WEST SIDE
2023,31,CONCEALED CARRY LICENSE VIOLATION,4,LOWER WEST SIDE
2023,31,CRIMINAL DAMAGE,356,LOWER WEST SIDE
2023,31,CRIMINAL SEXUAL ASSAULT,18,LOWER WEST SIDE
2023,31,CRIMINAL TRESPASS,50,LOWER WEST SIDE
2023,31,DECEPTIVE PRACTICE,198,LOWER WEST SIDE
2023,31,HOMICIDE,7,LOWER WEST SIDE
2023,31,INTERFERENCE WITH PUBLIC OFFICER,4,LOWER WEST SIDE
2023,31,INTIMIDATION,6,LOWER WEST SIDE
2023,31,KIDNAPPING,3,LOWER WEST SIDE
2023,31,LIQUOR LAW VIOLATION,2,LOWER WEST SIDE
2023,31,MOTOR VEHICLE THEFT,338,LOWER WEST SIDE
2023,31,NARCOTICS,29,LOWER WEST SIDE
2023,31,OFFENSE INVOLVING CHILDREN,7,LOWER WEST SIDE
2023,31,OTHER OFFENSE,163,LOWER WEST SIDE
2023,31,PUBLIC PEACE VIOLATION,8,LOWER WEST SIDE
2023,31,ROBBERY,262,LOWER WEST SIDE
2023,31,SEX OFFENSE,16,LOWER WEST SIDE
2023,31,STALKING,9,LOWER WEST SIDE
2023,31,THEFT,663,LOWER WEST SIDE
2023,31,WEAPONS VIOLATION,104,LOWER WEST SIDE
2023,32,ARSON,5,LOOP
2023,32,ASSAULT,569,LOOP
2023,32,BATTERY,1074,LOOP
2023,32,BURGLARY,106,LOOP
2023,32,CONCEALED CARRY LICENSE VIOLATION,2,LOOP
2023,32,CRIMINAL DAMAGE,690,LOOP
2023,32,CRIMINAL SEXUAL ASSAULT,61,LOOP
2023,32,CRIMINAL TRESPASS,248,LOOP
2023,32,DECEPTIVE PRACTICE,1007,LOOP
2023,32,GAMBLING,1,LOOP
2023,32,HOMICIDE,5,LOOP
2023,32,INTERFERENCE WITH PUBLIC OFFICER,53,LOOP
2023,32,INTIMIDATION,11,LOOP
2023,32,KIDNAPPING,1,LOOP
2023,32,LIQUOR LAW VIOLATION,7,LOOP
2023,32,MOTOR VEHICLE THEFT,483,LOOP
2023,32,NARCOTICS,145,LOOP
2023,32,OFFENSE INVOLVING CHILDREN,9,LOOP
2023,32,OTHER OFFENSE,326,LOOP
2023,32,PUBLIC PEACE VIOLATION,68,LOOP
2023,32,ROBBERY,294,LOOP
2023,32,SEX OFFENSE,69,LOOP
2023,32,STALKING,6,LOOP
2023,32,THEFT,3457,LOOP
2023,32,WEAPONS VIOLATION,106,LOOP
2023,33,ASSAULT,206,NEAR SOUTH SIDE
2023,33,BATTERY,403,NEAR SOUTH SIDE
2023,33,BURGLARY,67,NEAR SOUTH SIDE
2023,33,CONCEALED CARRY LICENSE VIOLATION,1,NEAR SOUTH SIDE
2023,33,CRIMINAL DAMAGE,336,NEAR SOUTH SIDE
2023,33,CRIMINAL SEXUAL ASSAULT,21,NEAR SOUTH SIDE
2023,33,CRIMINAL TRESPASS,56,NEAR SOUTH SIDE
2023,33,DECEPTIVE PRACTICE,236,NEAR SOUTH SIDE
2023,33,GAMBLING,1,NEAR SOUTH SIDE
2023,33,HOMICIDE,6,NEAR SOUTH SIDE
2023,33,INTERFERENCE WITH PUBLIC OFFICER,11,NEAR SOUTH SIDE
2023,33,INTIMIDATION,7,NEAR SOUTH SIDE
2023,33,KIDNAPPING,2,NEAR SOUTH SIDE
2023,33,LIQUOR LAW VIOLATION,5,NEAR SOUTH SIDE
2023,33,MOTOR VEHICLE THEFT,381,NEAR SOUTH SIDE
2023,33,NARCOTICS,22,NEAR SOUTH SIDE
2023,33,OBSCENITY,2,NEAR SOUTH SIDE
2023,33,OFFENSE INVOLVING CHILDREN,10,NEAR SOUTH SIDE
2023,33,OTHER OFFENSE,141,NEAR SOUTH SIDE
2023,33,PUBLIC PEACE VIOLATION,17,NEAR SOUTH SIDE
2023,33,ROBBERY,67,NEAR SOUTH SIDE
2023,33,SEX OFFENSE,13,NEAR SOUTH SIDE
2023,33,STALKING,9,NEAR SOUTH SIDE
2023,33,THEFT,635,NEAR SOUTH SIDE
2023,33,WEAPONS VIOLATION,66,NEAR SOUTH SIDE
2023,34,ARSON,3,ARMOUR SQUARE
2023,34,ASSAULT,85,ARMOUR SQUARE
2023,34,BATTERY,171,ARMOUR SQUARE
2023,34,BURGLARY,39,ARMOUR SQUARE
2023,34,CRIMINAL DAMAGE,164,ARMOUR SQUARE
2023,34,CRIMINAL SEXUAL ASSAULT,2,ARMOUR SQUARE
2023,34,CRIMINAL TRESPASS,14,ARMOUR SQUARE
2023,34,DECEPTIVE PRACTICE,70,ARMOUR SQUARE
2023,34,HOMICIDE,1,ARMOUR SQUARE
2023,34,INTERFERENCE WITH PUBLIC OFFICER,2,ARMOUR SQUARE
2023,34,INTIMIDATION,1,ARMOUR SQUARE
2023,34,LIQUOR LAW VIOLATION,1,ARMOUR SQUARE
2023,34,MOTOR VEHICLE THEFT,125,ARMOUR SQUARE
2023,34,NARCOTICS,11,ARMOUR SQUARE
2023,34,OFFENSE INVOLVING CHILDREN,3,ARMOUR SQUARE
2023,34,OTHER OFFENSE,29,ARMOUR SQUARE
2023,34,PUBLIC PEACE VIOLATION,5,ARMOUR SQUARE
2023,34,ROBBERY,97,ARMOUR SQUARE
2023,34,SEX OFFENSE,5,ARMOUR SQUARE
2023,34,STALKING,2,ARMOUR SQUARE
2023,34,THEFT,288,ARMOUR SQUARE
2023,34,WEAPONS VIOLATION,30,ARMOUR SQUARE
2023,35,ARSON,5,DOUGLAS
2023,35,ASSAULT,260,DOUGLAS
2023,35,BATTERY,521,DOUGLAS
2023,35,BURGLARY,54,DOUGLAS
2023,35,CONCEALED CARRY LICENSE VIOLATION,1,DOUGLAS
2023,35,CRIMINAL DAMAGE,384,DOUGLAS
2023,35,CRIMINAL SEXUAL ASSAULT,19,DOUGLAS
2023,35,CRIMINAL TRESPASS,43,DOUGLAS
2023,35,DECEPTIVE PRACTICE,155,DOUGLAS
2023,35,GAMBLING,1,DOUGLAS
2023,35,HOMICIDE,8,DOUGLAS
2023,35,INTERFERENCE WITH PUBLIC OFFICER,4,DOUGLAS
2023,35,INTIMIDATION,4,DOUGLAS
2023,35,LIQUOR LAW VIOLATION,1,DOUGLAS
2023,35,MOTOR VEHICLE THEFT,593,DOUGLAS
2023,35,NARCOTICS,36,DOUGLAS
2023,35,OFFENSE INVOLVING CHILDREN,18,DOUGLAS
2023,35,OTHER OFFENSE,179,DOUGLAS
2023,35,PUBLIC PEACE VIOLATION,15,DOUGLAS
2023,35,ROBBERY,74,DOUGLAS
2023,35,SEX OFFENSE,11,DOUGLAS
2023,35,STALKING,11,DOUGLAS
2023,35,THEFT,679,DOUGLAS
2023,35,WEAPONS VIOLATION,101,DOUGLAS
2023,36,ARSON,1,OAKLAND
2023,36,ASSAULT,86,OAKLAND
2023,36,BATTERY,164,OAKLAND
2023,36,BURGLARY,7,OAKLAND
2023,36,CRIMINAL DAMAGE,144,OAKLAND
2023,36,CRIMINAL SEXUAL ASSAULT,1,OAKLAND
2023,36,CRIMINAL TRESPASS,5,OAKLAND
2023,36,DECEPTIVE PRACTICE,46,OAKLAND
2023,36,HOMICIDE,1,OAKLAND
2023,36,INTERFERENCE WITH PUBLIC OFFICER,1,OAKLAND
2023,36,KIDNAPPING,2,OAKLAND
2023,36,MOTOR VEHICLE THEFT,202,OAKLAND
2023,36,NARCOTICS,7,OAKLAND
2023,36,OFFENSE INVOLVING CHILDREN,9,OAKLAND
2023,36,OTHER OFFENSE,81,OAKLAND
2023,36,PUBLIC PEACE VIOLATION,2,OAKLAND
2023,36,ROBBERY,37,OAKLAND
2023,36,STALKING,6,OAKLAND
2023,36,THEFT,155,OAKLAND
2023,36,WEAPONS VIOLATION,25,OAKLAND
2023,37,ARSON,6,FULLER PARK
2023,37,ASSAULT,91,FULLER PARK
2023,37,BATTERY,142,FULLER PARK
2023,37,BURGLARY,17,FULLER PARK
2023,37,CONCEALED CARRY LICENSE VIOLATION,1,FULLER PARK
2023,37,CRIMINAL DAMAGE,64,FULLER PARK
2023,37,CRIMINAL TRESPASS,14,FULLER PARK
2023,37,DECEPTIVE PRACTICE,44,FULLER PARK
2023,37,HOMICIDE,2,FULLER PARK
2023,37,INTERFERENCE WITH PUBLIC OFFICER,4,FULLER PARK
2023,37,INTIMIDATION,1,FULLER PARK
2023,37,KIDNAPPING,1,FULLER PARK
2023,37,MOTOR VEHICLE THEFT,93,FULLER PARK
2023,37,NARCOTICS,15,FULLER PARK
2023,37,OFFENSE INVOLVING CHILDREN,3,FULLER PARK
2023,37,OTHER OFFENSE,29,FULLER PARK
2023,37,PUBLIC PEACE VIOLATION,3,FULLER PARK
2023,37,ROBBERY,31,FULLER PARK
2023,37,SEX OFFENSE,2,FULLER PARK
2023,37,STALKING,2,FULLER PARK
2023,37,THEFT,106,FULLER PARK
2023,37,WEAPONS VIOLATION,55,FULLER PARK
2023,38,ARSON,3,GRAND BOULEVARD
2023,38,ASSAULT,391,GRAND BOULEVARD
2023,38,BATTERY,703,GRAND BOULEVARD
2023,38,BURGLARY,79,GRAND BOULEVARD
2023,38,CONCEALED CARRY LICENSE VIOLATION,2,GRAND BOULEVARD
2023,38,CRIMINAL DAMAGE,523,GRAND BOULEVARD
2023,38,CRIMINAL SEXUAL ASSAULT,21,GRAND BOULEVARD
2023,38,CRIMINAL TRESPASS,49,GRAND BOULEVARD
2023,38,DECEPTIVE PRACTICE,184,GRAND BOULEVARD
2023,38,HOMICIDE,5,GRAND BOULEVARD
2023,38,INTERFERENCE WITH PUBLIC OFFICER,8,GRAND BOULEVARD
2023,38,KIDNAPPING,1,GRAND BOULEVARD
2023,38,MOTOR VEHICLE THEFT,625,GRAND BOULEVARD
2023,38,NARCOTICS,35,GRAND BOULEVARD
2023,38,OFFENSE INVOLVING CHILDREN,27,GRAND BOULEVARD
2023,38,OTHER OFFENSE,239,GRAND BOULEVARD
2023,38,PUBLIC PEACE VIOLATION,10,GRAND BOULEVARD
2023,38,ROBBERY,122,GRAND BOULEVARD
2023,38,SEX OFFENSE,18,GRAND BOULEVARD
2023,38,STALKING,5,GRAND BOULEVARD
2023,38,THEFT,642,GRAND BOULEVARD
2023,38,WEAPONS VIOLATION,152,GRAND BOULEVARD
2023,39,ARSON,2,KENWOOD
2023,39,ASSAULT,169,KENWOOD
2023,39,BATTERY,293,KENWOOD
2023,39,BURGLARY,56,KENWOOD
2023,39,CRIMINAL DAMAGE,281,KENWOOD
2023,39,CRIMINAL SEXUAL ASSAULT,7,KENWOOD
2023,39,CRIMINAL TRESPASS,19,KENWOOD
2023,39,DECEPTIVE PRACTICE,135,KENWOOD
2023,39,HOMICIDE,3,KENWOOD
2023,39,INTERFERENCE WITH PUBLIC OFFICER,2,KENWOOD
2023,39,INTIMIDATION,2,KENWOOD
2023,39,KIDNAPPING,1,KENWOOD
2023,39,MOTOR VEHICLE THEFT,318,KENWOOD
2023,39,NARCOTICS,16,KENWOOD
2023,39,OFFENSE INVOLVING CHILDREN,9,KENWOOD
2023,39,OTHER OFFENSE,150,KENWOOD
2023,39,PUBLIC PEACE VIOLATION,2,KENWOOD
2023,39,ROBBERY,100,KENWOOD
2023,39,SEX OFFENSE,5,KENWOOD
2023,39,STALKING,5,KENWOOD
2023,39,THEFT,453,KENWOOD
2023,39,WEAPONS VIOLATION,38,KENWOOD
2023,40,ARSON,5,WASHINGTON PARK
2023,40,ASSAULT,264,WASHINGTON PARK
2023,40,BATTERY,568,WASHINGTON PARK
2023,40,BURGLARY,53,WASHINGTON PARK
2023,40,CRIMINAL DAMAGE,330,WASHINGTON PARK
2023,40,CRIMINAL SEXUAL ASSAULT,12,WASHINGTON PARK
2023,40,CRIMINAL TRESPASS,29,WASHINGTON PARK
2023,40,DECEPTIVE PRACTICE,130,WASHINGTON PARK
2023,40,HOMICIDE,10,WASHINGTON PARK
2023,40,HUMAN TRAFFICKING,1,WASHINGTON PARK
2023,40,INTERFERENCE WITH PUBLIC OFFICER,4,WASHINGTON PARK
2023,40,INTIMIDATION,1,WASHINGTON PARK
2023,40,KIDNAPPING,1,WASHINGTON PARK
2023,40,LIQUOR LAW VIOLATION,1,WASHINGTON PARK
2023,40,MOTOR VEHICLE THEFT,392,WASHINGTON PARK
2023,40,NARCOTICS,26,WASHINGTON PARK
2023,40,OFFENSE INVOLVING CHILDREN,24,WASHINGTON PARK
2023,40,OTHER OFFENSE,137,WASHINGTON PARK
2023,40,PUBLIC PEACE VIOLATION,5,WASHINGTON PARK
2023,40,ROBBERY,93,WASHINGTON PARK
2023,40,SEX OFFENSE,8,WASHINGTON PARK
2023,40,STALKING,7,WASHINGTON PARK
2023,40,THEFT,342,WASHINGTON PARK
2023,40,WEAPONS VIOLATION,143,WASHINGTON PARK
2023,41,ASSAULT,143,HYDE PARK
2023,41,BATTERY,248,HYDE PARK
2023,41,BURGLARY,73,HYDE PARK
2023,41,CONCEALED CARRY LICENSE VIOLATION,2,HYDE PARK
2023,41,CRIMINAL DAMAGE,268,HYDE PARK
2023,41,CRIMINAL SEXUAL ASSAULT,21,HYDE PARK
2023,41,CRIMINAL TRESPASS,28,HYDE PARK
2023,41,DECEPTIVE PRACTICE,178,HYDE PARK
2023,41,HOMICIDE,1,HYDE PARK
2023,41,INTIMIDATION,3,HYDE PARK
2023,41,KIDNAPPING,2,HYDE PARK
2023,41,LIQUOR LAW VIOLATION,1,HYDE PARK
2023,41,MOTOR VEHICLE THEFT,377,HYDE PARK
2023,41,NARCOTICS,6,HYDE PARK
2023,41,OFFENSE INVOLVING CHILDREN,12,HYDE PARK
2023,41,OTHER OFFENSE,124,HYDE PARK
2023,41,PUBLIC PEACE VIOLATION,2,HYDE PARK
2023,41,ROBBERY,155,HYDE PARK
2023,41,SEX OFFENSE,8,HYDE PARK
2023,41,STALKING,9,HYDE PARK
2023,41,THEFT,779,HYDE PARK
2023,41,WEAPONS VIOLATION,22,HYDE PARK
2023,42,ARSON,4,WOODLAWN
2023,42,ASSAULT,357,WOODLAWN
2023,42,BATTERY,665,WOODLAWN
2023,42,BURGLARY,162,WOODLAWN
2023,42,CONCEALED CARRY LICENSE VIOLATION,2,WOODLAWN
2023,42,CRIMINAL DAMAGE,516,WOODLAWN
2023,42,CRIMINAL SEXUAL ASSAULT,15,WOODLAWN
2023,42,CRIMINAL TRESPASS,62,WOODLAWN
2023,42,DECEPTIVE PRACTICE,154,WOODLAWN
2023,42,HOMICIDE,10,WOODLAWN
2023,42,HUMAN TRAFFICKING,1,WOODLAWN
2023,42,INTERFERENCE WITH PUBLIC OFFICER,5,WOODLAWN
2023,42,INTIMIDATION,2,WOODLAWN
2023,42,KIDNAPPING,3,WOODLAWN
2023,42,MOTOR VEHICLE THEFT,516,WOODLAWN
2023,42,NARCOTICS,51,WOODLAWN
2023,42,OFFENSE INVOLVING CHILDREN,35,WOODLAWN
2023,42,OTHER OFFENSE,185,WOODLAWN
2023,42,PUBLIC PEACE VIOLATION,11,WOODLAWN
2023,42,ROBBERY,108,WOODLAWN
2023,42,SEX OFFENSE,18,WOODLAWN
2023,42,STALKING,5,WOODLAWN
2023,42,THEFT,641,WOODLAWN
2023,42,WEAPONS VIOLATION,203,WOODLAWN
2023,43,ARSON,18,SOUTH SHORE
2023,43,ASSAULT,885,SOUTH SHORE
2023,43,BATTERY,1762,SOUTH SHORE
2023,43,BURGLARY,316,SOUTH SHORE
2023,43,CONCEALED CARRY LICENSE VIOLATION,2,SOUTH SHORE
2023,43,CRIMINAL DAMAGE,1148,SOUTH SHORE
2023,43,CRIMINAL SEXUAL ASSAULT,66,SOUTH SHORE
2023,43,CRIMINAL TRESPASS,132,SOUTH SHORE
2023,43,DECEPTIVE PRACTICE,367,SOUTH SHORE
2023,43,HOMICIDE,28,SOUTH SHORE
2023,43,INTERFERENCE WITH PUBLIC OFFICER,6,SOUTH SHORE
2023,43,INTIMIDATION,4,SOUTH SHORE
2023,43,KIDNAPPING,11,SOUTH SHORE
2023,43,LIQUOR LAW VIOLATION,1,SOUTH SHORE
2023,43,MOTOR VEHICLE THEFT,1314,SOUTH SHORE
2023,43,NARCOTICS,63,SOUTH SHORE
2023,43,OFFENSE INVOLVING CHILDREN,77,SOUTH SHORE
2023,43,OTHER NARCOTIC VIOLATION,1,SOUTH SHORE
2023,43,OTHER OFFENSE,551,SOUTH SHORE
2023,43,PROSTITUTION,1,SOUTH SHORE
2023,43,PUBLIC PEACE VIOLATION,3,SOUTH SHORE
2023,43,ROBBERY,337,SOUTH SHORE
2023,43,SEX OFFENSE,27,SOUTH SHORE
2023,43,STALKING,10,SOUTH SHORE
2023,43,THEFT,1320,SOUTH SHORE
2023,43,WEAPONS VIOLATION,337,SOUTH SHORE
2023,44,ARSON,17,CHATHAM
2023,44,ASSAULT,608,CHATHAM
2023,44,BATTERY,1152,CHATHAM
2023,44,BURGLARY,208,CHATHAM
2023,44,CONCEALED CARRY LICENSE VIOLATION,3,CHATHAM
2023,44,CRIMINAL DAMAGE,860,CHATHAM
2023,44,CRIMINAL SEXUAL ASSAULT,43,CHATHAM
2023,44,CRIMINAL TRESPASS,86,CHATHAM
2023,44,DECEPTIVE PRACTICE,263,CHATHAM
2023,44,GAMBLING,1,CHATHAM
2023,44,HOMICIDE,32,CHATHAM
2023,44,INTERFERENCE WITH PUBLIC OFFICER,35,CHATHAM
2023,44,INTIMIDATION,1,CHATHAM
2023,44,KIDNAPPING,4,CHATHAM
2023,44,LIQUOR LAW VIOLATION,3,CHATHAM
2023,44,MOTOR VEHICLE THEFT,778,CHATHAM
2023,44,NARCOTICS,75,CHATHAM
2023,44,OFFENSE INVOLVING CHILDREN,48,CHATHAM
2023,44,OTHER OFFENSE,418,CHATHAM
2023,44,PROSTITUTION,1,CHATHAM
2023,44,PUBLIC PEACE VIOLATION,18,CHATHAM
2023,44,ROBBERY,357,CHATHAM
2023,44,SEX OFFENSE,19,CHATHAM
2023,44,STALKING,14,CHATHAM
2023,44,THEFT,1053,CHATHAM
2023,44,WEAPONS VIOLATION,286,CHATHAM
2023,45,ARSON,2,AVALON PARK
2023,45,ASSAULT,138,AVALON PARK
2023,45,BATTERY,191,AVALON PARK
2023,45,BURGLARY,48,AVALON PARK
2023,45,CONCEALED CARRY LICENSE VIOLATION,1,AVALON PARK
2023,45,CRIMINAL DAMAGE,145,AVALON PARK
2023,45,CRIMINAL SEXUAL ASSAULT,8,AVALON PARK
2023,45,CRIMINAL TRESPASS,10,AVALON PARK
2023,45,DECEPTIVE PRACTICE,81,AVALON PARK
2023,45,GAMBLING,1,AVALON PARK
2023,45,HOMICIDE,7,AVALON PARK
2023,45,INTERFERENCE WITH PUBLIC OFFICER,1,AVALON PARK
2023,45,LIQUOR LAW VIOLATION,1,AVALON PARK
2023,45,MOTOR VEHICLE THEFT,183,AVALON PARK
2023,45,NARCOTICS,6,AVALON PARK
2023,45,OFFENSE INVOLVING CHILDREN,8,AVALON PARK
2023,45,OTHER OFFENSE,80,AVALON PARK
2023,45,PUBLIC PEACE VIOLATION,3,AVALON PARK
2023,45,ROBBERY,47,AVALON PARK
2023,45,SEX OFFENSE,5,AVALON PARK
2023,45,STALKING,2,AVALON PARK
2023,45,THEFT,181,AVALON PARK
2023,45,WEAPONS VIOLATION,50,AVALON PARK
2023,46,ARSON,15,SOUTH CHICAGO
2023,46,ASSAULT,479,SOUTH CHICAGO
2023,46,BATTERY,886,SOUTH CHICAGO
2023,46,BURGLARY,99,SOUTH CHICAGO
2023,46,CONCEALED CARRY LICENSE VIOLATION,1,SOUTH CHICAGO
2023,46,CRIMINAL DAMAGE,649,SOUTH CHICAGO
2023,46,CRIMINAL SEXUAL ASSAULT,19,SOUTH CHICAGO
2023,46,CRIMINAL TRESPASS,62,SOUTH CHICAGO
2023,46,DECEPTIVE PRACTICE,162,SOUTH CHICAGO
2023,46,HOMICIDE,16,SOUTH CHICAGO
2023,46,INTERFERENCE WITH PUBLIC OFFICER,7,SOUTH CHICAGO
2023,46,KIDNAPPING,5,SOUTH CHICAGO
2023,46,LIQUOR LAW VIOLATION,10,SOUTH CHICAGO
2023,46,MOTOR VEHICLE THEFT,530,SOUTH CHICAGO
2023,46,NARCOTICS,28,SOUTH CHICAGO
2023,46,NON-CRIMINAL,1,SOUTH CHICAGO
2023,46,OFFENSE INVOLVING CHILDREN,58,SOUTH CHICAGO
2023,46,OTHER OFFENSE,280,SOUTH CHICAGO
2023,46,PUBLIC PEACE VIOLATION,7,SOUTH CHICAGO
2023,46,ROBBERY,171,SOUTH CHICAGO
2023,46,SEX OFFENSE,19,SOUTH CHICAGO
2023,46,STALKING,3,SOUTH CHICAGO
2023,46,THEFT,683,SOUTH CHICAGO
2023,46,WEAPONS VIOLATION,194,SOUTH CHICAGO
2023,47,ARSON,2,BURNSIDE
2023,47,ASSAULT,34,BURNSIDE
2023,47,BATTERY,48,BURNSIDE
2023,47,BURGLARY,8,BURNSIDE
2023,47,CRIMINAL DAMAGE,48,BURNSIDE
2023,47,CRIMINAL SEXUAL ASSAULT,3,BURNSIDE
2023,47,CRIMINAL TRESPASS,7,BURNSIDE
2023,47,DECEPTIVE PRACTICE,24,BURNSIDE
2023,47,HOMICIDE,1,BURNSIDE
2023,47,LIQUOR LAW VIOLATION,2,BURNSIDE
2023,47,MOTOR VEHICLE THEFT,49,BURNSIDE
2023,47,NARCOTICS,2,BURNSIDE
2023,47,OFFENSE INVOLVING CHILDREN,4,BURNSIDE
2023,47,OTHER OFFENSE,29,BURNSIDE
2023,47,ROBBERY,6,BURNSIDE
2023,47,SEX OFFENSE,3,BURNSIDE
2023,47,STALKING,3,BURNSIDE
2023,47,THEFT,42,BURNSIDE
2023,47,WEAPONS VIOLATION,27,BURNSIDE
2023,48,ARSON,3,CALUMET HEIGHTS
2023,48,ASSAULT,152,CALUMET HEIGHTS
2023,48,BATTERY,208,CALUMET HEIGHTS
2023,48,BURGLARY,54,CALUMET HEIGHTS
2023,48,CONCEALED CARRY LICENSE VIOLATION,1,CALUMET HEIGHTS
2023,48,CRIMINAL DAMAGE,206,CALUMET HEIGHTS
2023,48,CRIMINAL SEXUAL ASSAULT,11,CALUMET HEIGHTS
2023,48,CRIMINAL TRESPASS,14,CALUMET HEIGHTS
2023,48,DECEPTIVE PRACTICE,71,CALUMET HEIGHTS
2023,48,HOMICIDE,3,CALUMET HEIGHTS
2023,48,INTERFERENCE WITH PUBLIC OFFICER,2,CALUMET HEIGHTS
2023,48,INTIMIDATION,2,CALUMET HEIGHTS
2023,48,MOTOR VEHICLE THEFT,252,CALUMET HEIGHTS
2023,48,NARCOTICS,5,CALUMET HEIGHTS
2023,48,OFFENSE INVOLVING CHILDREN,10,CALUMET HEIGHTS
2023,48,OTHER OFFENSE,87,CALUMET HEIGHTS
2023,48,PUBLIC PEACE VIOLATION,1,CALUMET HEIGHTS
2023,48,ROBBERY,107,CALUMET HEIGHTS
2023,48,SEX OFFENSE,1,CALUMET HEIGHTS
2023,48,STALKING,1,CALUMET HEIGHTS
2023,48,THEFT,279,CALUMET HEIGHTS
2023,48,WEAPONS VIOLATION,72,CALUMET HEIGHTS
2023,49,ARSON,16,ROSELAND
2023,49,ASSAULT,609,ROSELAND
2023,49,BATTERY,1166,ROSELAND
2023,49,BURGLARY,170,ROSELAND
2023,49,CONCEALED CARRY LICENSE VIOLATION,5,ROSELAND
2023,49,CRIMINAL DAMAGE,870,ROSELAND
2023,49,CRIMINAL SEXUAL ASSAULT,41,ROSELAND
2023,49,CRIMINAL TRESPASS,80,ROSELAND
2023,49,DECEPTIVE PRACTICE,264,ROSELAND
2023,49,GAMBLING,2,ROSELAND
2023,49,HOMICIDE,22,ROSELAND
2023,49,INTERFERENCE WITH PUBLIC OFFICER,22,ROSELAND
2023,49,INTIMIDATION,2,ROSELAND
2023,49,KIDNAPPING,4,ROSELAND
2023,49,MOTOR VEHICLE THEFT,803,ROSELAND
2023,49,NARCOTICS,98,ROSELAND
2023,49,OBSCENITY,1,ROSELAND
2023,49,OFFENSE INVOLVING CHILDREN,60,ROSELAND
2023,49,OTHER OFFENSE,419,ROSELAND
2023,49,PROSTITUTION,1,ROSELAND
2023,49,PUBLIC PEACE VIOLATION,16,ROSELAND
2023,49,ROBBERY,232,ROSELAND
2023,49,SEX OFFENSE,29,ROSELAND
2023,49,STALKING,11,ROSELAND
2023,49,THEFT,813,ROSELAND
2023,49,WEAPONS VIOLATION,353,ROSELAND
2023,50,ARSON,3,PULLMAN
2023,50,ASSAULT,126,PULLMAN
2023,50,BATTERY,222,PULLMAN
2023,50,BURGLARY,15,PULLMAN
2023,50,CONCEALED CARRY LICENSE VIOLATION,1,PULLMAN
2023,50,CRIMINAL DAMAGE,120,PULLMAN
2023,50,CRIMINAL SEXUAL ASSAULT,5,PULLMAN
2023,50,CRIMINAL TRESPASS,10,PULLMAN
2023,50,DECEPTIVE PRACTICE,63,PULLMAN
2023,50,INTERFERENCE WITH PUBLIC OFFICER,3,PULLMAN
2023,50,MOTOR VEHICLE THEFT,131,PULLMAN
2023,50,NARCOTICS,8,PULLMAN
2023,50,OFFENSE INVOLVING CHILDREN,9,PULLMAN
2023,50,OTHER OFFENSE,84,PULLMAN
2023,50,PUBLIC PEACE VIOLATION,8,PULLMAN
2023,50,ROBBERY,19,PULLMAN
2023,50,SEX OFFENSE,8,PULLMAN
2023,50,STALKING,6,PULLMAN
2023,50,THEFT,211,PULLMAN
2023,50,WEAPONS VIOLATION,46,PULLMAN
2023,51,ARSON,4,SOUTH DEERING
2023,51,ASSAULT,199,SOUTH DEERING
2023,51,BATTERY,321,SOUTH DEERING
2023,51,BURGLARY,49,SOUTH DEERING
2023,51,CRIMINAL DAMAGE,287,SOUTH DEERING
2023,51,CRIMINAL SEXUAL ASSAULT,7,SOUTH DEERING
2023,51,CRIMINAL TRESPASS,39,SOUTH DEERING
2023,51,DECEPTIVE PRACTICE,90,SOUTH DEERING
2023,51,HOMICIDE,5,SOUTH DEERING
2023,51,INTERFERENCE WITH PUBLIC OFFICER,6,SOUTH DEERING
2023,51,MOTOR VEHICLE THEFT,336,SOUTH DEERING
2023,51,NARCOTICS,22,SOUTH DEERING
2023,51,OFFENSE INVOLVING CHILDREN,22,SOUTH DEERING
2023,51,OTHER OFFENSE,154,SOUTH DEERING
2023,51,PUBLIC PEACE VIOLATION,5,SOUTH DEERING
2023,51,ROBBERY,78,SOUTH DEERING
2023,51,SEX OFFENSE,6,SOUTH DEERING
2023,51,STALKING,3,SOUTH DEERING
2023,51,THEFT,341,SOUTH DEERING
2023,51,WEAPONS VIOLATION,93,SOUTH DEERING
2023,52,ARSON,1,EAST SIDE
2023,52,ASSAULT,179,EAST SIDE
2023,52,BATTERY,254,EAST SIDE
2023,52,BURGLARY,33,EAST SIDE
2023,52,CRIMINAL DAMAGE,190,EAST SIDE
2023,52,CRIMINAL SEXUAL ASSAULT,8,EAST SIDE
2023,52,CRIMINAL TRESPASS,24,EAST SIDE
2023,52,DECEPTIVE PRACTICE,50,EAST SIDE
2023,52,HOMICIDE,5,EAST SIDE
2023,52,INTERFERENCE WITH PUBLIC OFFICER,3,EAST SIDE
2023,52,INTIMIDATION,1,EAST SIDE
2023,52,KIDNAPPING,2,EAST SIDE
2023,52,LIQUOR LAW VIOLATION,1,EAST SIDE
2023,52,MOTOR VEHICLE THEFT,141,EAST SIDE
2023,52,NARCOTICS,15,EAST SIDE
2023,52,OFFENSE INVOLVING CHILDREN,15,EAST SIDE
2023,52,OTHER OFFENSE,158,EAST SIDE
2023,52,PUBLIC PEACE VIOLATION,3,EAST SIDE
2023,52,ROBBERY,29,EAST SIDE
2023,52,SEX OFFENSE,12,EAST SIDE
2023,52,STALKING,4,EAST SIDE
2023,52,THEFT,274,EAST SIDE
2023,52,WEAPONS VIOLATION,74,EAST SIDE
2023,53,ARSON,12,WEST PULLMAN
2023,53,ASSAULT,359,WEST PULLMAN
2023,53,BATTERY,676,WEST PULLMAN
2023,53,BURGLARY,82,WEST PULLMAN
2023,53,CONCEALED CARRY LICENSE VIOLATION,2,WEST PULLMAN
2023,53,CRIMINAL DAMAGE,484,WEST PULLMAN
2023,53,CRIMINAL SEXUAL ASSAULT,12,WEST PULLMAN
2023,53,CRIMINAL TRESPASS,64,WEST PULLMAN
2023,53,DECEPTIVE PRACTICE,183,WEST PULLMAN
2023,53,HOMICIDE,13,WEST PULLMAN
2023,53,INTERFERENCE WITH PUBLIC OFFICER,13,WEST PULLMAN
2023,53,KIDNAPPING,4,WEST PULLMAN
2023,53,LIQUOR LAW VIOLATION,1,WEST PULLMAN
2023,53,MOTOR VEHICLE THEFT,480,WEST PULLMAN
2023,53,NARCOTICS,51,WEST PULLMAN
2023,53,OFFENSE INVOLVING CHILDREN,44,WEST PULLMAN
2023,53,OTHER OFFENSE,234,WEST PULLMAN
2023,53,PUBLIC PEACE VIOLATION,7,WEST PULLMAN
2023,53,ROBBERY,90,WEST PULLMAN
2023,53,SEX OFFENSE,20,WEST PULLMAN
2023,53,STALKING,6,WEST PULLMAN
2023,53,THEFT,523,WEST PULLMAN
2023,53,WEAPONS VIOLATION,248,WEST PULLMAN
2023,54,ARSON,1,RIVERDALE
2023,54,ASSAULT,179,RIVERDALE
2023,54,BATTERY,304,RIVERDALE
2023,54,BURGLARY,30,RIVERDALE
2023,54,CRIMINAL DAMAGE,190,RIVERDALE
2023,54,CRIMINAL SEXUAL ASSAULT,17,RIVERDALE
2023,54,CRIMINAL TRESPASS,15,RIVERDALE
2023,54,DECEPTIVE PRACTICE,32,RIVERDALE
2023,54,HOMICIDE,6,RIVERDALE
2023,54,INTERFERENCE WITH PUBLIC OFFICER,1,RIVERDALE
2023,54,MOTOR VEHICLE THEFT,139,RIVERDALE
2023,54,NARCOTICS,3,RIVERDALE
2023,54,OFFENSE INVOLVING CHILDREN,26,RIVERDALE
2023,54,OTHER OFFENSE,77,RIVERDALE
2023,54,ROBBERY,40,RIVERDALE
2023,54,SEX OFFENSE,6,RIVERDALE
2023,54,STALKING,5,RIVERDALE
2023,54,THEFT,156,RIVERDALE
2023,54,WEAPONS VIOLATION,60,RIVERDALE
2023,55,ARSON,1,HEGEWISCH
2023,55,ASSAULT,69,HEGEWISCH
2023,55,BATTERY,140,HEGEWISCH
2023,55,BURGLARY,18,HEGEWISCH
2023,55,CONCEALED CARRY LICENSE VIOLATION,1,HEGEWISCH
2023,55,CRIMINAL DAMAGE,101,HEGEWISCH
2023,55,CRIMINAL SEXUAL ASSAULT,4,HEGEWISCH
2023,55,CRIMINAL TRESPASS,14,HEGEWISCH
2023,55,DECEPTIVE PRACTICE,64,HEGEWISCH
2023,55,INTERFERENCE WITH PUBLIC OFFICER,2,HEGEWISCH
2023,55,LIQUOR LAW VIOLATION,2,HEGEWISCH
2023,55,MOTOR VEHICLE THEFT,101,HEGEWISCH
2023,55,NARCOTICS,8,HEGEWISCH
2023,55,OFFENSE INVOLVING CHILDREN,10,HEGEWISCH
2023,55,OTHER OFFENSE,83,HEGEWISCH
2023,55,PUBLIC PEACE VIOLATION,1,HEGEWISCH
2023,55,ROBBERY,10,HEGEWISCH
2023,55,SEX OFFENSE,6,HEGEWISCH
2023,55,STALKING,1,HEGEWISCH
2023,55,THEFT,116,HEGEWISCH
2023,55,WEAPONS VIOLATION,21,HEGEWISCH
2023,56,ARSON,5,GARFIELD RIDGE
2023,56,ASSAULT,163,GARFIELD RIDGE
2023,56,BATTERY,295,GARFIELD RIDGE
2023,56,BURGLARY,66,GARFIELD RIDGE
2023,56,CONCEALED CARRY LICENSE VIOLATION,42,GARFIELD RIDGE
2023,56,CRIMINAL DAMAGE,260,GARFIELD RIDGE
2023,56,CRIMINAL SEXUAL ASSAULT,4,GARFIELD RIDGE
2023,56,CRIMINAL TRESPASS,50,GARFIELD RIDGE
2023,56,DECEPTIVE PRACTICE,286,GARFIELD RIDGE
2023,56,HOMICIDE,4,GARFIELD RIDGE
2023,56,INTERFERENCE WITH PUBLIC OFFICER,2,GARFIELD RIDGE
2023,56,INTIMIDATION,1,GARFIELD RIDGE
2023,56,LIQUOR LAW VIOLATION,1,GARFIELD RIDGE
2023,56,MOTOR VEHICLE THEFT,243,GARFIELD RIDGE
2023,56,NARCOTICS,18,GARFIELD RIDGE
2023,56,OBSCENITY,1,GARFIELD RIDGE
2023,56,OFFENSE INVOLVING CHILDREN,7,GARFIELD RIDGE
2023,56,OTHER OFFENSE,132,GARFIELD RIDGE
2023,56,PROSTITUTION,40,GARFIELD RIDGE
2023,56,PUBLIC PEACE VIOLATION,24,GARFIELD RIDGE
2023,56,ROBBERY,53,GARFIELD RIDGE
2023,56,SEX OFFENSE,15,GARFIELD RIDGE
2023,56,STALKING,5,GARFIELD RIDGE
2023,56,THEFT,508,GARFIELD RIDGE
2023,56,WEAPONS VIOLATION,62,GARFIELD RIDGE
2023,57,ARSON,4,ARCHER HEIGHTS
2023,57,ASSAULT,92,ARCHER HEIGHTS
2023,57,BATTERY,144,ARCHER HEIGHTS
2023,57,BURGLARY,32,ARCHER HEIGHTS
2023,57,CRIMINAL DAMAGE,96,ARCHER HEIGHTS
2023,57,CRIMINAL SEXUAL ASSAULT,4,ARCHER HEIGHTS
2023,57,CRIMINAL TRESPASS,20,ARCHER HEIGHTS
2023,57,DECEPTIVE PRACTICE,79,ARCHER HEIGHTS
2023,57,HOMICIDE,3,ARCHER HEIGHTS
2023,57,INTERFERENCE WITH PUBLIC OFFICER,1,ARCHER HEIGHTS
2023,57,INTIMIDATION,1,ARCHER HEIGHTS
2023,57,LIQUOR LAW VIOLATION,1,ARCHER HEIGHTS
2023,57,MOTOR VEHICLE THEFT,105,ARCHER HEIGHTS
2023,57,NARCOTICS,7,ARCHER HEIGHTS
2023,57,OBSCENITY,1,ARCHER HEIGHTS
2023,57,OFFENSE INVOLVING CHILDREN,9,ARCHER HEIGHTS
2023,57,OTHER OFFENSE,59,ARCHER HEIGHTS
2023,57,PUBLIC PEACE VIOLATION,13,ARCHER HEIGHTS
2023,57,ROBBERY,57,ARCHER HEIGHTS
2023,57,SEX OFFENSE,3,ARCHER HEIGHTS
2023,57,STALKING,2,ARCHER HEIGHTS
2023,57,THEFT,244,ARCHER HEIGHTS
2023,57,WEAPONS VIOLATION,51,ARCHER HEIGHTS
2023,58,ARSON,7,BRIGHTON PARK
2023,58,ASSAULT,246,BRIGHTON PARK
2023,58,BATTERY,453,BRIGHTON PARK
2023,58,BURGLARY,56,BRIGHTON PARK
2023,58,CONCEALED CARRY LICENSE VIOLATION,2,BRIGHTON PARK
2023,58,CRIMINAL DAMAGE,266,BRIGHTON PARK
2023,58,CRIMINAL SEXUAL ASSAULT,10,BRIGHTON PARK
2023,58,CRIMINAL TRESPASS,35,BRIGHTON PARK
2023,58,DECEPTIVE PRACTICE,146,BRIGHTON PARK
2023,58,HOMICIDE,9,BRIGHTON PARK
2023,58,INTERFERENCE WITH PUBLIC OFFICER,1,BRIGHTON PARK
2023,58,INTIMIDATION,4,BRIGHTON PARK
2023,58,LIQUOR LAW VIOLATION,3,BRIGHTON PARK
2023,58,MOTOR VEHICLE THEFT,218,BRIGHTON PARK
2023,58,NARCOTICS,11,BRIGHTON PARK
2023,58,OBSCENITY,1,BRIGHTON PARK
2023,58,OFFENSE INVOLVING CHILDREN,27,BRIGHTON PARK
2023,58,OTHER OFFENSE,145,BRIGHTON PARK
2023,58,PUBLIC PEACE VIOLATION,5,BRIGHTON PARK
2023,58,ROBBERY,164,BRIGHTON PARK
2023,58,SEX OFFENSE,19,BRIGHTON PARK
2023,58,STALKING,9,BRIGHTON PARK
2023,58,THEFT,391,BRIGHTON PARK
2023,58,WEAPONS VIOLATION,84,BRIGHTON PARK
2023,59,ARSON,5,MCKINLEY PARK
2023,59,ASSAULT,85,MCKINLEY PARK
2023,59,BATTERY,156,MCKINLEY PARK
2023,59,BURGLARY,46,MCKINLEY PARK
2023,59,CONCEALED CARRY LICENSE VIOLATION,1,MCKINLEY PARK
2023,59,CRIMINAL DAMAGE,106,MCKINLEY PARK
2023,59,CRIMINAL SEXUAL ASSAULT,8,MCKINLEY PARK
2023,59,CRIMINAL TRESPASS,16,MCKINLEY PARK
2023,59,DECEPTIVE PRACTICE,34,MCKINLEY PARK
2023,59,INTIMIDATION,1,MCKINLEY PARK
2023,59,MOTOR VEHICLE THEFT,103,MCKINLEY PARK
2023,59,NARCOTICS,9,MCKINLEY PARK
2023,59,OBSCENITY,1,MCKINLEY PARK
2023,59,OFFENSE INVOLVING CHILDREN,4,MCKINLEY PARK
2023,59,OTHER OFFENSE,43,MCKINLEY PARK
2023,59,PUBLIC PEACE VIOLATION,1,MCKINLEY PARK
2023,59,ROBBERY,61,MCKINLEY PARK
2023,59,SEX OFFENSE,3,MCKINLEY PARK
2023,59,STALKING,4,MCKINLEY PARK
2023,59,THEFT,257,MCKINLEY PARK
2023,59,WEAPONS VIOLATION,26,MCKINLEY PARK
2023,60,ARSON,5,BRIDGEPORT
2023,60,ASSAULT,135,BRIDGEPORT
2023,60,BATTERY,255,BRIDGEPORT
2023,60,BURGLARY,91,BRIDGEPORT
2023,60,CONCEALED CARRY LICENSE VIOLATION,1,BRIDGEPORT
2023,60,CRIMINAL DAMAGE,240,BRIDGEPORT
2023,60,CRIMINAL SEXUAL ASSAULT,10,BRIDGEPORT
2023,60,CRIMINAL TRESPASS,31,BRIDGEPORT
2023,60,DECEPTIVE PRACTICE,125,BRIDGEPORT
2023,60,HOMICIDE,3,BRIDGEPORT
2023,60,INTERFERENCE WITH PUBLIC OFFICER,1,BRIDGEPORT
2023,60,INTIMIDATION,3,BRIDGEPORT
2023,60,KIDNAPPING,2,BRIDGEPORT
2023,60,LIQUOR LAW VIOLATION,2,BRIDGEPORT
2023,60,MOTOR VEHICLE THEFT,172,BRIDGEPORT
2023,60,NARCOTICS,16,BRIDGEPORT
2023,60,OFFENSE INVOLVING CHILDREN,6,BRIDGEPORT
2023,60,OTHER OFFENSE,101,BRIDGEPORT
2023,60,PUBLIC PEACE VIOLATION,2,BRIDGEPORT
2023,60,ROBBERY,62,BRIDGEPORT
2023,60,SEX OFFENSE,8,BRIDGEPORT
2023,60,STALKING,7,BRIDGEPORT
2023,60,THEFT,319,BRIDGEPORT
2023,60,WEAPONS VIOLATION,32,BRIDGEPORT
2023,61,ARSON,11,NEW CITY
2023,61,ASSAULT,500,NEW CITY
2023,61,BATTERY,873,NEW CITY
2023,61,BURGLARY,113,NEW CITY
2023,61,CRIMINAL DAMAGE,483,NEW CITY
2023,61,CRIMINAL SEXUAL ASSAULT,25,NEW CITY
2023,61,CRIMINAL TRESPASS,81,NEW CITY
2023,61,DECEPTIVE PRACTICE,203,NEW CITY
2023,61,HOMICIDE,20,NEW CITY
2023,61,INTERFERENCE WITH PUBLIC OFFICER,9,NEW CITY
2023,61,INTIMIDATION,2,NEW CITY
2023,61,KIDNAPPING,5,NEW CITY
2023,61,LIQUOR LAW VIOLATION,2,NEW CITY
2023,61,MOTOR VEHICLE THEFT,406,NEW CITY
2023,61,NARCOTICS,52,NEW CITY
2023,61,OBSCENITY,3,NEW CITY
2023,61,OFFENSE INVOLVING CHILDREN,32,NEW CITY
2023,61,OTHER OFFENSE,311,NEW CITY
2023,61,PUBLIC PEACE VIOLATION,12,NEW CITY
2023,61,ROBBERY,283,NEW CITY
2023,61,SEX OFFENSE,27,NEW CITY
2023,61,STALKING,9,NEW CITY
2023,61,THEFT,695,NEW CITY
2023,61,WEAPONS VIOLATION,285,NEW CITY
2023,62,ARSON,2,WEST ELSDON
2023,62,ASSAULT,85,WEST ELSDON
2023,62,BATTERY,164,WEST ELSDON
2023,62,BURGLARY,46,WEST ELSDON
2023,62,CRIMINAL DAMAGE,168,WEST ELSDON
2023,62,CRIMINAL SEXUAL ASSAULT,4,WEST ELSDON
2023,62,CRIMINAL TRESPASS,8,WEST ELSDON
2023,62,DECEPTIVE PRACTICE,88,WEST ELSDON
2023,62,HOMICIDE,1,WEST ELSDON
2023,62,HUMAN TRAFFICKING,1,WEST ELSDON
2023,62,INTERFERENCE WITH PUBLIC OFFICER,1,WEST ELSDON
2023,62,INTIMIDATION,1,WEST ELSDON
2023,62,MOTOR VEHICLE THEFT,150,WEST ELSDON
2023,62,NARCOTICS,10,WEST ELSDON
2023,62,OFFENSE INVOLVING CHILDREN,7,WEST ELSDON
2023,62,OTHER OFFENSE,56,WEST ELSDON
2023,62,PUBLIC PEACE VIOLATION,7,WEST ELSDON
2023,62,ROBBERY,34,WEST ELSDON
2023,62,SEX OFFENSE,8,WEST ELSDON
2023,62,STALKING,2,WEST ELSDON
2023,62,THEFT,182,WEST ELSDON
2023,62,WEAPONS VIOLATION,44,WEST ELSDON
2023,63,ARSON,6,GAGE PARK
2023,63,ASSAULT,245,GAGE PARK
2023,63,BATTERY,450,GAGE PARK
2023,63,BURGLARY,76,GAGE PARK
2023,63,CONCEALED CARRY LICENSE VIOLATION,1,GAGE PARK
2023,63,CRIMINAL DAMAGE,284,GAGE PARK
2023,63,CRIMINAL SEXUAL ASSAULT,15,GAGE PARK
2023,63,CRIMINAL TRESPASS,31,GAGE PARK
2023,63,DECEPTIVE PRACTICE,127,GAGE PARK
2023,63,HOMICIDE,7,GAGE PARK
2023,63,INTERFERENCE WITH PUBLIC OFFICER,3,GAGE PARK
2023,63,INTIMIDATION,4,GAGE PARK
2023,63,KIDNAPPING,2,GAGE PARK
2023,63,MOTOR VEHICLE THEFT,240,GAGE PARK
2023,63,NARCOTICS,26,GAGE PARK
2023,63,OFFENSE INVOLVING CHILDREN,21,GAGE PARK
2023,63,OTHER OFFENSE,160,GAGE PARK
2023,63,PUBLIC PEACE VIOLATION,12,GAGE PARK
2023,63,ROBBERY,110,GAGE PARK
2023,63,SEX OFFENSE,14,GAGE PARK
2023,63,STALKING,8,GAGE PARK
2023,63,THEFT,409,GAGE PARK
2023,63,WEAPONS VIOLATION,127,GAGE PARK
2023,64,ARSON,2,CLEARING
2023,64,ASSAULT,96,CLEARING
2023,64,BATTERY,175,CLEARING
2023,64,BURGLARY,42,CLEARING
2023,64,CRIMINAL DAMAGE,158,CLEARING
2023,64,CRIMINAL TRESPASS,27,CLEARING
2023,64,DECEPTIVE PRACTICE,139,CLEARING
2023,64,HOMICIDE,1,CLEARING
2023,64,INTERFERENCE WITH PUBLIC OFFICER,1,CLEARING
2023,64,KIDNAPPING,1,CLEARING
2023,64,MOTOR VEHICLE THEFT,153,CLEARING
2023,64,NARCOTICS,5,CLEARING
2023,64,OFFENSE INVOLVING CHILDREN,11,CLEARING
2023,64,OTHER OFFENSE,127,CLEARING
2023,64,PUBLIC PEACE VIOLATION,2,CLEARING
2023,64,ROBBERY,17,CLEARING
2023,64,SEX OFFENSE,6,CLEARING
2023,64,STALKING,4,CLEARING
2023,64,THEFT,253,CLEARING
2023,64,WEAPONS VIOLATION,28,CLEARING
2023,65,ARSON,5,WEST LAWN
2023,65,ASSAULT,135,WEST LAWN
2023,65,BATTERY,255,WEST LAWN
2023,65,BURGLARY,99,WEST LAWN
2023,65,CRIMINAL DAMAGE,275,WEST LAWN
2023,65,CRIMINAL SEXUAL ASSAULT,9,WEST LAWN
2023,65,CRIMINAL TRESPASS,30,WEST LAWN
2023,65,DECEPTIVE PRACTICE,121,WEST LAWN
2023,65,HOMICIDE,2,WEST LAWN
2023,65,INTERFERENCE WITH PUBLIC OFFICER,3,WEST LAWN
2023,65,INTIMIDATION,3,WEST LAWN
2023,65,KIDNAPPING,1,WEST LAWN
2023,65,LIQUOR LAW VIOLATION,1,WEST LAWN
2023,65,MOTOR VEHICLE THEFT,278,WEST LAWN
2023,65,NARCOTICS,8,WEST LAWN
2023,65,OBSCENITY,1,WEST LAWN
2023,65,OFFENSE INVOLVING CHILDREN,11,WEST LAWN
2023,65,OTHER OFFENSE,110,WEST LAWN
2023,65,PUBLIC PEACE VIOLATION,10,WEST LAWN
2023,65,ROBBERY,39,WEST LAWN
2023,65,SEX OFFENSE,9,WEST LAWN
2023,65,STALKING,1,WEST LAWN
2023,65,THEFT,387,WEST LAWN
2023,65,WEAPONS VIOLATION,67,WEST LAWN
2023,66,ARSON,13,CHICAGO LAWN
2023,66,ASSAULT,531,CHICAGO LAWN
2023,66,BATTERY,1060,CHICAGO LAWN
2023,66,BURGLARY,149,CHICAGO LAWN
2023,66,CRIMINAL DAMAGE,669,CHICAGO LAWN
2023,66,CRIMINAL SEXUAL ASSAULT,49,CHICAGO LAWN
2023,66,CRIMINAL TRESPASS,77,CHICAGO LAWN
2023,66,DECEPTIVE PRACTICE,327,CHICAGO LAWN
2023,66,GAMBLING,1,CHICAGO LAWN
2023,66,HOMICIDE,18,CHICAGO LAWN
2023,66,HUMAN TRAFFICKING,1,CHICAGO LAWN
2023,66,INTERFERENCE WITH PUBLIC OFFICER,9,CHICAGO LAWN
2023,66,INTIMIDATION,8,CHICAGO LAWN
2023,66,KIDNAPPING,5,CHICAGO LAWN
2023,66,LIQUOR LAW VIOLATION,3,CHICAGO LAWN
2023,66,MOTOR VEHICLE THEFT,564,CHICAGO LAWN
2023,66,NARCOTICS,128,CHICAGO LAWN
2023,66,OFFENSE INVOLVING CHILDREN,53,CHICAGO LAWN
2023,66,OTHER OFFENSE,351,CHICAGO LAWN
2023,66,PROSTITUTION,1,CHICAGO LAWN
2023,66,PUBLIC PEACE VIOLATION,8,CHICAGO LAWN
2023,66,ROBBERY,183,CHICAGO LAWN
2023,66,SEX OFFENSE,32,CHICAGO LAWN
2023,66,STALKING,5,CHICAGO LAWN
2023,66,THEFT,820,CHICAGO LAWN
2023,66,WEAPONS VIOLATION,214,CHICAGO LAWN
2023,67,ARSON,14,WEST ENGLEWOOD
2023,67,ASSAULT,495,WEST ENGLEWOOD
2023,67,BATTERY,993,WEST ENGLEWOOD
2023,67,BURGLARY,110,WEST ENGLEWOOD
2023,67,CONCEALED CARRY LICENSE VIOLATION,9,WEST ENGLEWOOD
2023,67,CRIMINAL DAMAGE,604,WEST ENGLEWOOD
2023,67,CRIMINAL SEXUAL ASSAULT,36,WEST ENGLEWOOD
2023,67,CRIMINAL TRESPASS,62,WEST ENGLEWOOD
2023,67,DECEPTIVE PRACTICE,211,WEST ENGLEWOOD
2023,67,GAMBLING,2,WEST ENGLEWOOD
2023,67,HOMICIDE,34,WEST ENGLEWOOD
2023,67,INTERFERENCE WITH PUBLIC OFFICER,17,WEST ENGLEWOOD
2023,67,INTIMIDATION,5,WEST ENGLEWOOD
2023,67,KIDNAPPING,3,WEST ENGLEWOOD
2023,67,LIQUOR LAW VIOLATION,1,WEST ENGLEWOOD
2023,67,MOTOR VEHICLE THEFT,467,WEST ENGLEWOOD
2023,67,NARCOTICS,180,WEST ENGLEWOOD
2023,67,OBSCENITY,1,WEST ENGLEWOOD
2023,67,OFFENSE INVOLVING CHILDREN,27,WEST ENGLEWOOD
2023,67,OTHER OFFENSE,334,WEST ENGLEWOOD
2023,67,PROSTITUTION,11,WEST ENGLEWOOD
2023,67,PUBLIC PEACE VIOLATION,17,WEST ENGLEWOOD
2023,67,ROBBERY,181,WEST ENGLEWOOD
2023,67,SEX OFFENSE,14,WEST ENGLEWOOD
2023,67,STALKING,4,WEST ENGLEWOOD
2023,67,THEFT,638,WEST ENGLEWOOD
2023,67,WEAPONS VIOLATION,337,WEST ENGLEWOOD
2023,68,ARSON,21,ENGLEWOOD
2023,68,ASSAULT,570,ENGLEWOOD
2023,68,BATTERY,1146,ENGLEWOOD
2023,68,BURGLARY,140,ENGLEWOOD
2023,68,CONCEALED CARRY LICENSE VIOLATION,11,ENGLEWOOD
2023,68,CRIMINAL DAMAGE,611,ENGLEWOOD
2023,68,CRIMINAL SEXUAL ASSAULT,41,ENGLEWOOD
2023,68,CRIMINAL TRESPASS,58,ENGLEWOOD
2023,68,DECEPTIVE PRACTICE,196,ENGLEWOOD
2023,68,HOMICIDE,22,ENGLEWOOD
2023,68,INTERFERENCE WITH PUBLIC OFFICER,17,ENGLEWOOD
2023,68,INTIMIDATION,1,ENGLEWOOD
2023,68,LIQUOR LAW VIOLATION,3,ENGLEWOOD
2023,68,MOTOR VEHICLE THEFT,563,ENGLEWOOD
2023,68,NARCOTICS,131,ENGLEWOOD
2023,68,OFFENSE INVOLVING CHILDREN,41,ENGLEWOOD
2023,68,OTHER OFFENSE,332,ENGLEWOOD
2023,68,PROSTITUTION,1,ENGLEWOOD
2023,68,PUBLIC PEACE VIOLATION,16,ENGLEWOOD
2023,68,ROBBERY,202,ENGLEWOOD
2023,68,SEX OFFENSE,23,ENGLEWOOD
2023,68,STALKING,12,ENGLEWOOD
2023,68,THEFT,647,ENGLEWOOD
2023,68,WEAPONS VIOLATION,302,ENGLEWOOD
2023,69,ARSON,20,GREATER GRAND CROSSING
2023,69,ASSAULT,708,GREATER GRAND CROSSING
2023,69,BATTERY,1395,GREATER GRAND CROSSING
2023,69,BURGLARY,219,GREATER GRAND CROSSING
2023,69,CONCEALED CARRY LICENSE VIOLATION,4,GREATER GRAND CROSSING
2023,69,CRIMINAL DAMAGE,868,GREATER GRAND CROSSING
2023,69,CRIMINAL SEXUAL ASSAULT,32,GREATER GRAND CROSSING
2023,69,CRIMINAL TRESPASS,95,GREATER GRAND CROSSING
2023,69,DECEPTIVE PRACTICE,247,GREATER GRAND CROSSING
2023,69,GAMBLING,2,GREATER GRAND CROSSING
2023,69,HOMICIDE,32,GREATER GRAND CROSSING
2023,69,INTERFERENCE WITH PUBLIC OFFICER,26,GREATER GRAND CROSSING
2023,69,INTIMIDATION,3,GREATER GRAND CROSSING
2023,69,KIDNAPPING,2,GREATER GRAND CROSSING
2023,69,LIQUOR LAW VIOLATION,2,GREATER GRAND CROSSING
2023,69,MOTOR VEHICLE THEFT,900,GREATER GRAND CROSSING
2023,69,NARCOTICS,84,GREATER GRAND CROSSING
2023,69,OBSCENITY,2,GREATER GRAND CROSSING
2023,69,OFFENSE INVOLVING CHILDREN,54,GREATER GRAND CROSSING
2023,69,OTHER OFFENSE,424,GREATER GRAND CROSSING
2023,69,PUBLIC PEACE VIOLATION,20,GREATER GRAND CROSSING
2023,69,ROBBERY,252,GREATER GRAND CROSSING
2023,69,SEX OFFENSE,27,GREATER GRAND CROSSING
2023,69,STALKING,14,GREATER GRAND CROSSING
2023,69,THEFT,951,GREATER GRAND CROSSING
2023,69,WEAPONS VIOLATION,374,GREATER GRAND CROSSING
2023,70,ARSON,6,ASHBURN
2023,70,ASSAULT,211,ASHBURN
2023,70,BATTERY,367,ASHBURN
2023,70,BURGLARY,73,ASHBURN
2023,70,CONCEALED CARRY LICENSE VIOLATION,1,ASHBURN
2023,70,CRIMINAL DAMAGE,269,ASHBURN
2023,70,CRIMINAL SEXUAL ASSAULT,17,ASHBURN
2023,70,CRIMINAL TRESPASS,40,ASHBURN
2023,70,DECEPTIVE PRACTICE,213,ASHBURN
2023,70,HOMICIDE,9,ASHBURN
2023,70,INTERFERENCE WITH PUBLIC OFFICER,1,ASHBURN
2023,70,INTIMIDATION,4,ASHBURN
2023,70,KIDNAPPING,1,ASHBURN
2023,70,MOTOR VEHICLE THEFT,396,ASHBURN
2023,70,NARCOTICS,9,ASHBURN
2023,70,OBSCENITY,1,ASHBURN
2023,70,OFFENSE INVOLVING CHILDREN,26,ASHBURN
2023,70,OTHER OFFENSE,160,ASHBURN
2023,70,PUBLIC PEACE VIOLATION,5,ASHBURN
2023,70,ROBBERY,82,ASHBURN
2023,70,SEX OFFENSE,11,ASHBURN
2023,70,STALKING,8,ASHBURN
2023,70,THEFT,429,ASHBURN
2023,70,WEAPONS VIOLATION,95,ASHBURN
2023,71,ARSON,15,AUBURN GRESHAM
2023,71,ASSAULT,702,AUBURN GRESHAM
2023,71,BATTERY,1352,AUBURN GRESHAM
2023,71,BURGLARY,225,AUBURN GRESHAM
2023,71,CONCEALED CARRY LICENSE VIOLATION,5,AUBURN GRESHAM
2023,71,CRIMINAL DAMAGE,844,AUBURN GRESHAM
2023,71,CRIMINAL SEXUAL ASSAULT,29,AUBURN GRESHAM
2023,71,CRIMINAL TRESPASS,112,AUBURN GRESHAM
2023,71,DECEPTIVE PRACTICE,302,AUBURN GRESHAM
2023,71,HOMICIDE,23,AUBURN GRESHAM
2023,71,INTERFERENCE WITH PUBLIC OFFICER,32,AUBURN GRESHAM
2023,71,INTIMIDATION,5,AUBURN GRESHAM
2023,71,KIDNAPPING,7,AUBURN GRESHAM
2023,71,LIQUOR LAW VIOLATION,3,AUBURN GRESHAM
2023,71,MOTOR VEHICLE THEFT,942,AUBURN GRESHAM
2023,71,NARCOTICS,97,AUBURN GRESHAM
2023,71,OBSCENITY,3,AUBURN GRESHAM
2023,71,OFFENSE INVOLVING CHILDREN,68,AUBURN GRESHAM
2023,71,OTHER OFFENSE,518,AUBURN GRESHAM
2023,71,PUBLIC PEACE VIOLATION,19,AUBURN GRESHAM
2023,71,ROBBERY,255,AUBURN GRESHAM
2023,71,SEX OFFENSE,26,AUBURN GRESHAM
2023,71,STALKING,19,AUBURN GRESHAM
2023,71,THEFT,975,AUBURN GRESHAM
2023,71,WEAPONS VIOLATION,303,AUBURN GRESHAM
2023,72,ASSAULT,78,BEVERLY
2023,72,BATTERY,112,BEVERLY
2023,72,BURGLARY,56,BEVERLY
2023,72,CONCEALED CARRY LICENSE VIOLATION,1,BEVERLY
2023,72,CRIMINAL DAMAGE,124,BEVERLY
2023,72,CRIMINAL SEXUAL ASSAULT,3,BEVERLY
2023,72,CRIMINAL TRESPASS,17,BEVERLY
2023,72,DECEPTIVE PRACTICE,122,BEVERLY
2023,72,INTERFERENCE WITH PUBLIC OFFICER,2,BEVERLY
2023,72,INTIMIDATION,1,BEVERLY
2023,72,KIDNAPPING,1,BEVERLY
2023,72,LIQUOR LAW VIOLATION,2,BEVERLY
2023,72,MOTOR VEHICLE THEFT,124,BEVERLY
2023,72,NARCOTICS,10,BEVERLY
2023,72,NON-CRIMINAL,1,BEVERLY
2023,72,OBSCENITY,1,BEVERLY
2023,72,OFFENSE INVOLVING CHILDREN,14,BEVERLY
2023,72,OTHER OFFENSE,96,BEVERLY
2023,72,PUBLIC PEACE VIOLATION,1,BEVERLY
2023,72,ROBBERY,32,BEVERLY
2023,72,SEX OFFENSE,8,BEVERLY
2023,72,STALKING,5,BEVERLY
2023,72,THEFT,191,BEVERLY
2023,72,WEAPONS VIOLATION,15,BEVERLY
2023,73,ARSON,5,WASHINGTON HEIGHTS
2023,73,ASSAULT,330,WASHINGTON HEIGHTS
2023,73,BATTERY,510,WASHINGTON HEIGHTS
2023,73,BURGLARY,69,WASHINGTON HEIGHTS
2023,73,CRIMINAL DAMAGE,498,WASHINGTON HEIGHTS
2023,73,CRIMINAL SEXUAL ASSAULT,11,WASHINGTON HEIGHTS
2023,73,CRIMINAL TRESPASS,60,WASHINGTON HEIGHTS
2023,73,DECEPTIVE PRACTICE,171,WASHINGTON HEIGHTS
2023,73,HOMICIDE,11,WASHINGTON HEIGHTS
2023,73,INTERFERENCE WITH PUBLIC OFFICER,11,WASHINGTON HEIGHTS
2023,73,KIDNAPPING,3,WASHINGTON HEIGHTS
2023,73,MOTOR VEHICLE THEFT,542,WASHINGTON HEIGHTS
2023,73,NARCOTICS,38,WASHINGTON HEIGHTS
2023,73,OFFENSE INVOLVING CHILDREN,30,WASHINGTON HEIGHTS
2023,73,OTHER OFFENSE,192,WASHINGTON HEIGHTS
2023,73,PUBLIC INDECENCY,1,WASHINGTON HEIGHTS
2023,73,PUBLIC PEACE VIOLATION,12,WASHINGTON HEIGHTS
2023,73,ROBBERY,96,WASHINGTON HEIGHTS
2023,73,SEX OFFENSE,6,WASHINGTON HEIGHTS
2023,73,STALKING,3,WASHINGTON HEIGHTS
2023,73,THEFT,558,WASHINGTON HEIGHTS
2023,73,WEAPONS VIOLATION,88,WASHINGTON HEIGHTS
2023,74,ASSAULT,51,MOUNT GREENWOOD
2023,74,BATTERY,75,MOUNT GREENWOOD
2023,74,BURGLARY,11,MOUNT GREENWOOD
2023,74,CRIMINAL DAMAGE,75,MOUNT GREENWOOD
2023,74,CRIMINAL SEXUAL ASSAULT,5,MOUNT GREENWOOD
2023,74,CRIMINAL TRESPASS,14,MOUNT GREENWOOD
2023,74,DECEPTIVE PRACTICE,69,MOUNT GREENWOOD
2023,74,INTIMIDATION,1,MOUNT GREENWOOD
2023,74,KIDNAPPING,3,MOUNT GREENWOOD
2023,74,LIQUOR LAW VIOLATION,4,MOUNT GREENWOOD
2023,74,MOTOR VEHICLE THEFT,38,MOUNT GREENWOOD
2023,74,NARCOTICS,7,MOUNT GREENWOOD
2023,74,OFFENSE INVOLVING CHILDREN,9,MOUNT GREENWOOD
2023,74,OTHER OFFENSE,50,MOUNT GREENWOOD
2023,74,PUBLIC PEACE VIOLATION,1,MOUNT GREENWOOD
2023,74,ROBBERY,7,MOUNT GREENWOOD
2023,74,SEX OFFENSE,4,MOUNT GREENWOOD
2023,74,STALKING,2,MOUNT GREENWOOD
2023,74,THEFT,110,MOUNT GREENWOOD
2023,74,WEAPONS VIOLATION,11,MOUNT GREENWOOD
2023,75,ARSON,4,MORGAN PARK
2023,75,ASSAULT,202,MORGAN PARK
2023,75,BATTERY,326,MORGAN PARK
2023,75,BURGLARY,48,MORGAN PARK
2023,75,CONCEALED CARRY LICENSE VIOLATION,1,MORGAN PARK
2023,75,CRIMINAL DAMAGE,248,MORGAN PARK
2023,75,CRIMINAL SEXUAL ASSAULT,6,MORGAN PARK
2023,75,CRIMINAL TRESPASS,30,MORGAN PARK
2023,75,DECEPTIVE PRACTICE,139,MORGAN PARK
2023,75,HOMICIDE,2,MORGAN PARK
2023,75,INTERFERENCE WITH PUBLIC OFFICER,9,MORGAN PARK
2023,75,KIDNAPPING,2,MORGAN PARK
2023,75,MOTOR VEHICLE THEFT,242,MORGAN PARK
2023,75,NARCOTICS,38,MORGAN PARK
2023,75,OBSCENITY,1,MORGAN PARK
2023,75,OFFENSE INVOLVING CHILDREN,24,MORGAN PARK
2023,75,OTHER OFFENSE,139,MORGAN PARK
2023,75,PUBLIC PEACE VIOLATION,9,MORGAN PARK
2023,75,ROBBERY,52,MORGAN PARK
2023,75,SEX OFFENSE,6,MORGAN PARK
2023,75,STALKING,5,MORGAN PARK
2023,75,THEFT,380,MORGAN PARK
2023,75,WEAPONS VIOLATION,56,MORGAN PARK
2023,76,ARSON,1,OHARE
2023,76,ASSAULT,87,OHARE
2023,76,BATTERY,249,OHARE
2023,76,BURGLARY,13,OHARE
2023,76,CONCEALED CARRY LICENSE VIOLATION,35,OHARE
2023,76,CRIMINAL DAMAGE,111,OHARE
2023,76,CRIMINAL SEXUAL ASSAULT,4,OHARE
2023,76,CRIMINAL TRESPASS,101,OHARE
2023,76,DECEPTIVE PRACTICE,196,OHARE
2023,76,INTERFERENCE WITH PUBLIC OFFICER,3,OHARE
2023,76,KIDNAPPING,1,OHARE
2023,76,MOTOR VEHICLE THEFT,138,OHARE
2023,76,NARCOTICS,205,OHARE
2023,76,OBSCENITY,3,OHARE
2023,76,OFFENSE INVOLVING CHILDREN,6,OHARE
2023,76,OTHER OFFENSE,94,OHARE
2023,76,PUBLIC PEACE VIOLATION,31,OHARE
2023,76,ROBBERY,7,OHARE
2023,76,SEX OFFENSE,5,OHARE
2023,76,STALKING,2,OHARE
2023,76,THEFT,570,OHARE
2023,76,WEAPONS VIOLATION,18,OHARE
2023,77,ARSON,1,EDGEWATER
2023,77,ASSAULT,221,EDGEWATER
2023,77,BATTERY,510,EDGEWATER
2023,77,BURGLARY,147,EDGEWATER
2023,77,CRIMINAL DAMAGE,311,EDGEWATER
2023,77,CRIMINAL SEXUAL ASSAULT,25,EDGEWATER
2023,77,CRIMINAL TRESPASS,86,EDGEWATER
2023,77,DECEPTIVE PRACTICE,295,EDGEWATER
2023,77,HOMICIDE,2,EDGEWATER
2023,77,INTERFERENCE WITH PUBLIC OFFICER,5,EDGEWATER
2023,77,INTIMIDATION,12,EDGEWATER
2023,77,KIDNAPPING,1,EDGEWATER
2023,77,LIQUOR LAW VIOLATION,1,EDGEWATER
2023,77,MOTOR VEHICLE THEFT,294,EDGEWATER
2023,77,NARCOTICS,21,EDGEWATER
2023,77,OFFENSE INVOLVING CHILDREN,7,EDGEWATER
2023,77,OTHER OFFENSE,192,EDGEWATER
2023,77,PROSTITUTION,1,EDGEWATER
2023,77,PUBLIC PEACE VIOLATION,8,EDGEWATER
2023,77,ROBBERY,65,EDGEWATER
2023,77,SEX OFFENSE,28,EDGEWATER
2023,77,STALKING,11,EDGEWATER
2023,77,THEFT,1088,EDGEWATER
2023,77,WEAPONS VIOLATION,17,EDGEWATER
2024,1,ARSON,3,ROGERS PARK
2024,1,ASSAULT,356,ROGERS PARK
2024,1,BATTERY,783,ROGERS PARK
2024,1,BURGLARY,113,ROGERS PARK
2024,1,CONCEALED CARRY LICENSE VIOLATION,1,ROGERS PARK
2024,1,CRIMINAL DAMAGE,486,ROGERS PARK
2024,1,CRIMINAL SEXUAL ASSAULT,33,ROGERS PARK
2024,1,CRIMINAL TRESPASS,95,ROGERS PARK
2024,1,DECEPTIVE PRACTICE,242,ROGERS PARK
2024,1,HOMICIDE,8,ROGERS PARK
2024,1,INTERFERENCE WITH PUBLIC OFFICER,14,ROGERS PARK
2024,1,INTIMIDATION,4,ROGERS PARK
2024,1,KIDNAPPING,2,ROGERS PARK
2024,1,LIQUOR LAW VIOLATION,4,ROGERS PARK
2024,1,MOTOR VEHICLE THEFT,350,ROGERS PARK
2024,1,NARCOTICS,61,ROGERS PARK
2024,1,OBSCENITY,1,ROGERS PARK
2024,1,OFFENSE INVOLVING CHILDREN,18,ROGERS PARK
2024,1,OTHER OFFENSE,270,ROGERS PARK
2024,1,PUBLIC INDECENCY,1,ROGERS PARK
2024,1,PUBLIC PEACE VIOLATION,18,ROGERS PARK
2024,1,ROBBERY,116,ROGERS PARK
2024,1,SEX OFFENSE,33,ROGERS PARK
2024,1,STALKING,7,ROGERS PARK
2024,1,THEFT,1282,ROGERS PARK
2024,1,WEAPONS VIOLATION,44,ROGERS PARK
2024,2,ARSON,7,WEST RIDGE
2024,2,ASSAULT,302,WEST RIDGE
2024,2,BATTERY,649,WEST RIDGE
2024,2,BURGLARY,125,WEST RIDGE
2024,2,CRIMINAL DAMAGE,472,WEST RIDGE
2024,2,CRIMINAL SEXUAL ASSAULT,21,WEST RIDGE
2024,2,CRIMINAL TRESPASS,62,WEST RIDGE
2024,2,DECEPTIVE PRACTICE,355,WEST RIDGE
2024,2,HOMICIDE,4,WEST RIDGE
2024,2,INTERFERENCE WITH PUBLIC OFFICER,8,WEST RIDGE
2024,2,INTIMIDATION,6,WEST RIDGE
2024,2,KIDNAPPING,4,WEST RIDGE
2024,2,LIQUOR LAW VIOLATION,3,WEST RIDGE
2024,2,MOTOR VEHICLE THEFT,397,WEST RIDGE
2024,2,NARCOTICS,28,WEST RIDGE
2024,2,OBSCENITY,2,WEST RIDGE
2024,2,OFFENSE INVOLVING CHILDREN,10,WEST RIDGE
2024,2,OTHER OFFENSE,249,WEST RIDGE
2024,2,PUBLIC PEACE VIOLATION,8,WEST RIDGE
2024,2,ROBBERY,125,WEST RIDGE
2024,2,SEX OFFENSE,32,WEST RIDGE
2024,2,STALKING,10,WEST RIDGE
2024,2,THEFT,866,WEST RIDGE
2024,2,WEAPONS VIOLATION,27,WEST RIDGE
2024,3,ARSON,3,UPTOWN
2024,3,ASSAULT,377,UPTOWN
2024,3,BATTERY,832,UPTOWN
2024,3,BURGLARY,177,UPTOWN
2024,3,CONCEALED CARRY LICENSE VIOLATION,1,UPTOWN
2024,3,CRIMINAL DAMAGE,404,UPTOWN
2024,3,CRIMINAL SEXUAL ASSAULT,46,UPTOWN
2024,3,CRIMINAL TRESPASS,125,UPTOWN
2024,3,DECEPTIVE PRACTICE,351,UPTOWN
2024,3,HOMICIDE,2,UPTOWN
2024,3,INTERFERENCE WITH PUBLIC OFFICER,8,UPTOWN
2024,3,INTIMIDATION,4,UPTOWN
2024,3,LIQUOR LAW VIOLATION,2,UPTOWN
2024,3,MOTOR VEHICLE THEFT,263,UPTOWN
2024,3,NARCOTICS,32,UPTOWN
2024,3,OBSCENITY,2,UPTOWN
2024,3,OFFENSE INVOLVING CHILDREN,16,UPTOWN
2024,3,OTHER OFFENSE,215,UPTOWN
2024,3,PUBLIC PEACE VIOLATION,9,UPTOWN
2024,3,ROBBERY,114,UPTOWN
2024,3,SEX OFFENSE,33,UPTOWN
2024,3,STALKING,9,UPTOWN
2024,3,THEFT,1437,UPTOWN
2024,3,WEAPONS VIOLATION,34,UPTOWN
2024,4,ARSON,1,LINCOLN SQUARE
2024,4,ASSAULT,147,LINCOLN SQUARE
2024,4,BATTERY,309,LINCOLN SQUARE
2024,4,BURGLARY,111,LINCOLN SQUARE
2024,4,CRIMINAL DAMAGE,222,LINCOLN SQUARE
2024,4,CRIMINAL SEXUAL ASSAULT,12,LINCOLN SQUARE
2024,4,CRIMINAL TRESPASS,77,LINCOLN SQUARE
2024,4,DECEPTIVE PRACTICE,183,LINCOLN SQUARE
2024,4,INTERFERENCE WITH PUBLIC OFFICER,3,LINCOLN SQUARE
2024,4,LIQUOR LAW VIOLATION,2,LINCOLN SQUARE
2024,4,MOTOR VEHICLE THEFT,162,LINCOLN SQUARE
2024,4,NARCOTICS,16,LINCOLN SQUARE
2024,4,OBSCENITY,2,LINCOLN SQUARE
2024,4,OFFENSE INVOLVING CHILDREN,7,LINCOLN SQUARE
2024,4,OTHER OFFENSE,106,LINCOLN SQUARE
2024,4,PUBLIC INDECENCY,1,LINCOLN SQUARE
2024,4,PUBLIC PEACE VIOLATION,10,LINCOLN SQUARE
2024,4,ROBBERY,49,LINCOLN SQUARE
2024,4,SEX OFFENSE,11,LINCOLN SQUARE
2024,4,STALKING,3,LINCOLN SQUARE
2024,4,THEFT,586,LINCOLN SQUARE
2024,4,WEAPONS VIOLATION,8,LINCOLN SQUARE
2024,5,ARSON,1,NORTH CENTER
2024,5,ASSAULT,71,NORTH CENTER
2024,5,BATTERY,151,NORTH CENTER
2024,5,BURGLARY,105,NORTH CENTER
2024,5,CONCEALED CARRY LICENSE VIOLATION,1,NORTH CENTER
2024,5,CRIMINAL DAMAGE,168,NORTH CENTER
2024,5,CRIMINAL SEXUAL ASSAULT,3,NORTH CENTER
2024,5,CRIMINAL TRESPASS,26,NORTH CENTER
2024,5,DECEPTIVE PRACTICE,173,NORTH CENTER
2024,5,INTERFERENCE WITH PUBLIC OFFICER,1,NORTH CENTER
2024,5,KIDNAPPING,1,NORTH CENTER
2024,5,LIQUOR LAW VIOLATION,1,NORTH CENTER
2024,5,MOTOR VEHICLE THEFT,129,NORTH CENTER
2024,5,NARCOTICS,6,NORTH CENTER
2024,5,OBSCENITY,1,NORTH CENTER
2024,5,OFFENSE INVOLVING CHILDREN,3,NORTH CENTER
2024,5,OTHER OFFENSE,76,NORTH CENTER
2024,5,PROSTITUTION,1,NORTH CENTER
2024,5,PUBLIC PEACE VIOLATION,6,NORTH CENTER
2024,5,ROBBERY,38,NORTH CENTER
2024,5,SEX OFFENSE,9,NORTH CENTER
2024,5,STALKING,3,NORTH CENTER
2024,5,THEFT,405,NORTH CENTER
2024,5,WEAPONS VIOLATION,4,NORTH CENTER
2024,6,ARSON,1,LAKE VIEW
2024,6,ASSAULT,346,LAKE VIEW
2024,6,BATTERY,867,LAKE VIEW
2024,6,BURGLARY,299,LAKE VIEW
2024,6,CONCEALED CARRY LICENSE VIOLATION,1,LAKE VIEW
2024,6,CRIMINAL DAMAGE,544,LAKE VIEW
2024,6,CRIMINAL SEXUAL ASSAULT,65,LAKE VIEW
2024,6,CRIMINAL TRESPASS,166,LAKE VIEW
2024,6,DECEPTIVE PRACTICE,700,LAKE VIEW
2024,6,HOMICIDE,2,LAKE VIEW
2024,6,INTERFERENCE WITH PUBLIC OFFICER,5,LAKE VIEW
2024,6,INTIMIDATION,3,LAKE VIEW
2024,6,KIDNAPPING,1,LAKE VIEW
2024,6,LIQUOR LAW VIOLATION,5,LAKE VIEW
2024,6,MOTOR VEHICLE THEFT,440,LAKE VIEW
2024,6,NARCOTICS,30,LAKE VIEW
2024,6,OBSCENITY,2,LAKE VIEW
2024,6,OFFENSE INVOLVING CHILDREN,11,LAKE VIEW
2024,6,OTHER OFFENSE,256,LAKE VIEW
2024,6,PROSTITUTION,2,LAKE VIEW
2024,6,PUBLIC PEACE VIOLATION,29,LAKE VIEW
2024,6,ROBBERY,204,LAKE VIEW
2024,6,SEX OFFENSE,31,LAKE VIEW
2024,6,STALKING,8,LAKE VIEW
2024,6,THEFT,2760,LAKE VIEW
2024,6,WEAPONS VIOLATION,42,LAKE VIEW
2024,7,ARSON,2,LINCOLN PARK
2024,7,ASSAULT,177,LINCOLN PARK
2024,7,BATTERY,356,LINCOLN PARK
2024,7,BURGLARY,261,LINCOLN PARK
2024,7,CONCEALED CARRY LICENSE VIOLATION,3,LINCOLN PARK
2024,7,CRIMINAL DAMAGE,419,LINCOLN PARK
2024,7,CRIMINAL SEXUAL ASSAULT,18,LINCOLN PARK
2024,7,CRIMINAL TRESPASS,92,LINCOLN PARK
2024,7,DECEPTIVE PRACTICE,336,LINCOLN PARK
2024,7,HOMICIDE,1,LINCOLN PARK
2024,7,INTERFERENCE WITH PUBLIC OFFICER,4,LINCOLN PARK
2024,7,INTIMIDATION,2,LINCOLN PARK
2024,7,KIDNAPPING,1,LINCOLN PARK
2024,7,LIQUOR LAW VIOLATION,3,LINCOLN PARK
2024,7,MOTOR VEHICLE THEFT,309,LINCOLN PARK
2024,7,NARCOTICS,10,LINCOLN PARK
2024,7,OBSCENITY,1,LINCOLN PARK
2024,7,OFFENSE INVOLVING CHILDREN,7,LINCOLN PARK
2024,7,OTHER NARCOTIC VIOLATION,1,LINCOLN PARK
2024,7,OTHER OFFENSE,112,LINCOLN PARK
2024,7,PUBLIC PEACE VIOLATION,5,LINCOLN PARK
2024,7,ROBBERY,102,LINCOLN PARK
2024,7,SEX OFFENSE,15,LINCOLN PARK
2024,7,STALKING,8,LINCOLN PARK
2024,7,THEFT,2044,LINCOLN PARK
2024,7,WEAPONS VIOLATION,22,LINCOLN PARK
2024,8,ARSON,2,NEAR NORTH SIDE
2024,8,ASSAULT,675,NEAR NORTH SIDE
2024,8,BATTERY,1570,NEAR NORTH SIDE
2024,8,BURGLARY,238,NEAR NORTH SIDE
2024,8,CONCEALED CARRY LICENSE VIOLATION,5,NEAR NORTH SIDE
2024,8,CRIMINAL DAMAGE,735,NEAR NORTH SIDE
2024,8,CRIMINAL SEXUAL ASSAULT,124,NEAR NORTH SIDE
2024,8,CRIMINAL TRESPASS,390,NEAR NORTH SIDE
2024,8,DECEPTIVE PRACTICE,1244,NEAR NORTH SIDE
2024,8,GAMBLING,1,NEAR NORTH SIDE
2024,8,HOMICIDE,6,NEAR NORTH SIDE
2024,8,INTERFERENCE WITH PUBLIC OFFICER,23,NEAR NORTH SIDE
2024,8,INTIMIDATION,4,NEAR NORTH SIDE
2024,8,KIDNAPPING,4,NEAR NORTH SIDE
2024,8,LIQUOR LAW VIOLATION,20,NEAR NORTH SIDE
2024,8,MOTOR VEHICLE THEFT,506,NEAR NORTH SIDE
2024,8,NARCOTICS,138,NEAR NORTH SIDE
2024,8,NON-CRIMINAL,1,NEAR NORTH SIDE
2024,8,OFFENSE INVOLVING CHILDREN,23,NEAR NORTH SIDE
2024,8,OTHER OFFENSE,448,NEAR NORTH SIDE
2024,8,PROSTITUTION,1,NEAR NORTH SIDE
2024,8,PUBLIC PEACE VIOLATION,55,NEAR NORTH SIDE
2024,8,ROBBERY,367,NEAR NORTH SIDE
2024,8,SEX OFFENSE,46,NEAR NORTH SIDE
2024,8,STALKING,16,NEAR NORTH SIDE
2024,8,THEFT,4456,NEAR NORTH SIDE
2024,8,WEAPONS VIOLATION,324,NEAR NORTH SIDE
2024,9,ASSAULT,15,EDISON PARK
2024,9,BATTERY,27,EDISON PARK
2024,9,BURGLARY,8,EDISON PARK
2024,9,CRIMINAL DAMAGE,39,EDISON PARK
2024,9,CRIMINAL TRESPASS,7,EDISON PARK
2024,9,DECEPTIVE PRACTICE,64,EDISON PARK
2024,9,MOTOR VEHICLE THEFT,14,EDISON PARK
2024,9,OFFENSE INVOLVING CHILDREN,1,EDISON PARK
2024,9,OTHER OFFENSE,28,EDISON PARK
2024,9,PUBLIC PEACE VIOLATION,1,EDISON PARK
2024,9,ROBBERY,3,EDISON PARK
2024,9,SEX OFFENSE,1,EDISON PARK
2024,9,THEFT,73,EDISON PARK
2024,9,WEAPONS VIOLATION,1,EDISON PARK
2024,10,ASSAULT,78,NORWOOD PARK
2024,10,BATTERY,188,NORWOOD PARK
2024,10,BURGLARY,66,NORWOOD PARK
2024,10,CRIMINAL DAMAGE,115,NORWOOD PARK
2024,10,CRIMINAL SEXUAL ASSAULT,7,NORWOOD PARK
2024,10,CRIMINAL TRESPASS,36,NORWOOD PARK
2024,10,DECEPTIVE PRACTICE,211,NORWOOD PARK
2024,10,KIDNAPPING,2,NORWOOD PARK
2024,10,LIQUOR LAW VIOLATION,1,NORWOOD PARK
2024,10,MOTOR VEHICLE THEFT,72,NORWOOD PARK
2024,10,NARCOTICS,7,NORWOOD PARK
2024,10,OBSCENITY,1,NORWOOD PARK
2024,10,OFFENSE INVOLVING CHILDREN,9,NORWOOD PARK
2024,10,OTHER NARCOTIC VIOLATION,1,NORWOOD PARK
2024,10,OTHER OFFENSE,100,NORWOOD PARK
2024,10,PROSTITUTION,1,NORWOOD PARK
2024,10,PUBLIC PEACE VIOLATION,3,NORWOOD PARK
2024,10,ROBBERY,15,NORWOOD PARK
2024,10,SEX OFFENSE,5,NORWOOD PARK
2024,10,STALKING,3,NORWOOD PARK
2024,10,THEFT,342,NORWOOD PARK
2024,10,WEAPONS VIOLATION,4,NORWOOD PARK
2024,11,ARSON,3,JEFFERSON PARK
2024,11,ASSAULT,77,JEFFERSON PARK
2024,11,BATTERY,184,JEFFERSON PARK
2024,11,BURGLARY,49,JEFFERSON PARK
2024,11,CRIMINAL DAMAGE,105,JEFFERSON PARK
2024,11,CRIMINAL TRESPASS,36,JEFFERSON PARK
2024,11,DECEPTIVE PRACTICE,126,JEFFERSON PARK
2024,11,HOMICIDE,2,JEFFERSON PARK
2024,11,INTERFERENCE WITH PUBLIC OFFICER,1,JEFFERSON PARK
2024,11,INTIMIDATION,1,JEFFERSON PARK
2024,11,KIDNAPPING,2,JEFFERSON PARK
2024,11,MOTOR VEHICLE THEFT,80,JEFFERSON PARK
2024,11,NARCOTICS,12,JEFFERSON PARK
2024,11,OFFENSE INVOLVING CHILDREN,4,JEFFERSON PARK
2024,11,OTHER OFFENSE,81,JEFFERSON PARK
2024,11,PROSTITUTION,1,JEFFERSON PARK
2024,11,PUBLIC PEACE VIOLATION,2,JEFFERSON PARK
2024,11,ROBBERY,19,JEFFERSON PARK
2024,11,SEX OFFENSE,6,JEFFERSON PARK
2024,11,STALKING,5,JEFFERSON PARK
2024,11,THEFT,245,JEFFERSON PARK
2024,11,WEAPONS VIOLATION,9,JEFFERSON PARK
2024,12,ASSAULT,25,FOREST GLEN
2024,12,BATTERY,58,FOREST GLEN
2024,12,BURGLARY,29,FOREST GLEN
2024,12,CRIMINAL DAMAGE,59,FOREST GLEN
2024,12,CRIMINAL SEXUAL ASSAULT,2,FOREST GLEN
2024,12,CRIMINAL TRESPASS,18,FOREST GLEN
2024,12,DECEPTIVE PRACTICE,88,FOREST GLEN
2024,12,INTERFERENCE WITH PUBLIC OFFICER,1,FOREST GLEN
2024,12,MOTOR VEHICLE THEFT,53,FOREST GLEN
2024,12,NARCOTICS,4,FOREST GLEN
2024,12,OFFENSE INVOLVING CHILDREN,1,FOREST GLEN
2024,12,OTHER OFFENSE,37,FOREST GLEN
2024,12,ROBBERY,8,FOREST GLEN
2024,12,SEX OFFENSE,4,FOREST GLEN
2024,12,THEFT,147,FOREST GLEN
2024,12,WEAPONS VIOLATION,8,FOREST GLEN
2024,13,ASSAULT,98,NORTH PARK
2024,13,BATTERY,198,NORTH PARK
2024,13,BURGLARY,38,NORTH PARK
2024,13,CRIMINAL DAMAGE,104,NORTH PARK
2024,13,CRIMINAL SEXUAL ASSAULT,6,NORTH PARK
2024,13,CRIMINAL TRESPASS,24,NORTH PARK
2024,13,DECEPTIVE PRACTICE,65,NORTH PARK
2024,13,INTIMIDATION,3,NORTH PARK
2024,13,MOTOR VEHICLE THEFT,73,NORTH PARK
2024,13,NARCOTICS,11,NORTH PARK
2024,13,OFFENSE INVOLVING CHILDREN,7,NORTH PARK
2024,13,OTHER OFFENSE,52,NORTH PARK
2024,13,PROSTITUTION,1,NORTH PARK
2024,13,PUBLIC PEACE VIOLATION,3,NORTH PARK
2024,13,ROBBERY,23,NORTH PARK
2024,13,SEX OFFENSE,7,NORTH PARK
2024,13,STALKING,3,NORTH PARK
2024,13,THEFT,315,NORTH PARK
2024,13,WEAPONS VIOLATION,14,NORTH PARK
2024,14,ARSON,3,ALBANY PARK
2024,14,ASSAULT,198,ALBANY PARK
2024,14,BATTERY,489,ALBANY PARK
2024,14,BURGLARY,107,ALBANY PARK
2024,14,CONCEALED CARRY LICENSE VIOLATION,2,ALBANY PARK
2024,14,CRIMINAL DAMAGE,309,ALBANY PARK
2024,14,CRIMINAL SEXUAL ASSAULT,22,ALBANY PARK
2024,14,CRIMINAL TRESPASS,54,ALBANY PARK
2024,14,DECEPTIVE PRACTICE,162,ALBANY PARK
2024,14,HOMICIDE,6,ALBANY PARK
2024,14,INTERFERENCE WITH PUBLIC OFFICER,1,ALBANY PARK
2024,14,INTIMIDATION,6,ALBANY PARK
2024,14,LIQUOR LAW VIOLATION,3,ALBANY PARK
2024,14,MOTOR VEHICLE THEFT,154,ALBANY PARK
2024,14,NARCOTICS,32,ALBANY PARK
2024,14,OFFENSE INVOLVING CHILDREN,13,ALBANY PARK
2024,14,OTHER OFFENSE,186,ALBANY PARK
2024,14,PROSTITUTION,2,ALBANY PARK
2024,14,PUBLIC PEACE VIOLATION,6,ALBANY PARK
2024,14,ROBBERY,68,ALBANY PARK
2024,14,SEX OFFENSE,18,ALBANY PARK
2024,14,STALKING,3,ALBANY PARK
2024,14,THEFT,603,ALBANY PARK
2024,14,WEAPONS VIOLATION,28,ALBANY PARK
2024,15,ARSON,7,PORTAGE PARK
2024,15,ASSAULT,232,PORTAGE PARK
2024,15,BATTERY,482,PORTAGE PARK
2024,15,BURGLARY,130,PORTAGE PARK
2024,15,CONCEALED CARRY LICENSE VIOLATION,1,PORTAGE PARK
2024,15,CRIMINAL DAMAGE,331,PORTAGE PARK
2024,15,CRIMINAL SEXUAL ASSAULT,15,PORTAGE PARK
2024,15,CRIMINAL TRESPASS,63,PORTAGE PARK
2024,15,DECEPTIVE PRACTICE,298,PORTAGE PARK
2024,15,HOMICIDE,1,PORTAGE PARK
2024,15,INTERFERENCE WITH PUBLIC OFFICER,5,PORTAGE PARK
2024,15,INTIMIDATION,1,PORTAGE PARK
2024,15,KIDNAPPING,3,PORTAGE PARK
2024,15,LIQUOR LAW VIOLATION,12,PORTAGE PARK
2024,15,MOTOR VEHICLE THEFT,257,PORTAGE PARK
2024,15,NARCOTICS,54,PORTAGE PARK
2024,15,OBSCENITY,2,PORTAGE PARK
2024,15,OFFENSE INVOLVING CHILDREN,25,PORTAGE PARK
2024,15,OTHER OFFENSE,275,PORTAGE PARK
2024,15,PUBLIC PEACE VIOLATION,9,PORTAGE PARK
2024,15,ROBBERY,74,PORTAGE PARK
2024,15,SEX OFFENSE,19,PORTAGE PARK
2024,15,STALKING,10,PORTAGE PARK
2024,15,THEFT,862,PORTAGE PARK
2024,15,WEAPONS VIOLATION,43,PORTAGE PARK
2024,16,ARSON,7,IRVING PARK
2024,16,ASSAULT,205,IRVING PARK
2024,16,BATTERY,455,IRVING PARK
2024,16,BURGLARY,137,IRVING PARK
2024,16,CRIMINAL DAMAGE,299,IRVING PARK
2024,16,CRIMINAL SEXUAL ASSAULT,14,IRVING PARK
2024,16,CRIMINAL TRESPASS,54,IRVING PARK
2024,16,DECEPTIVE PRACTICE,196,IRVING PARK
2024,16,HOMICIDE,2,IRVING PARK
2024,16,INTERFERENCE WITH PUBLIC OFFICER,2,IRVING PARK
2024,16,INTIMIDATION,1,IRVING PARK
2024,16,LIQUOR LAW VIOLATION,7,IRVING PARK
2024,16,MOTOR VEHICLE THEFT,237,IRVING PARK
2024,16,NARCOTICS,35,IRVING PARK
2024,16,OBSCENITY,1,IRVING PARK
2024,16,OFFENSE INVOLVING CHILDREN,15,IRVING PARK
2024,16,OTHER OFFENSE,222,IRVING PARK
2024,16,PROSTITUTION,1,IRVING PARK
2024,16,PUBLIC PEACE VIOLATION,8,IRVING PARK
2024,16,ROBBERY,86,IRVING PARK
2024,16,SEX OFFENSE,20,IRVING PARK
2024,16,STALKING,10,IRVING PARK
2024,16,THEFT,658,IRVING PARK
2024,16,WEAPONS VIOLATION,44,IRVING PARK
2024,17,ARSON,2,DUNNING
2024,17,ASSAULT,138,DUNNING
2024,17,BATTERY,309,DUNNING
2024,17,BURGLARY,69,DUNNING
2024,17,CRIMINAL DAMAGE,196,DUNNING
2024,17,CRIMINAL SEXUAL ASSAULT,5,DUNNING
2024,17,CRIMINAL TRESPASS,43,DUNNING
2024,17,DECEPTIVE PRACTICE,227,DUNNING
2024,17,HOMICIDE,1,DUNNING
2024,17,INTERFERENCE WITH PUBLIC OFFICER,1,DUNNING
2024,17,LIQUOR LAW VIOLATION,2,DUNNING
2024,17,MOTOR VEHICLE THEFT,152,DUNNING
2024,17,NARCOTICS,11,DUNNING
2024,17,OFFENSE INVOLVING CHILDREN,14,DUNNING
2024,17,OTHER OFFENSE,146,DUNNING
2024,17,PUBLIC PEACE VIOLATION,1,DUNNING
2024,17,ROBBERY,26,DUNNING
2024,17,SEX OFFENSE,12,DUNNING
2024,17,STALKING,2,DUNNING
2024,17,THEFT,334,DUNNING
2024,17,WEAPONS VIOLATION,19,DUNNING
2024,18,ASSAULT,62,MONTCLARE
2024,18,BATTERY,100,MONTCLARE
2024,18,BURGLARY,22,MONTCLARE
2024,18,CRIMINAL DAMAGE,96,MONTCLARE
2024,18,CRIMINAL SEXUAL ASSAULT,3,MONTCLARE
2024,18,CRIMINAL TRESPASS,15,MONTCLARE
2024,18,DECEPTIVE PRACTICE,67,MONTCLARE
2024,18,INTIMIDATION,1,MONTCLARE
2024,18,MOTOR VEHICLE THEFT,55,MONTCLARE
2024,18,NARCOTICS,3,MONTCLARE
2024,18,OFFENSE INVOLVING CHILDREN,6,MONTCLARE
2024,18,OTHER OFFENSE,46,MONTCLARE
2024,18,PUBLIC PEACE VIOLATION,1,MONTCLARE
2024,18,ROBBERY,11,MONTCLARE
2024,18,STALKING,1,MONTCLARE
2024,18,THEFT,172,MONTCLARE
2024,18,WEAPONS VIOLATION,9,MONTCLARE
2024,19,ARSON,8,BELMONT CRAGIN
2024,19,ASSAULT,456,BELMONT CRAGIN
2024,19,BATTERY,870,BELMONT CRAGIN
2024,19,BURGLARY,127,BELMONT CRAGIN
2024,19,CRIMINAL DAMAGE,458,BELMONT CRAGIN
2024,19,CRIMINAL SEXUAL ASSAULT,22,BELMONT CRAGIN
2024,19,CRIMINAL TRESPASS,65,BELMONT CRAGIN
2024,19,DECEPTIVE PRACTICE,325,BELMONT CRAGIN
2024,19,HOMICIDE,4,BELMONT CRAGIN
2024,19,HUMAN TRAFFICKING,2,BELMONT CRAGIN
2024,19,INTERFERENCE WITH PUBLIC OFFICER,6,BELMONT CRAGIN
2024,19,INTIMIDATION,4,BELMONT CRAGIN
2024,19,LIQUOR LAW VIOLATION,9,BELMONT CRAGIN
2024,19,MOTOR VEHICLE THEFT,363,BELMONT CRAGIN
2024,19,NARCOTICS,58,BELMONT CRAGIN
2024,19,OBSCENITY,1,BELMONT CRAGIN
2024,19,OFFENSE INVOLVING CHILDREN,45,BELMONT CRAGIN
2024,19,OTHER OFFENSE,466,BELMONT CRAGIN
2024,19,PROSTITUTION,3,BELMONT CRAGIN
2024,19,PUBLIC PEACE VIOLATION,10,BELMONT CRAGIN
2024,19,ROBBERY,165,BELMONT CRAGIN
2024,19,SEX OFFENSE,42,BELMONT CRAGIN
2024,19,STALKING,23,BELMONT CRAGIN
2024,19,THEFT,1065,BELMONT CRAGIN
2024,19,WEAPONS VIOLATION,114,BELMONT CRAGIN
2024,20,ARSON,2,HERMOSA
2024,20,ASSAULT,162,HERMOSA
2024,20,BATTERY,301,HERMOSA
2024,20,BURGLARY,43,HERMOSA
2024,20,CONCEALED CARRY LICENSE VIOLATION,3,HERMOSA
2024,20,CRIMINAL DAMAGE,151,HERMOSA
2024,20,CRIMINAL SEXUAL ASSAULT,9,HERMOSA
2024,20,CRIMINAL TRESPASS,20,HERMOSA
2024,20,DECEPTIVE PRACTICE,79,HERMOSA
2024,20,HOMICIDE,2,HERMOSA
2024,20,INTERFERENCE WITH PUBLIC OFFICER,2,HERMOSA
2024,20,KIDNAPPING,2,HERMOSA
2024,20,LIQUOR LAW VIOLATION,1,HERMOSA
2024,20,MOTOR VEHICLE THEFT,114,HERMOSA
2024,20,NARCOTICS,21,HERMOSA
2024,20,OFFENSE INVOLVING CHILDREN,25,HERMOSA
2024,20,OTHER OFFENSE,125,HERMOSA
2024,20,PUBLIC PEACE VIOLATION,5,HERMOSA
2024,20,ROBBERY,82,HERMOSA
2024,20,SEX OFFENSE,7,HERMOSA
2024,20,STALKING,1,HERMOSA
2024,20,THEFT,257,HERMOSA
2024,20,WEAPONS VIOLATION,49,HERMOSA
2024,21,ARSON,5,AVONDALE
2024,21,ASSAULT,189,AVONDALE
2024,21,BATTERY,323,AVONDALE
2024,21,BURGLARY,87,AVONDALE
2024,21,CRIMINAL DAMAGE,232,AVONDALE
2024,21,CRIMINAL SEXUAL ASSAULT,9,AVONDALE
2024,21,CRIMINAL TRESPASS,52,AVONDALE
2024,21,DECEPTIVE PRACTICE,139,AVONDALE
2024,21,INTERFERENCE WITH PUBLIC OFFICER,2,AVONDALE
2024,21,INTIMIDATION,3,AVONDALE
2024,21,KIDNAPPING,2,AVONDALE
2024,21,LIQUOR LAW VIOLATION,1,AVONDALE
2024,21,MOTOR VEHICLE THEFT,176,AVONDALE
2024,21,NARCOTICS,12,AVONDALE
2024,21,OBSCENITY,1,AVONDALE
2024,21,OFFENSE INVOLVING CHILDREN,9,AVONDALE
2024,21,OTHER OFFENSE,134,AVONDALE
2024,21,PUBLIC PEACE VIOLATION,14,AVONDALE
2024,21,ROBBERY,71,AVONDALE
2024,21,SEX OFFENSE,11,AVONDALE
2024,21,STALKING,9,AVONDALE
2024,21,THEFT,905,AVONDALE
2024,21,WEAPONS VIOLATION,28,AVONDALE
2024,22,ARSON,9,LOGAN SQUARE
2024,22,ASSAULT,302,LOGAN SQUARE
2024,22,BATTERY,687,LOGAN SQUARE
2024,22,BURGLARY,271,LOGAN SQUARE
2024,22,CONCEALED CARRY LICENSE VIOLATION,3,LOGAN SQUARE
2024,22,CRIMINAL DAMAGE,540,LOGAN SQUARE
2024,22,CRIMINAL SEXUAL ASSAULT,23,LOGAN SQUARE
2024,22,CRIMINAL TRESPASS,66,LOGAN SQUARE
2024,22,DECEPTIVE PRACTICE,313,LOGAN SQUARE
2024,22,GAMBLING,1,LOGAN SQUARE
2024,22,HOMICIDE,3,LOGAN SQUARE
2024,22,INTERFERENCE WITH PUBLIC OFFICER,5,LOGAN SQUARE
2024,22,INTIMIDATION,5,LOGAN SQUARE
2024,22,KIDNAPPING,2,LOGAN SQUARE
2024,22,LIQUOR LAW VIOLATION,4,LOGAN SQUARE
2024,22,MOTOR VEHICLE THEFT,517,LOGAN SQUARE
2024,22,NARCOTICS,25,LOGAN SQUARE
2024,22,OBSCENITY,4,LOGAN SQUARE
2024,22,OFFENSE INVOLVING CHILDREN,20,LOGAN SQUARE
2024,22,OTHER OFFENSE,275,LOGAN SQUARE
2024,22,PUBLIC PEACE VIOLATION,14,LOGAN SQUARE
2024,22,ROBBERY,187,LOGAN SQUARE
2024,22,SEX OFFENSE,27,LOGAN SQUARE
2024,22,STALKING,8,LOGAN SQUARE
2024,22,THEFT,2084,LOGAN SQUARE
2024,22,WEAPONS VIOLATION,58,LOGAN SQUARE
2024,23,ARSON,20,HUMBOLDT PARK
2024,23,ASSAULT,619,HUMBOLDT PARK
2024,23,BATTERY,1302,HUMBOLDT PARK
2024,23,BURGLARY,202,HUMBOLDT PARK
2024,23,CONCEALED CARRY LICENSE VIOLATION,7,HUMBOLDT PARK
2024,23,CRIMINAL DAMAGE,628,HUMBOLDT PARK
2024,23,CRIMINAL SEXUAL ASSAULT,33,HUMBOLDT PARK
2024,23,CRIMINAL TRESPASS,104,HUMBOLDT PARK
2024,23,DECEPTIVE PRACTICE,283,HUMBOLDT PARK
2024,23,GAMBLING,1,HUMBOLDT PARK
2024,23,HOMICIDE,17,HUMBOLDT PARK
2024,23,INTERFERENCE WITH PUBLIC OFFICER,18,HUMBOLDT PARK
2024,23,INTIMIDATION,1,HUMBOLDT PARK
2024,23,KIDNAPPING,3,HUMBOLDT PARK
2024,23,LIQUOR LAW VIOLATION,3,HUMBOLDT PARK
2024,23,MOTOR VEHICLE THEFT,517,HUMBOLDT PARK
2024,23,NARCOTICS,1086,HUMBOLDT PARK
2024,23,OBSCENITY,2,HUMBOLDT PARK
2024,23,OFFENSE INVOLVING CHILDREN,70,HUMBOLDT PARK
2024,23,OTHER OFFENSE,483,HUMBOLDT PARK
2024,23,PROSTITUTION,7,HUMBOLDT PARK
2024,23,PUBLIC PEACE VIOLATION,34,HUMBOLDT PARK
2024,23,ROBBERY,343,HUMBOLDT PARK
2024,23,SEX OFFENSE,38,HUMBOLDT PARK
2024,23,STALKING,10,HUMBOLDT PARK
2024,23,THEFT,943,HUMBOLDT PARK
2024,23,WEAPONS VIOLATION,268,HUMBOLDT PARK
2024,24,ARSON,4,WEST TOWN
2024,24,ASSAULT,466,WEST TOWN
2024,24,BATTERY,911,WEST TOWN
2024,24,BURGLARY,467,WEST TOWN
2024,24,CONCEALED CARRY LICENSE VIOLATION,3,WEST TOWN
2024,24,CRIMINAL DAMAGE,898,WEST TOWN
2024,24,CRIMINAL SEXUAL ASSAULT,29,WEST TOWN
2024,24,CRIMINAL TRESPASS,150,WEST TOWN
2024,24,DECEPTIVE PRACTICE,467,WEST TOWN
2024,24,GAMBLING,1,WEST TOWN
2024,24,HOMICIDE,3,WEST TOWN
2024,24,HUMAN TRAFFICKING,1,WEST TOWN
2024,24,INTERFERENCE WITH PUBLIC OFFICER,6,WEST TOWN
2024,24,INTIMIDATION,5,WEST TOWN
2024,24,KIDNAPPING,4,WEST TOWN
2024,24,LIQUOR LAW VIOLATION,10,WEST TOWN
2024,24,MOTOR VEHICLE THEFT,1059,WEST TOWN
2024,24,NARCOTICS,66,WEST TOWN
2024,24,OFFENSE INVOLVING CHILDREN,20,WEST TOWN
2024,24,OTHER OFFENSE,286,WEST TOWN
2024,24,PUBLIC PEACE VIOLATION,24,WEST TOWN
2024,24,ROBBERY,313,WEST TOWN
2024,24,SEX OFFENSE,37,WEST TOWN
2024,24,STALKING,20,WEST TOWN
2024,24,THEFT,2662,WEST TOWN
2024,24,WEAPONS VIOLATION,88,WEST TOWN
2024,25,ARSON,30,AUSTIN
2024,25,ASSAULT,1349,AUSTIN
2024,25,BATTERY,2839,AUSTIN
2024,25,BURGLARY,327,AUSTIN
2024,25,CONCEALED CARRY LICENSE VIOLATION,1,AUSTIN
2024,25,CRIMINAL DAMAGE,1370,AUSTIN
2024,25,CRIMINAL SEXUAL ASSAULT,104,AUSTIN
2024,25,CRIMINAL TRESPASS,169,AUSTIN
2024,25,DECEPTIVE PRACTICE,605,AUSTIN
2024,25,GAMBLING,1,AUSTIN
2024,25,HOMICIDE,49,AUSTIN
2024,25,HUMAN TRAFFICKING,3,AUSTIN
2024,25,INTERFERENCE WITH PUBLIC OFFICER,30,AUSTIN
2024,25,INTIMIDATION,7,AUSTIN
2024,25,KIDNAPPING,1,AUSTIN
2024,25,LIQUOR LAW VIOLATION,5,AUSTIN
2024,25,MOTOR VEHICLE THEFT,1021,AUSTIN
2024,25,NARCOTICS,677,AUSTIN
2024,25,OFFENSE INVOLVING CHILDREN,102,AUSTIN
2024,25,OTHER OFFENSE,845,AUSTIN
2024,25,PROSTITUTION,107,AUSTIN
2024,25,PUBLIC PEACE VIOLATION,49,AUSTIN
2024,25,ROBBERY,625,AUSTIN
2024,25,SEX OFFENSE,51,AUSTIN
2024,25,STALKING,13,AUSTIN
2024,25,THEFT,2070,AUSTIN
2024,25,WEAPONS VIOLATION,500,AUSTIN
2024,26,ARSON,9,WEST GARFIELD PARK
2024,26,ASSAULT,394,WEST GARFIELD PARK
2024,26,BATTERY,813,WEST GARFIELD PARK
2024,26,BURGLARY,71,WEST GARFIELD PARK
2024,26,CONCEALED CARRY LICENSE VIOLATION,3,WEST GARFIELD PARK
2024,26,CRIMINAL DAMAGE,419,WEST GARFIELD PARK
2024,26,CRIMINAL SEXUAL ASSAULT,21,WEST GARFIELD PARK
2024,26,CRIMINAL TRESPASS,58,WEST GARFIELD PARK
2024,26,DECEPTIVE PRACTICE,110,WEST GARFIELD PARK
2024,26,HOMICIDE,17,WEST GARFIELD PARK
2024,26,INTERFERENCE WITH PUBLIC OFFICER,13,WEST GARFIELD PARK
2024,26,INTIMIDATION,1,WEST GARFIELD PARK
2024,26,KIDNAPPING,1,WEST GARFIELD PARK
2024,26,LIQUOR LAW VIOLATION,3,WEST GARFIELD PARK
2024,26,MOTOR VEHICLE THEFT,269,WEST GARFIELD PARK
2024,26,NARCOTICS,513,WEST GARFIELD PARK
2024,26,OBSCENITY,1,WEST GARFIELD PARK
2024,26,OFFENSE INVOLVING CHILDREN,23,WEST GARFIELD PARK
2024,26,OTHER OFFENSE,231,WEST GARFIELD PARK
2024,26,PROSTITUTION,53,WEST GARFIELD PARK
2024,26,PUBLIC PEACE VIOLATION,18,WEST GARFIELD PARK
2024,26,ROBBERY,178,WEST GARFIELD PARK
2024,26,SEX OFFENSE,10,WEST GARFIELD PARK
2024,26,STALKING,3,WEST GARFIELD PARK
2024,26,THEFT,341,WEST GARFIELD PARK
2024,26,WEAPONS VIOLATION,200,WEST GARFIELD PARK
2024,27,ARSON,6,EAST GARFIELD PARK
2024,27,ASSAULT,429,EAST GARFIELD PARK
2024,27,BATTERY,920,EAST GARFIELD PARK
2024,27,BURGLARY,103,EAST GARFIELD PARK
2024,27,CRIMINAL DAMAGE,416,EAST GARFIELD PARK
2024,27,CRIMINAL SEXUAL ASSAULT,33,EAST GARFIELD PARK
2024,27,CRIMINAL TRESPASS,60,EAST GARFIELD PARK
2024,27,DECEPTIVE PRACTICE,119,EAST GARFIELD PARK
2024,27,HOMICIDE,17,EAST GARFIELD PARK
2024,27,INTERFERENCE WITH PUBLIC OFFICER,19,EAST GARFIELD PARK
2024,27,INTIMIDATION,1,EAST GARFIELD PARK
2024,27,KIDNAPPING,3,EAST GARFIELD PARK
2024,27,MOTOR VEHICLE THEFT,270,EAST GARFIELD PARK
2024,27,NARCOTICS,207,EAST GARFIELD PARK
2024,27,OFFENSE INVOLVING CHILDREN,32,EAST GARFIELD PARK
2024,27,OTHER NARCOTIC VIOLATION,1,EAST GARFIELD PARK
2024,27,OTHER OFFENSE,279,EAST GARFIELD PARK
2024,27,PUBLIC PEACE VIOLATION,18,EAST GARFIELD PARK
2024,27,ROBBERY,177,EAST GARFIELD PARK
2024,27,SEX OFFENSE,18,EAST GARFIELD PARK
2024,27,STALKING,15,EAST GARFIELD PARK
2024,27,THEFT,551,EAST GARFIELD PARK
2024,27,WEAPONS VIOLATION,171,EAST GARFIELD PARK
2024,28,ARSON,10,NEAR WEST SIDE
2024,28,ASSAULT,909,NEAR WEST SIDE
2024,28,BATTERY,1549,NEAR WEST SIDE
2024,28,BURGLARY,341,NEAR WEST SIDE
2024,28,CONCEALED CARRY LICENSE VIOLATION,8,NEAR WEST SIDE
2024,28,CRIMINAL DAMAGE,1232,NEAR WEST SIDE
2024,28,CRIMINAL SEXUAL ASSAULT,79,NEAR WEST SIDE
2024,28,CRIMINAL TRESPASS,273,NEAR WEST SIDE
2024,28,DECEPTIVE PRACTICE,739,NEAR WEST SIDE
2024,28,GAMBLING,1,NEAR WEST SIDE
2024,28,HOMICIDE,16,NEAR WEST SIDE
2024,28,INTERFERENCE WITH PUBLIC OFFICER,31,NEAR WEST SIDE
2024,28,INTIMIDATION,11,NEAR WEST SIDE
2024,28,KIDNAPPING,3,NEAR WEST SIDE
2024,28,LIQUOR LAW VIOLATION,10,NEAR WEST SIDE
2024,28,MOTOR VEHICLE THEFT,888,NEAR WEST SIDE
2024,28,NARCOTICS,191,NEAR WEST SIDE
2024,28,OBSCENITY,3,NEAR WEST SIDE
2024,28,OFFENSE INVOLVING CHILDREN,39,NEAR WEST SIDE
2024,28,OTHER OFFENSE,517,NEAR WEST SIDE
2024,28,PUBLIC PEACE VIOLATION,56,NEAR WEST SIDE
2024,28,ROBBERY,424,NEAR WEST SIDE
2024,28,SEX OFFENSE,35,NEAR WEST SIDE
2024,28,STALKING,25,NEAR WEST SIDE
2024,28,THEFT,3411,NEAR WEST SIDE
2024,28,WEAPONS VIOLATION,156,NEAR WEST SIDE
2024,29,ARSON,18,NORTH LAWNDALE
2024,29,ASSAULT,755,NORTH LAWNDALE
2024,29,BATTERY,1605,NORTH LAWNDALE
2024,29,BURGLARY,131,NORTH LAWNDALE
2024,29,CONCEALED CARRY LICENSE VIOLATION,6,NORTH LAWNDALE
2024,29,CRIMINAL DAMAGE,804,NORTH LAWNDALE
2024,29,CRIMINAL SEXUAL ASSAULT,57,NORTH LAWNDALE
2024,29,CRIMINAL TRESPASS,90,NORTH LAWNDALE
2024,29,DECEPTIVE PRACTICE,189,NORTH LAWNDALE
2024,29,HOMICIDE,28,NORTH LAWNDALE
2024,29,HUMAN TRAFFICKING,3,NORTH LAWNDALE
2024,29,INTERFERENCE WITH PUBLIC OFFICER,25,NORTH LAWNDALE
2024,29,INTIMIDATION,3,NORTH LAWNDALE
2024,29,KIDNAPPING,2,NORTH LAWNDALE
2024,29,LIQUOR LAW VIOLATION,7,NORTH LAWNDALE
2024,29,MOTOR VEHICLE THEFT,410,NORTH LAWNDALE
2024,29,NARCOTICS,510,NORTH LAWNDALE
2024,29,OBSCENITY,1,NORTH LAWNDALE
2024,29,OFFENSE INVOLVING CHILDREN,48,NORTH LAWNDALE
2024,29,OTHER OFFENSE,429,NORTH LAWNDALE
2024,29,PROSTITUTION,4,NORTH LAWNDALE
2024,29,PUBLIC PEACE VIOLATION,28,NORTH LAWNDALE
2024,29,ROBBERY,312,NORTH LAWNDALE
2024,29,SEX OFFENSE,29,NORTH LAWNDALE
2024,29,STALKING,10,NORTH LAWNDALE
2024,29,THEFT,825,NORTH LAWNDALE
2024,29,WEAPONS VIOLATION,275,NORTH LAWNDALE
2024,30,ARSON,14,SOUTH LAWNDALE
2024,30,ASSAULT,480,SOUTH LAWNDALE
2024,30,BATTERY,1018,SOUTH LAWNDALE
2024,30,BURGLARY,61,SOUTH LAWNDALE
2024,30,CONCEALED CARRY LICENSE VIOLATION,2,SOUTH LAWNDALE
2024,30,CRIMINAL DAMAGE,486,SOUTH LAWNDALE
2024,30,CRIMINAL SEXUAL ASSAULT,34,SOUTH LAWNDALE
2024,30,CRIMINAL TRESPASS,49,SOUTH LAWNDALE
2024,30,DECEPTIVE PRACTICE,186,SOUTH LAWNDALE
2024,30,HOMICIDE,24,SOUTH LAWNDALE
2024,30,HUMAN TRAFFICKING,1,SOUTH LAWNDALE
2024,30,INTERFERENCE WITH PUBLIC OFFICER,8,SOUTH LAWNDALE
2024,30,INTIMIDATION,5,SOUTH LAWNDALE
2024,30,KIDNAPPING,1,SOUTH LAWNDALE
2024,30,LIQUOR LAW VIOLATION,3,SOUTH LAWNDALE
2024,30,MOTOR VEHICLE THEFT,231,SOUTH LAWNDALE
2024,30,NARCOTICS,76,SOUTH LAWNDALE
2024,30,OBSCENITY,2,SOUTH LAWNDALE
2024,30,OFFENSE INVOLVING CHILDREN,36,SOUTH LAWNDALE
2024,30,OTHER OFFENSE,300,SOUTH LAWNDALE
2024,30,PUBLIC PEACE VIOLATION,31,SOUTH LAWNDALE
2024,30,ROBBERY,239,SOUTH LAWNDALE
2024,30,SEX OFFENSE,28,SOUTH LAWNDALE
2024,30,STALKING,6,SOUTH LAWNDALE
2024,30,THEFT,736,SOUTH LAWNDALE
2024,30,WEAPONS VIOLATION,211,SOUTH LAWNDALE
2024,31,ARSON,4,LOWER WEST SIDE
2024,31,ASSAULT,282,LOWER WEST SIDE
2024,31,BATTERY,629,LOWER WEST SIDE
2024,31,BURGLARY,94,LOWER WEST SIDE
2024,31,CONCEALED CARRY LICENSE VIOLATION,5,LOWER WEST SIDE
2024,31,CRIMINAL DAMAGE,370,LOWER WEST SIDE
2024,31,CRIMINAL SEXUAL ASSAULT,10,LOWER WEST SIDE
2024,31,CRIMINAL TRESPASS,48,LOWER WEST SIDE
2024,31,DECEPTIVE PRACTICE,160,LOWER WEST SIDE
2024,31,HOMICIDE,9,LOWER WEST SIDE
2024,31,INTERFERENCE WITH PUBLIC OFFICER,10,LOWER WEST SIDE
2024,31,INTIMIDATION,3,LOWER WEST SIDE
2024,31,KIDNAPPING,1,LOWER WEST SIDE
2024,31,LIQUOR LAW VIOLATION,3,LOWER WEST SIDE
2024,31,MOTOR VEHICLE THEFT,272,LOWER WEST SIDE
2024,31,NARCOTICS,31,LOWER WEST SIDE
2024,31,OFFENSE INVOLVING CHILDREN,19,LOWER WEST SIDE
2024,31,OTHER NARCOTIC VIOLATION,1,LOWER WEST SIDE
2024,31,OTHER OFFENSE,204,LOWER WEST SIDE
2024,31,PUBLIC INDECENCY,2,LOWER WEST SIDE
2024,31,PUBLIC PEACE VIOLATION,20,LOWER WEST SIDE
2024,31,ROBBERY,120,LOWER WEST SIDE
2024,31,SEX OFFENSE,14,LOWER WEST SIDE
2024,31,STALKING,11,LOWER WEST SIDE
2024,31,THEFT,756,LOWER WEST SIDE
2024,31,WEAPONS VIOLATION,94,LOWER WEST SIDE
2024,32,ARSON,10,LOOP
2024,32,ASSAULT,471,LOOP
2024,32,BATTERY,1187,LOOP
2024,32,BURGLARY,125,LOOP
2024,32,CONCEALED CARRY LICENSE VIOLATION,10,LOOP
2024,32,CRIMINAL DAMAGE,640,LOOP
2024,32,CRIMINAL SEXUAL ASSAULT,42,LOOP
2024,32,CRIMINAL TRESPASS,338,LOOP
2024,32,DECEPTIVE PRACTICE,1017,LOOP
2024,32,GAMBLING,5,LOOP
2024,32,HOMICIDE,4,LOOP
2024,32,INTERFERENCE WITH PUBLIC OFFICER,62,LOOP
2024,32,INTIMIDATION,12,LOOP
2024,32,KIDNAPPING,1,LOOP
2024,32,LIQUOR LAW VIOLATION,4,LOOP
2024,32,MOTOR VEHICLE THEFT,509,LOOP
2024,32,NARCOTICS,279,LOOP
2024,32,OBSCENITY,1,LOOP
2024,32,OFFENSE INVOLVING CHILDREN,9,LOOP
2024,32,OTHER OFFENSE,337,LOOP
2024,32,PROSTITUTION,1,LOOP
2024,32,PUBLIC INDECENCY,1,LOOP
2024,32,PUBLIC PEACE VIOLATION,78,LOOP
2024,32,ROBBERY,322,LOOP
2024,32,SEX OFFENSE,38,LOOP
2024,32,STALKING,13,LOOP
2024,32,THEFT,3675,LOOP
2024,32,WEAPONS VIOLATION,131,LOOP
2024,33,ARSON,2,NEAR SOUTH SIDE
2024,33,ASSAULT,197,NEAR SOUTH SIDE
2024,33,BATTERY,463,NEAR SOUTH SIDE
2024,33,BURGLARY,82,NEAR SOUTH SIDE
2024,33,CONCEALED CARRY LICENSE VIOLATION,7,NEAR SOUTH SIDE
2024,33,CRIMINAL DAMAGE,297,NEAR SOUTH SIDE
2024,33,CRIMINAL SEXUAL ASSAULT,20,NEAR SOUTH SIDE
2024,33,CRIMINAL TRESPASS,80,NEAR SOUTH SIDE
2024,33,DECEPTIVE PRACTICE,201,NEAR SOUTH SIDE
2024,33,GAMBLING,1,NEAR SOUTH SIDE
2024,33,HOMICIDE,4,NEAR SOUTH SIDE
2024,33,INTERFERENCE WITH PUBLIC OFFICER,14,NEAR SOUTH SIDE
2024,33,INTIMIDATION,1,NEAR SOUTH SIDE
2024,33,KIDNAPPING,1,NEAR SOUTH SIDE
2024,33,MOTOR VEHICLE THEFT,265,NEAR SOUTH SIDE
2024,33,NARCOTICS,60,NEAR SOUTH SIDE
2024,33,OBSCENITY,2,NEAR SOUTH SIDE
2024,33,OFFENSE INVOLVING CHILDREN,9,NEAR SOUTH SIDE
2024,33,OTHER OFFENSE,165,NEAR SOUTH SIDE
2024,33,PROSTITUTION,1,NEAR SOUTH SIDE
2024,33,PUBLIC PEACE VIOLATION,22,NEAR SOUTH SIDE
2024,33,ROBBERY,59,NEAR SOUTH SIDE
2024,33,SEX OFFENSE,21,NEAR SOUTH SIDE
2024,33,STALKING,4,NEAR SOUTH SIDE
2024,33,THEFT,687,NEAR SOUTH SIDE
2024,33,WEAPONS VIOLATION,73,NEAR SOUTH SIDE
2024,34,ARSON,1,ARMOUR SQUARE
2024,34,ASSAULT,88,ARMOUR SQUARE
2024,34,BATTERY,192,ARMOUR SQUARE
2024,34,BURGLARY,37,ARMOUR SQUARE
2024,34,CONCEALED CARRY LICENSE VIOLATION,2,ARMOUR SQUARE
2024,34,CRIMINAL DAMAGE,104,ARMOUR SQUARE
2024,34,CRIMINAL SEXUAL ASSAULT,2,ARMOUR SQUARE
2024,34,CRIMINAL TRESPASS,19,ARMOUR SQUARE
2024,34,DECEPTIVE PRACTICE,74,ARMOUR SQUARE
2024,34,HOMICIDE,5,ARMOUR SQUARE
2024,34,INTERFERENCE WITH PUBLIC OFFICER,3,ARMOUR SQUARE
2024,34,KIDNAPPING,1,ARMOUR SQUARE
2024,34,LIQUOR LAW VIOLATION,2,ARMOUR SQUARE
2024,34,MOTOR VEHICLE THEFT,86,ARMOUR SQUARE
2024,34,NARCOTICS,10,ARMOUR SQUARE
2024,34,OFFENSE INVOLVING CHILDREN,5,ARMOUR SQUARE
2024,34,OTHER OFFENSE,47,ARMOUR SQUARE
2024,34,PROSTITUTION,3,ARMOUR SQUARE
2024,34,PUBLIC PEACE VIOLATION,11,ARMOUR SQUARE
2024,34,ROBBERY,96,ARMOUR SQUARE
2024,34,SEX OFFENSE,4,ARMOUR SQUARE
2024,34,STALKING,2,ARMOUR SQUARE
2024,34,THEFT,286,ARMOUR SQUARE
2024,34,WEAPONS VIOLATION,22,ARMOUR SQUARE
2024,35,ARSON,3,DOUGLAS
2024,35,ASSAULT,282,DOUGLAS
2024,35,BATTERY,552,DOUGLAS
2024,35,BURGLARY,68,DOUGLAS
2024,35,CONCEALED CARRY LICENSE VIOLATION,3,DOUGLAS
2024,35,CRIMINAL DAMAGE,331,DOUGLAS
2024,35,CRIMINAL SEXUAL ASSAULT,17,DOUGLAS
2024,35,CRIMINAL TRESPASS,67,DOUGLAS
2024,35,DECEPTIVE PRACTICE,159,DOUGLAS
2024,35,HOMICIDE,9,DOUGLAS
2024,35,INTERFERENCE WITH PUBLIC OFFICER,8,DOUGLAS
2024,35,INTIMIDATION,3,DOUGLAS
2024,35,KIDNAPPING,1,DOUGLAS
2024,35,MOTOR VEHICLE THEFT,279,DOUGLAS
2024,35,NARCOTICS,44,DOUGLAS
2024,35,OBSCENITY,1,DOUGLAS
2024,35,OFFENSE INVOLVING CHILDREN,13,DOUGLAS
2024,35,OTHER OFFENSE,157,DOUGLAS
2024,35,PUBLIC PEACE VIOLATION,26,DOUGLAS
2024,35,ROBBERY,72,DOUGLAS
2024,35,SEX OFFENSE,10,DOUGLAS
2024,35,STALKING,5,DOUGLAS
2024,35,THEFT,685,DOUGLAS
2024,35,WEAPONS VIOLATION,101,DOUGLAS
2024,36,ASSAULT,91,OAKLAND
2024,36,BATTERY,142,OAKLAND
2024,36,BURGLARY,20,OAKLAND
2024,36,CONCEALED CARRY LICENSE VIOLATION,1,OAKLAND
2024,36,CRIMINAL DAMAGE,129,OAKLAND
2024,36,CRIMINAL SEXUAL ASSAULT,2,OAKLAND
2024,36,CRIMINAL TRESPASS,13,OAKLAND
2024,36,DECEPTIVE PRACTICE,50,OAKLAND
2024,36,HOMICIDE,2,OAKLAND
2024,36,INTERFERENCE WITH PUBLIC OFFICER,1,OAKLAND
2024,36,INTIMIDATION,2,OAKLAND
2024,36,KIDNAPPING,1,OAKLAND
2024,36,MOTOR VEHICLE THEFT,118,OAKLAND
2024,36,NARCOTICS,3,OAKLAND
2024,36,OBSCENITY,1,OAKLAND
2024,36,OFFENSE INVOLVING CHILDREN,8,OAKLAND
2024,36,OTHER OFFENSE,71,OAKLAND
2024,36,PUBLIC PEACE VIOLATION,1,OAKLAND
2024,36,ROBBERY,23,OAKLAND
2024,36,SEX OFFENSE,3,OAKLAND
2024,36,STALKING,4,OAKLAND
2024,36,THEFT,169,OAKLAND
2024,36,WEAPONS VIOLATION,27,OAKLAND
2024,37,ARSON,1,FULLER PARK
2024,37,ASSAULT,72,FULLER PARK
2024,37,BATTERY,163,FULLER PARK
2024,37,BURGLARY,21,FULLER PARK
2024,37,CONCEALED CARRY LICENSE VIOLATION,1,FULLER PARK
2024,37,CRIMINAL DAMAGE,69,FULLER PARK
2024,37,CRIMINAL SEXUAL ASSAULT,1,FULLER PARK
2024,37,CRIMINAL TRESPASS,18,FULLER PARK
2024,37,DECEPTIVE PRACTICE,32,FULLER PARK
2024,37,HOMICIDE,3,FULLER PARK
2024,37,INTIMIDATION,1,FULLER PARK
2024,37,KIDNAPPING,1,FULLER PARK
2024,37,MOTOR VEHICLE THEFT,46,FULLER PARK
2024,37,NARCOTICS,15,FULLER PARK
2024,37,OFFENSE INVOLVING CHILDREN,6,FULLER PARK
2024,37,OTHER OFFENSE,38,FULLER PARK
2024,37,PUBLIC PEACE VIOLATION,6,FULLER PARK
2024,37,ROBBERY,63,FULLER PARK
2024,37,STALKING,3,FULLER PARK
2024,37,THEFT,103,FULLER PARK
2024,37,WEAPONS VIOLATION,42,FULLER PARK
2024,38,ARSON,3,GRAND BOULEVARD
2024,38,ASSAULT,373,GRAND BOULEVARD
2024,38,BATTERY,678,GRAND BOULEVARD
2024,38,BURGLARY,131,GRAND BOULEVARD
2024,38,CONCEALED CARRY LICENSE VIOLATION,2,GRAND BOULEVARD
2024,38,CRIMINAL DAMAGE,536,GRAND BOULEVARD
2024,38,CRIMINAL SEXUAL ASSAULT,23,GRAND BOULEVARD
2024,38,CRIMINAL TRESPASS,62,GRAND BOULEVARD
2024,38,DECEPTIVE PRACTICE,149,GRAND BOULEVARD
2024,38,GAMBLING,2,GRAND BOULEVARD
2024,38,HOMICIDE,8,GRAND BOULEVARD
2024,38,INTERFERENCE WITH PUBLIC OFFICER,6,GRAND BOULEVARD
2024,38,LIQUOR LAW VIOLATION,4,GRAND BOULEVARD
2024,38,MOTOR VEHICLE THEFT,465,GRAND BOULEVARD
2024,38,NARCOTICS,34,GRAND BOULEVARD
2024,38,OBSCENITY,1,GRAND BOULEVARD
2024,38,OFFENSE INVOLVING CHILDREN,20,GRAND BOULEVARD
2024,38,OTHER OFFENSE,240,GRAND BOULEVARD
2024,38,PUBLIC PEACE VIOLATION,15,GRAND BOULEVARD
2024,38,ROBBERY,91,GRAND BOULEVARD
2024,38,SEX OFFENSE,15,GRAND BOULEVARD
2024,38,STALKING,13,GRAND BOULEVARD
2024,38,THEFT,802,GRAND BOULEVARD
2024,38,WEAPONS VIOLATION,146,GRAND BOULEVARD
2024,39,ASSAULT,198,KENWOOD
2024,39,BATTERY,322,KENWOOD
2024,39,BURGLARY,61,KENWOOD
2024,39,CRIMINAL DAMAGE,279,KENWOOD
2024,39,CRIMINAL SEXUAL ASSAULT,15,KENWOOD
2024,39,CRIMINAL TRESPASS,26,KENWOOD
2024,39,DECEPTIVE PRACTICE,119,KENWOOD
2024,39,HOMICIDE,2,KENWOOD
2024,39,INTERFERENCE WITH PUBLIC OFFICER,1,KENWOOD
2024,39,INTIMIDATION,2,KENWOOD
2024,39,KIDNAPPING,3,KENWOOD
2024,39,LIQUOR LAW VIOLATION,1,KENWOOD
2024,39,MOTOR VEHICLE THEFT,278,KENWOOD
2024,39,NARCOTICS,8,KENWOOD
2024,39,OFFENSE INVOLVING CHILDREN,19,KENWOOD
2024,39,OTHER OFFENSE,137,KENWOOD
2024,39,PUBLIC PEACE VIOLATION,5,KENWOOD
2024,39,ROBBERY,58,KENWOOD
2024,39,SEX OFFENSE,15,KENWOOD
2024,39,STALKING,5,KENWOOD
2024,39,THEFT,506,KENWOOD
2024,39,WEAPONS VIOLATION,36,KENWOOD
2024,40,ARSON,1,WASHINGTON PARK
2024,40,ASSAULT,262,WASHINGTON PARK
2024,40,BATTERY,577,WASHINGTON PARK
2024,40,BURGLARY,51,WASHINGTON PARK
2024,40,CONCEALED CARRY LICENSE VIOLATION,1,WASHINGTON PARK
2024,40,CRIMINAL DAMAGE,288,WASHINGTON PARK
2024,40,CRIMINAL SEXUAL ASSAULT,20,WASHINGTON PARK
2024,40,CRIMINAL TRESPASS,33,WASHINGTON PARK
2024,40,DECEPTIVE PRACTICE,96,WASHINGTON PARK
2024,40,GAMBLING,2,WASHINGTON PARK
2024,40,HOMICIDE,10,WASHINGTON PARK
2024,40,INTERFERENCE WITH PUBLIC OFFICER,1,WASHINGTON PARK
2024,40,INTIMIDATION,3,WASHINGTON PARK
2024,40,MOTOR VEHICLE THEFT,280,WASHINGTON PARK
2024,40,NARCOTICS,33,WASHINGTON PARK
2024,40,OBSCENITY,1,WASHINGTON PARK
2024,40,OFFENSE INVOLVING CHILDREN,29,WASHINGTON PARK
2024,40,OTHER OFFENSE,178,WASHINGTON PARK
2024,40,PUBLIC PEACE VIOLATION,7,WASHINGTON PARK
2024,40,ROBBERY,64,WASHINGTON PARK
2024,40,SEX OFFENSE,7,WASHINGTON PARK
2024,40,STALKING,6,WASHINGTON PARK
2024,40,THEFT,377,WASHINGTON PARK
2024,40,WEAPONS VIOLATION,129,WASHINGTON PARK
2024,41,ARSON,2,HYDE PARK
2024,41,ASSAULT,186,HYDE PARK
2024,41,BATTERY,276,HYDE PARK
2024,41,BURGLARY,93,HYDE PARK
2024,41,CRIMINAL DAMAGE,245,HYDE PARK
2024,41,CRIMINAL SEXUAL ASSAULT,29,HYDE PARK
2024,41,CRIMINAL TRESPASS,33,HYDE PARK
2024,41,DECEPTIVE PRACTICE,185,HYDE PARK
2024,41,HOMICIDE,2,HYDE PARK
2024,41,INTERFERENCE WITH PUBLIC OFFICER,1,HYDE PARK
2024,41,MOTOR VEHICLE THEFT,229,HYDE PARK
2024,41,NARCOTICS,5,HYDE PARK
2024,41,OBSCENITY,1,HYDE PARK
2024,41,OFFENSE INVOLVING CHILDREN,7,HYDE PARK
2024,41,OTHER OFFENSE,128,HYDE PARK
2024,41,ROBBERY,87,HYDE PARK
2024,41,SEX OFFENSE,16,HYDE PARK
2024,41,STALKING,10,HYDE PARK
2024,41,THEFT,855,HYDE PARK
2024,41,WEAPONS VIOLATION,32,HYDE PARK
2024,42,ARSON,7,WOODLAWN
2024,42,ASSAULT,412,WOODLAWN
2024,42,BATTERY,803,WOODLAWN
2024,42,BURGLARY,124,WOODLAWN
2024,42,CONCEALED CARRY LICENSE VIOLATION,2,WOODLAWN
2024,42,CRIMINAL DAMAGE,466,WOODLAWN
2024,42,CRIMINAL SEXUAL ASSAULT,18,WOODLAWN
2024,42,CRIMINAL TRESPASS,71,WOODLAWN
2024,42,DECEPTIVE PRACTICE,147,WOODLAWN
2024,42,HOMICIDE,13,WOODLAWN
2024,42,HUMAN TRAFFICKING,1,WOODLAWN
2024,42,INTERFERENCE WITH PUBLIC OFFICER,8,WOODLAWN
2024,42,INTIMIDATION,5,WOODLAWN
2024,42,MOTOR VEHICLE THEFT,324,WOODLAWN
2024,42,NARCOTICS,37,WOODLAWN
2024,42,OBSCENITY,2,WOODLAWN
2024,42,OFFENSE INVOLVING CHILDREN,33,WOODLAWN
2024,42,OTHER OFFENSE,264,WOODLAWN
2024,42,PUBLIC PEACE VIOLATION,5,WOODLAWN
2024,42,ROBBERY,113,WOODLAWN
2024,42,SEX OFFENSE,9,WOODLAWN
2024,42,STALKING,4,WOODLAWN
2024,42,THEFT,702,WOODLAWN
2024,42,WEAPONS VIOLATION,226,WOODLAWN
2024,43,ARSON,20,SOUTH SHORE
2024,43,ASSAULT,1011,SOUTH SHORE
2024,43,BATTERY,1854,SOUTH SHORE
2024,43,BURGLARY,439,SOUTH SHORE
2024,43,CONCEALED CARRY LICENSE VIOLATION,2,SOUTH SHORE
2024,43,CRIMINAL DAMAGE,1036,SOUTH SHORE
2024,43,CRIMINAL SEXUAL ASSAULT,60,SOUTH SHORE
2024,43,CRIMINAL TRESPASS,138,SOUTH SHORE
2024,43,DECEPTIVE PRACTICE,382,SOUTH SHORE
2024,43,HOMICIDE,33,SOUTH SHORE
2024,43,HUMAN TRAFFICKING,1,SOUTH SHORE
2024,43,INTERFERENCE WITH PUBLIC OFFICER,7,SOUTH SHORE
2024,43,INTIMIDATION,5,SOUTH SHORE
2024,43,KIDNAPPING,3,SOUTH SHORE
2024,43,LIQUOR LAW VIOLATION,1,SOUTH SHORE
2024,43,MOTOR VEHICLE THEFT,640,SOUTH SHORE
2024,43,NARCOTICS,82,SOUTH SHORE
2024,43,OBSCENITY,1,SOUTH SHORE
2024,43,OFFENSE INVOLVING CHILDREN,69,SOUTH SHORE
2024,43,OTHER OFFENSE,577,SOUTH SHORE
2024,43,PROSTITUTION,3,SOUTH SHORE
2024,43,PUBLIC PEACE VIOLATION,17,SOUTH SHORE
2024,43,ROBBERY,317,SOUTH SHORE
2024,43,SEX OFFENSE,35,SOUTH SHORE
2024,43,STALKING,19,SOUTH SHORE
2024,43,THEFT,1437,SOUTH SHORE
2024,43,WEAPONS VIOLATION,320,SOUTH SHORE
2024,44,ARSON,21,CHATHAM
2024,44,ASSAULT,670,CHATHAM
2024,44,BATTERY,1147,CHATHAM
2024,44,BURGLARY,209,CHATHAM
2024,44,CRIMINAL DAMAGE,715,CHATHAM
2024,44,CRIMINAL SEXUAL ASSAULT,31,CHATHAM
2024,44,CRIMINAL TRESPASS,98,CHATHAM
2024,44,DECEPTIVE PRACTICE,240,CHATHAM
2024,44,HOMICIDE,25,CHATHAM
2024,44,INTERFERENCE WITH PUBLIC OFFICER,23,CHATHAM
2024,44,INTIMIDATION,2,CHATHAM
2024,44,KIDNAPPING,5,CHATHAM
2024,44,LIQUOR LAW VIOLATION,2,CHATHAM
2024,44,MOTOR VEHICLE THEFT,514,CHATHAM
2024,44,NARCOTICS,58,CHATHAM
2024,44,OFFENSE INVOLVING CHILDREN,37,CHATHAM
2024,44,OTHER OFFENSE,463,CHATHAM
2024,44,PUBLIC PEACE VIOLATION,27,CHATHAM
2024,44,ROBBERY,290,CHATHAM
2024,44,SEX OFFENSE,21,CHATHAM
2024,44,STALKING,14,CHATHAM
2024,44,THEFT,1045,CHATHAM
2024,44,WEAPONS VIOLATION,203,CHATHAM
2024,45,ARSON,2,AVALON PARK
2024,45,ASSAULT,131,AVALON PARK
2024,45,BATTERY,192,AVALON PARK
2024,45,BURGLARY,48,AVALON PARK
2024,45,CONCEALED CARRY LICENSE VIOLATION,1,AVALON PARK
2024,45,CRIMINAL DAMAGE,123,AVALON PARK
2024,45,CRIMINAL SEXUAL ASSAULT,9,AVALON PARK
2024,45,CRIMINAL TRESPASS,20,AVALON PARK
2024,45,DECEPTIVE PRACTICE,65,AVALON PARK
2024,45,HOMICIDE,3,AVALON PARK
2024,45,INTERFERENCE WITH PUBLIC OFFICER,2,AVALON PARK
2024,45,MOTOR VEHICLE THEFT,120,AVALON PARK
2024,45,NARCOTICS,7,AVALON PARK
2024,45,OFFENSE INVOLVING CHILDREN,10,AVALON PARK
2024,45,OTHER OFFENSE,75,AVALON PARK
2024,45,PUBLIC PEACE VIOLATION,2,AVALON PARK
2024,45,ROBBERY,38,AVALON PARK
2024,45,SEX OFFENSE,4,AVALON PARK
2024,45,STALKING,3,AVALON PARK
2024,45,THEFT,223,AVALON PARK
2024,45,WEAPONS VIOLATION,47,AVALON PARK
2024,46,ARSON,12,SOUTH CHICAGO
2024,46,ASSAULT,490,SOUTH CHICAGO
2024,46,BATTERY,821,SOUTH CHICAGO
2024,46,BURGLARY,132,SOUTH CHICAGO
2024,46,CRIMINAL DAMAGE,503,SOUTH CHICAGO
2024,46,CRIMINAL SEXUAL ASSAULT,23,SOUTH CHICAGO
2024,46,CRIMINAL TRESPASS,47,SOUTH CHICAGO
2024,46,DECEPTIVE PRACTICE,157,SOUTH CHICAGO
2024,46,GAMBLING,1,SOUTH CHICAGO
2024,46,HOMICIDE,16,SOUTH CHICAGO
2024,46,INTERFERENCE WITH PUBLIC OFFICER,11,SOUTH CHICAGO
2024,46,INTIMIDATION,2,SOUTH CHICAGO
2024,46,KIDNAPPING,3,SOUTH CHICAGO
2024,46,LIQUOR LAW VIOLATION,4,SOUTH CHICAGO
2024,46,MOTOR VEHICLE THEFT,330,SOUTH CHICAGO
2024,46,NARCOTICS,32,SOUTH CHICAGO
2024,46,OFFENSE INVOLVING CHILDREN,34,SOUTH CHICAGO
2024,46,OTHER OFFENSE,299,SOUTH CHICAGO
2024,46,PUBLIC PEACE VIOLATION,3,SOUTH CHICAGO
2024,46,ROBBERY,140,SOUTH CHICAGO
2024,46,SEX OFFENSE,18,SOUTH CHICAGO
2024,46,STALKING,4,SOUTH CHICAGO
2024,46,THEFT,645,SOUTH CHICAGO
2024,46,WEAPONS VIOLATION,185,SOUTH CHICAGO
2024,47,ARSON,3,BURNSIDE
2024,47,ASSAULT,32,BURNSIDE
2024,47,BATTERY,51,BURNSIDE
2024,47,BURGLARY,9,BURNSIDE
2024,47,CRIMINAL DAMAGE,43,BURNSIDE
2024,47,CRIMINAL SEXUAL ASSAULT,3,BURNSIDE
2024,47,CRIMINAL TRESPASS,9,BURNSIDE
2024,47,DECEPTIVE PRACTICE,13,BURNSIDE
2024,47,LIQUOR LAW VIOLATION,1,BURNSIDE
2024,47,MOTOR VEHICLE THEFT,27,BURNSIDE
2024,47,NARCOTICS,2,BURNSIDE
2024,47,OFFENSE INVOLVING CHILDREN,4,BURNSIDE
2024,47,OTHER OFFENSE,33,BURNSIDE
2024,47,PUBLIC PEACE VIOLATION,2,BURNSIDE
2024,47,ROBBERY,13,BURNSIDE
2024,47,SEX OFFENSE,1,BURNSIDE
2024,47,STALKING,1,BURNSIDE
2024,47,THEFT,32,BURNSIDE
2024,47,WEAPONS VIOLATION,15,BURNSIDE
2024,48,ARSON,4,CALUMET HEIGHTS
2024,48,ASSAULT,133,CALUMET HEIGHTS
2024,48,BATTERY,208,CALUMET HEIGHTS
2024,48,BURGLARY,57,CALUMET HEIGHTS
2024,48,CRIMINAL DAMAGE,156,CALUMET HEIGHTS
2024,48,CRIMINAL SEXUAL ASSAULT,17,CALUMET HEIGHTS
2024,48,CRIMINAL TRESPASS,23,CALUMET HEIGHTS
2024,48,DECEPTIVE PRACTICE,76,CALUMET HEIGHTS
2024,48,HOMICIDE,4,CALUMET HEIGHTS
2024,48,INTERFERENCE WITH PUBLIC OFFICER,1,CALUMET HEIGHTS
2024,48,LIQUOR LAW VIOLATION,1,CALUMET HEIGHTS
2024,48,MOTOR VEHICLE THEFT,201,CALUMET HEIGHTS
2024,48,NARCOTICS,3,CALUMET HEIGHTS
2024,48,OFFENSE INVOLVING CHILDREN,10,CALUMET HEIGHTS
2024,48,OTHER OFFENSE,103,CALUMET HEIGHTS
2024,48,ROBBERY,44,CALUMET HEIGHTS
2024,48,SEX OFFENSE,5,CALUMET HEIGHTS
2024,48,STALKING,1,CALUMET HEIGHTS
2024,48,THEFT,241,CALUMET HEIGHTS
2024,48,WEAPONS VIOLATION,56,CALUMET HEIGHTS
2024,49,ARSON,14,ROSELAND
2024,49,ASSAULT,610,ROSELAND
2024,49,BATTERY,1071,ROSELAND
2024,49,BURGLARY,158,ROSELAND
2024,49,CONCEALED CARRY LICENSE VIOLATION,2,ROSELAND
2024,49,CRIMINAL DAMAGE,800,ROSELAND
2024,49,CRIMINAL SEXUAL ASSAULT,37,ROSELAND
2024,49,CRIMINAL TRESPASS,78,ROSELAND
2024,49,DECEPTIVE PRACTICE,247,ROSELAND
2024,49,GAMBLING,2,ROSELAND
2024,49,HOMICIDE,24,ROSELAND
2024,49,HUMAN TRAFFICKING,1,ROSELAND
2024,49,INTERFERENCE WITH PUBLIC OFFICER,30,ROSELAND
2024,49,INTIMIDATION,3,ROSELAND
2024,49,KIDNAPPING,3,ROSELAND
2024,49,MOTOR VEHICLE THEFT,543,ROSELAND
2024,49,NARCOTICS,110,ROSELAND
2024,49,OBSCENITY,1,ROSELAND
2024,49,OFFENSE INVOLVING CHILDREN,60,ROSELAND
2024,49,OTHER OFFENSE,480,ROSELAND
2024,49,PROSTITUTION,26,ROSELAND
2024,49,PUBLIC PEACE VIOLATION,9,ROSELAND
2024,49,ROBBERY,178,ROSELAND
2024,49,SEX OFFENSE,31,ROSELAND
2024,49,STALKING,10,ROSELAND
2024,49,THEFT,866,ROSELAND
2024,49,WEAPONS VIOLATION,240,ROSELAND
2024,50,ASSAULT,141,PULLMAN
2024,50,BATTERY,184,PULLMAN
2024,50,BURGLARY,27,PULLMAN
2024,50,CONCEALED CARRY LICENSE VIOLATION,2,PULLMAN
2024,50,CRIMINAL DAMAGE,111,PULLMAN
2024,50,CRIMINAL SEXUAL ASSAULT,6,PULLMAN
2024,50,CRIMINAL TRESPASS,16,PULLMAN
2024,50,DECEPTIVE PRACTICE,49,PULLMAN
2024,50,HOMICIDE,5,PULLMAN
2024,50,INTERFERENCE WITH PUBLIC OFFICER,6,PULLMAN
2024,50,KIDNAPPING,1,PULLMAN
2024,50,MOTOR VEHICLE THEFT,111,PULLMAN
2024,50,NARCOTICS,15,PULLMAN
2024,50,OFFENSE INVOLVING CHILDREN,13,PULLMAN
2024,50,OTHER OFFENSE,77,PULLMAN
2024,50,PUBLIC PEACE VIOLATION,3,PULLMAN
2024,50,ROBBERY,20,PULLMAN
2024,50,STALKING,4,PULLMAN
2024,50,THEFT,282,PULLMAN
2024,50,WEAPONS VIOLATION,49,PULLMAN
2024,51,ARSON,1,SOUTH DEERING
2024,51,ASSAULT,193,SOUTH DEERING
2024,51,BATTERY,331,SOUTH DEERING
2024,51,BURGLARY,44,SOUTH DEERING
2024,51,CRIMINAL DAMAGE,285,SOUTH DEERING
2024,51,CRIMINAL SEXUAL ASSAULT,8,SOUTH DEERING
2024,51,CRIMINAL TRESPASS,31,SOUTH DEERING
2024,51,DECEPTIVE PRACTICE,99,SOUTH DEERING
2024,51,HOMICIDE,2,SOUTH DEERING
2024,51,INTERFERENCE WITH PUBLIC OFFICER,7,SOUTH DEERING
2024,51,INTIMIDATION,3,SOUTH DEERING
2024,51,LIQUOR LAW VIOLATION,1,SOUTH DEERING
2024,51,MOTOR VEHICLE THEFT,197,SOUTH DEERING
2024,51,NARCOTICS,9,SOUTH DEERING
2024,51,OFFENSE INVOLVING CHILDREN,20,SOUTH DEERING
2024,51,OTHER OFFENSE,123,SOUTH DEERING
2024,51,PUBLIC PEACE VIOLATION,5,SOUTH DEERING
2024,51,ROBBERY,45,SOUTH DEERING
2024,51,SEX OFFENSE,8,SOUTH DEERING
2024,51,THEFT,407,SOUTH DEERING
2024,51,WEAPONS VIOLATION,71,SOUTH DEERING
2024,52,ARSON,5,EAST SIDE
2024,52,ASSAULT,130,EAST SIDE
2024,52,BATTERY,237,EAST SIDE
2024,52,BURGLARY,52,EAST SIDE
2024,52,CRIMINAL DAMAGE,198,EAST SIDE
2024,52,CRIMINAL SEXUAL ASSAULT,6,EAST SIDE
2024,52,CRIMINAL TRESPASS,16,EAST SIDE
2024,52,DECEPTIVE PRACTICE,46,EAST SIDE
2024,52,HOMICIDE,3,EAST SIDE
2024,52,INTERFERENCE WITH PUBLIC OFFICER,1,EAST SIDE
2024,52,LIQUOR LAW VIOLATION,1,EAST SIDE
2024,52,MOTOR VEHICLE THEFT,176,EAST SIDE
2024,52,NARCOTICS,9,EAST SIDE
2024,52,OFFENSE INVOLVING CHILDREN,20,EAST SIDE
2024,52,OTHER OFFENSE,121,EAST SIDE
2024,52,PUBLIC PEACE VIOLATION,4,EAST SIDE
2024,52,ROBBERY,23,EAST SIDE
2024,52,SEX OFFENSE,9,EAST SIDE
2024,52,THEFT,194,EAST SIDE
2024,52,WEAPONS VIOLATION,49,EAST SIDE
2024,53,ARSON,16,WEST PULLMAN
2024,53,ASSAULT,400,WEST PULLMAN
2024,53,BATTERY,666,WEST PULLMAN
2024,53,BURGLARY,108,WEST PULLMAN
2024,53,CONCEALED CARRY LICENSE VIOLATION,2,WEST PULLMAN
2024,53,CRIMINAL DAMAGE,560,WEST PULLMAN
2024,53,CRIMINAL SEXUAL ASSAULT,17,WEST PULLMAN
2024,53,CRIMINAL TRESPASS,52,WEST PULLMAN
2024,53,DECEPTIVE PRACTICE,204,WEST PULLMAN
2024,53,HOMICIDE,19,WEST PULLMAN
2024,53,INTERFERENCE WITH PUBLIC OFFICER,13,WEST PULLMAN
2024,53,INTIMIDATION,3,WEST PULLMAN
2024,53,KIDNAPPING,1,WEST PULLMAN
2024,53,LIQUOR LAW VIOLATION,4,WEST PULLMAN
2024,53,MOTOR VEHICLE THEFT,329,WEST PULLMAN
2024,53,NARCOTICS,76,WEST PULLMAN
2024,53,NON-CRIMINAL,1,WEST PULLMAN
2024,53,OFFENSE INVOLVING CHILDREN,22,WEST PULLMAN
2024,53,OTHER OFFENSE,328,WEST PULLMAN
2024,53,PUBLIC PEACE VIOLATION,12,WEST PULLMAN
2024,53,ROBBERY,109,WEST PULLMAN
2024,53,SEX OFFENSE,12,WEST PULLMAN
2024,53,STALKING,5,WEST PULLMAN
2024,53,THEFT,559,WEST PULLMAN
2024,53,WEAPONS VIOLATION,184,WEST PULLMAN
2024,54,ARSON,5,RIVERDALE
2024,54,ASSAULT,178,RIVERDALE
2024,54,BATTERY,320,RIVERDALE
2024,54,BURGLARY,18,RIVERDALE
2024,54,CRIMINAL DAMAGE,179,RIVERDALE
2024,54,CRIMINAL SEXUAL ASSAULT,9,RIVERDALE
2024,54,CRIMINAL TRESPASS,15,RIVERDALE
2024,54,DECEPTIVE PRACTICE,34,RIVERDALE
2024,54,GAMBLING,1,RIVERDALE
2024,54,HOMICIDE,1,RIVERDALE
2024,54,INTERFERENCE WITH PUBLIC OFFICER,2,RIVERDALE
2024,54,INTIMIDATION,1,RIVERDALE
2024,54,MOTOR VEHICLE THEFT,100,RIVERDALE
2024,54,NARCOTICS,3,RIVERDALE
2024,54,OFFENSE INVOLVING CHILDREN,16,RIVERDALE
2024,54,OTHER OFFENSE,76,RIVERDALE
2024,54,PUBLIC PEACE VIOLATION,5,RIVERDALE
2024,54,ROBBERY,26,RIVERDALE
2024,54,SEX OFFENSE,6,RIVERDALE
2024,54,STALKING,2,RIVERDALE
2024,54,THEFT,150,RIVERDALE
2024,54,WEAPONS VIOLATION,39,RIVERDALE
2024,55,ASSAULT,81,HEGEWISCH
2024,55,BATTERY,116,HEGEWISCH
2024,55,BURGLARY,23,HEGEWISCH
2024,55,CRIMINAL DAMAGE,91,HEGEWISCH
2024,55,CRIMINAL SEXUAL ASSAULT,2,HEGEWISCH
2024,55,CRIMINAL TRESPASS,15,HEGEWISCH
2024,55,DECEPTIVE PRACTICE,62,HEGEWISCH
2024,55,KIDNAPPING,1,HEGEWISCH
2024,55,LIQUOR LAW VIOLATION,1,HEGEWISCH
2024,55,MOTOR VEHICLE THEFT,99,HEGEWISCH
2024,55,NARCOTICS,3,HEGEWISCH
2024,55,OFFENSE INVOLVING CHILDREN,4,HEGEWISCH
2024,55,OTHER OFFENSE,93,HEGEWISCH
2024,55,ROBBERY,11,HEGEWISCH
2024,55,SEX OFFENSE,3,HEGEWISCH
2024,55,STALKING,1,HEGEWISCH
2024,55,THEFT,173,HEGEWISCH
2024,55,WEAPONS VIOLATION,24,HEGEWISCH
2024,56,ARSON,3,GARFIELD RIDGE
2024,56,ASSAULT,184,GARFIELD RIDGE
2024,56,BATTERY,280,GARFIELD RIDGE
2024,56,BURGLARY,75,GARFIELD RIDGE
2024,56,CONCEALED CARRY LICENSE VIOLATION,17,GARFIELD RIDGE
2024,56,CRIMINAL DAMAGE,365,GARFIELD RIDGE
2024,56,CRIMINAL SEXUAL ASSAULT,5,GARFIELD RIDGE
2024,56,CRIMINAL TRESPASS,52,GARFIELD RIDGE
2024,56,DECEPTIVE PRACTICE,210,GARFIELD RIDGE
2024,56,HOMICIDE,4,GARFIELD RIDGE
2024,56,INTERFERENCE WITH PUBLIC OFFICER,7,GARFIELD RIDGE
2024,56,INTIMIDATION,1,GARFIELD RIDGE
2024,56,KIDNAPPING,1,GARFIELD RIDGE
2024,56,LIQUOR LAW VIOLATION,2,GARFIELD RIDGE
2024,56,MOTOR VEHICLE THEFT,344,GARFIELD RIDGE
2024,56,NARCOTICS,41,GARFIELD RIDGE
2024,56,OFFENSE INVOLVING CHILDREN,13,GARFIELD RIDGE
2024,56,OTHER OFFENSE,158,GARFIELD RIDGE
2024,56,PROSTITUTION,87,GARFIELD RIDGE
2024,56,PUBLIC PEACE VIOLATION,16,GARFIELD RIDGE
2024,56,ROBBERY,44,GARFIELD RIDGE
2024,56,SEX OFFENSE,12,GARFIELD RIDGE
2024,56,STALKING,8,GARFIELD RIDGE
2024,56,THEFT,404,GARFIELD RIDGE
2024,56,WEAPONS VIOLATION,74,GARFIELD RIDGE
2024,57,ARSON,3,ARCHER HEIGHTS
2024,57,ASSAULT,96,ARCHER HEIGHTS
2024,57,BATTERY,154,ARCHER HEIGHTS
2024,57,BURGLARY,47,ARCHER HEIGHTS
2024,57,CRIMINAL DAMAGE,86,ARCHER HEIGHTS
2024,57,CRIMINAL SEXUAL ASSAULT,6,ARCHER HEIGHTS
2024,57,CRIMINAL TRESPASS,13,ARCHER HEIGHTS
2024,57,DECEPTIVE PRACTICE,72,ARCHER HEIGHTS
2024,57,INTERFERENCE WITH PUBLIC OFFICER,2,ARCHER HEIGHTS
2024,57,INTIMIDATION,3,ARCHER HEIGHTS
2024,57,KIDNAPPING,1,ARCHER HEIGHTS
2024,57,MOTOR VEHICLE THEFT,113,ARCHER HEIGHTS
2024,57,NARCOTICS,9,ARCHER HEIGHTS
2024,57,OBSCENITY,1,ARCHER HEIGHTS
2024,57,OFFENSE INVOLVING CHILDREN,6,ARCHER HEIGHTS
2024,57,OTHER OFFENSE,71,ARCHER HEIGHTS
2024,57,PUBLIC PEACE VIOLATION,5,ARCHER HEIGHTS
2024,57,ROBBERY,38,ARCHER HEIGHTS
2024,57,SEX OFFENSE,3,ARCHER HEIGHTS
2024,57,THEFT,353,ARCHER HEIGHTS
2024,57,WEAPONS VIOLATION,35,ARCHER HEIGHTS
2024,58,ARSON,12,BRIGHTON PARK
2024,58,ASSAULT,249,BRIGHTON PARK
2024,58,BATTERY,487,BRIGHTON PARK
2024,58,BURGLARY,76,BRIGHTON PARK
2024,58,CRIMINAL DAMAGE,219,BRIGHTON PARK
2024,58,CRIMINAL SEXUAL ASSAULT,11,BRIGHTON PARK
2024,58,CRIMINAL TRESPASS,31,BRIGHTON PARK
2024,58,DECEPTIVE PRACTICE,162,BRIGHTON PARK
2024,58,HOMICIDE,5,BRIGHTON PARK
2024,58,INTERFERENCE WITH PUBLIC OFFICER,6,BRIGHTON PARK
2024,58,KIDNAPPING,1,BRIGHTON PARK
2024,58,LIQUOR LAW VIOLATION,2,BRIGHTON PARK
2024,58,MOTOR VEHICLE THEFT,181,BRIGHTON PARK
2024,58,NARCOTICS,12,BRIGHTON PARK
2024,58,OBSCENITY,3,BRIGHTON PARK
2024,58,OFFENSE INVOLVING CHILDREN,34,BRIGHTON PARK
2024,58,OTHER OFFENSE,156,BRIGHTON PARK
2024,58,PUBLIC PEACE VIOLATION,7,BRIGHTON PARK
2024,58,ROBBERY,82,BRIGHTON PARK
2024,58,SEX OFFENSE,16,BRIGHTON PARK
2024,58,STALKING,5,BRIGHTON PARK
2024,58,THEFT,397,BRIGHTON PARK
2024,58,WEAPONS VIOLATION,87,BRIGHTON PARK
2024,59,ARSON,2,MCKINLEY PARK
2024,59,ASSAULT,88,MCKINLEY PARK
2024,59,BATTERY,152,MCKINLEY PARK
2024,59,BURGLARY,50,MCKINLEY PARK
2024,59,CRIMINAL DAMAGE,102,MCKINLEY PARK
2024,59,CRIMINAL SEXUAL ASSAULT,6,MCKINLEY PARK
2024,59,CRIMINAL TRESPASS,13,MCKINLEY PARK
2024,59,DECEPTIVE PRACTICE,49,MCKINLEY PARK
2024,59,HOMICIDE,2,MCKINLEY PARK
2024,59,HUMAN TRAFFICKING,1,MCKINLEY PARK
2024,59,LIQUOR LAW VIOLATION,1,MCKINLEY PARK
2024,59,MOTOR VEHICLE THEFT,79,MCKINLEY PARK
2024,59,NARCOTICS,9,MCKINLEY PARK
2024,59,OFFENSE INVOLVING CHILDREN,3,MCKINLEY PARK
2024,59,OTHER OFFENSE,55,MCKINLEY PARK
2024,59,PUBLIC PEACE VIOLATION,1,MCKINLEY PARK
2024,59,ROBBERY,48,MCKINLEY PARK
2024,59,SEX OFFENSE,1,MCKINLEY PARK
2024,59,STALKING,3,MCKINLEY PARK
2024,59,THEFT,331,MCKINLEY PARK
2024,59,WEAPONS VIOLATION,28,MCKINLEY PARK
2024,60,ARSON,4,BRIDGEPORT
2024,60,ASSAULT,145,BRIDGEPORT
2024,60,BATTERY,284,BRIDGEPORT
2024,60,BURGLARY,78,BRIDGEPORT
2024,60,CRIMINAL DAMAGE,198,BRIDGEPORT
2024,60,CRIMINAL SEXUAL ASSAULT,5,BRIDGEPORT
2024,60,CRIMINAL TRESPASS,41,BRIDGEPORT
2024,60,DECEPTIVE PRACTICE,137,BRIDGEPORT
2024,60,HOMICIDE,3,BRIDGEPORT
2024,60,HUMAN TRAFFICKING,1,BRIDGEPORT
2024,60,INTERFERENCE WITH PUBLIC OFFICER,4,BRIDGEPORT
2024,60,INTIMIDATION,2,BRIDGEPORT
2024,60,LIQUOR LAW VIOLATION,2,BRIDGEPORT
2024,60,MOTOR VEHICLE THEFT,145,BRIDGEPORT
2024,60,NARCOTICS,14,BRIDGEPORT
2024,60,OFFENSE INVOLVING CHILDREN,10,BRIDGEPORT
2024,60,OTHER OFFENSE,101,BRIDGEPORT
2024,60,PROSTITUTION,1,BRIDGEPORT
2024,60,PUBLIC PEACE VIOLATION,5,BRIDGEPORT
2024,60,ROBBERY,47,BRIDGEPORT
2024,60,SEX OFFENSE,8,BRIDGEPORT
2024,60,STALKING,2,BRIDGEPORT
2024,60,THEFT,367,BRIDGEPORT
2024,60,WEAPONS VIOLATION,40,BRIDGEPORT
2024,61,ARSON,18,NEW CITY
2024,61,ASSAULT,465,NEW CITY
2024,61,BATTERY,884,NEW CITY
2024,61,BURGLARY,132,NEW CITY
2024,61,CONCEALED CARRY LICENSE VIOLATION,1,NEW CITY
2024,61,CRIMINAL DAMAGE,416,NEW CITY
2024,61,CRIMINAL SEXUAL ASSAULT,26,NEW CITY
2024,61,CRIMINAL TRESPASS,87,NEW CITY
2024,61,DECEPTIVE PRACTICE,178,NEW CITY
2024,61,HOMICIDE,15,NEW CITY
2024,61,HUMAN TRAFFICKING,1,NEW CITY
2024,61,INTERFERENCE WITH PUBLIC OFFICER,13,NEW CITY
2024,61,INTIMIDATION,2,NEW CITY
2024,61,KIDNAPPING,2,NEW CITY
2024,61,LIQUOR LAW VIOLATION,2,NEW CITY
2024,61,MOTOR VEHICLE THEFT,277,NEW CITY
2024,61,NARCOTICS,45,NEW CITY
2024,61,OBSCENITY,2,NEW CITY
2024,61,OFFENSE INVOLVING CHILDREN,32,NEW CITY
2024,61,OTHER OFFENSE,310,NEW CITY
2024,61,PUBLIC PEACE VIOLATION,7,NEW CITY
2024,61,ROBBERY,237,NEW CITY
2024,61,SEX OFFENSE,21,NEW CITY
2024,61,STALKING,3,NEW CITY
2024,61,THEFT,685,NEW CITY
2024,61,WEAPONS VIOLATION,240,NEW CITY
2024,62,ARSON,1,WEST ELSDON
2024,62,ASSAULT,107,WEST ELSDON
2024,62,BATTERY,174,WEST ELSDON
2024,62,BURGLARY,45,WEST ELSDON
2024,62,CONCEALED CARRY LICENSE VIOLATION,2,WEST ELSDON
2024,62,CRIMINAL DAMAGE,112,WEST ELSDON
2024,62,CRIMINAL SEXUAL ASSAULT,5,WEST ELSDON
2024,62,CRIMINAL TRESPASS,17,WEST ELSDON
2024,62,DECEPTIVE PRACTICE,84,WEST ELSDON
2024,62,HOMICIDE,1,WEST ELSDON
2024,62,INTIMIDATION,2,WEST ELSDON
2024,62,MOTOR VEHICLE THEFT,104,WEST ELSDON
2024,62,NARCOTICS,11,WEST ELSDON
2024,62,OBSCENITY,1,WEST ELSDON
2024,62,OFFENSE INVOLVING CHILDREN,6,WEST ELSDON
2024,62,OTHER OFFENSE,114,WEST ELSDON
2024,62,PUBLIC PEACE VIOLATION,7,WEST ELSDON
2024,62,ROBBERY,50,WEST ELSDON
2024,62,SEX OFFENSE,8,WEST ELSDON
2024,62,THEFT,174,WEST ELSDON
2024,62,WEAPONS VIOLATION,31,WEST ELSDON
2024,63,ARSON,6,GAGE PARK
2024,63,ASSAULT,282,GAGE PARK
2024,63,BATTERY,493,GAGE PARK
2024,63,BURGLARY,64,GAGE PARK
2024,63,CONCEALED CARRY LICENSE VIOLATION,4,GAGE PARK
2024,63,CRIMINAL DAMAGE,256,GAGE PARK
2024,63,CRIMINAL SEXUAL ASSAULT,7,GAGE PARK
2024,63,CRIMINAL TRESPASS,37,GAGE PARK
2024,63,DECEPTIVE PRACTICE,112,GAGE PARK
2024,63,HOMICIDE,9,GAGE PARK
2024,63,INTERFERENCE WITH PUBLIC OFFICER,6,GAGE PARK
2024,63,INTIMIDATION,1,GAGE PARK
2024,63,KIDNAPPING,3,GAGE PARK
2024,63,LIQUOR LAW VIOLATION,5,GAGE PARK
2024,63,MOTOR VEHICLE THEFT,212,GAGE PARK
2024,63,NARCOTICS,25,GAGE PARK
2024,63,OFFENSE INVOLVING CHILDREN,23,GAGE PARK
2024,63,OTHER OFFENSE,241,GAGE PARK
2024,63,PUBLIC PEACE VIOLATION,10,GAGE PARK
2024,63,ROBBERY,128,GAGE PARK
2024,63,SEX OFFENSE,19,GAGE PARK
2024,63,STALKING,5,GAGE PARK
2024,63,THEFT,447,GAGE PARK
2024,63,WEAPONS VIOLATION,109,GAGE PARK
2024,64,ARSON,5,CLEARING
2024,64,ASSAULT,111,CLEARING
2024,64,BATTERY,199,CLEARING
2024,64,BURGLARY,46,CLEARING
2024,64,CONCEALED CARRY LICENSE VIOLATION,1,CLEARING
2024,64,CRIMINAL DAMAGE,152,CLEARING
2024,64,CRIMINAL SEXUAL ASSAULT,2,CLEARING
2024,64,CRIMINAL TRESPASS,19,CLEARING
2024,64,DECEPTIVE PRACTICE,78,CLEARING
2024,64,INTERFERENCE WITH PUBLIC OFFICER,2,CLEARING
2024,64,MOTOR VEHICLE THEFT,131,CLEARING
2024,64,NARCOTICS,4,CLEARING
2024,64,OBSCENITY,1,CLEARING
2024,64,OFFENSE INVOLVING CHILDREN,7,CLEARING
2024,64,OTHER OFFENSE,113,CLEARING
2024,64,PROSTITUTION,1,CLEARING
2024,64,PUBLIC PEACE VIOLATION,1,CLEARING
2024,64,ROBBERY,19,CLEARING
2024,64,SEX OFFENSE,5,CLEARING
2024,64,STALKING,6,CLEARING
2024,64,THEFT,178,CLEARING
2024,64,WEAPONS VIOLATION,17,CLEARING
2024,65,ARSON,6,WEST LAWN
2024,65,ASSAULT,148,WEST LAWN
2024,65,BATTERY,305,WEST LAWN
2024,65,BURGLARY,71,WEST LAWN
2024,65,CRIMINAL DAMAGE,249,WEST LAWN
2024,65,CRIMINAL SEXUAL ASSAULT,11,WEST LAWN
2024,65,CRIMINAL TRESPASS,18,WEST LAWN
2024,65,DECEPTIVE PRACTICE,115,WEST LAWN
2024,65,INTERFERENCE WITH PUBLIC OFFICER,3,WEST LAWN
2024,65,LIQUOR LAW VIOLATION,2,WEST LAWN
2024,65,MOTOR VEHICLE THEFT,288,WEST LAWN
2024,65,NARCOTICS,13,WEST LAWN
2024,65,OFFENSE INVOLVING CHILDREN,18,WEST LAWN
2024,65,OTHER OFFENSE,161,WEST LAWN
2024,65,PUBLIC PEACE VIOLATION,9,WEST LAWN
2024,65,ROBBERY,42,WEST LAWN
2024,65,SEX OFFENSE,15,WEST LAWN
2024,65,STALKING,2,WEST LAWN
2024,65,THEFT,473,WEST LAWN
2024,65,WEAPONS VIOLATION,46,WEST LAWN
2024,66,ARSON,20,CHICAGO LAWN
2024,66,ASSAULT,624,CHICAGO LAWN
2024,66,BATTERY,1105,CHICAGO LAWN
2024,66,BURGLARY,121,CHICAGO LAWN
2024,66,CONCEALED CARRY LICENSE VIOLATION,3,CHICAGO LAWN
2024,66,CRIMINAL DAMAGE,618,CHICAGO LAWN
2024,66,CRIMINAL SEXUAL ASSAULT,30,CHICAGO LAWN
2024,66,CRIMINAL TRESPASS,78,CHICAGO LAWN
2024,66,DECEPTIVE PRACTICE,278,CHICAGO LAWN
2024,66,HOMICIDE,12,CHICAGO LAWN
2024,66,INTERFERENCE WITH PUBLIC OFFICER,16,CHICAGO LAWN
2024,66,INTIMIDATION,5,CHICAGO LAWN
2024,66,KIDNAPPING,3,CHICAGO LAWN
2024,66,LIQUOR LAW VIOLATION,7,CHICAGO LAWN
2024,66,MOTOR VEHICLE THEFT,402,CHICAGO LAWN
2024,66,NARCOTICS,184,CHICAGO LAWN
2024,66,OBSCENITY,1,CHICAGO LAWN
2024,66,OFFENSE INVOLVING CHILDREN,48,CHICAGO LAWN
2024,66,OTHER OFFENSE,509,CHICAGO LAWN
2024,66,PUBLIC INDECENCY,1,CHICAGO LAWN
2024,66,PUBLIC PEACE VIOLATION,17,CHICAGO LAWN
2024,66,ROBBERY,195,CHICAGO LAWN
2024,66,SEX OFFENSE,34,CHICAGO LAWN
2024,66,STALKING,14,CHICAGO LAWN
2024,66,THEFT,755,CHICAGO LAWN
2024,66,WEAPONS VIOLATION,232,CHICAGO LAWN
2024,67,ARSON,18,WEST ENGLEWOOD
2024,67,ASSAULT,494,WEST ENGLEWOOD
2024,67,BATTERY,1008,WEST ENGLEWOOD
2024,67,BURGLARY,94,WEST ENGLEWOOD
2024,67,CONCEALED CARRY LICENSE VIOLATION,4,WEST ENGLEWOOD
2024,67,CRIMINAL DAMAGE,564,WEST ENGLEWOOD
2024,67,CRIMINAL SEXUAL ASSAULT,26,WEST ENGLEWOOD
2024,67,CRIMINAL TRESPASS,51,WEST ENGLEWOOD
2024,67,DECEPTIVE PRACTICE,175,WEST ENGLEWOOD
2024,67,HOMICIDE,17,WEST ENGLEWOOD
2024,67,INTERFERENCE WITH PUBLIC OFFICER,39,WEST ENGLEWOOD
2024,67,INTIMIDATION,1,WEST ENGLEWOOD
2024,67,KIDNAPPING,2,WEST ENGLEWOOD
2024,67,LIQUOR LAW VIOLATION,2,WEST ENGLEWOOD
2024,67,MOTOR VEHICLE THEFT,366,WEST ENGLEWOOD
2024,67,NARCOTICS,173,WEST ENGLEWOOD
2024,67,OFFENSE INVOLVING CHILDREN,50,WEST ENGLEWOOD
2024,67,OTHER NARCOTIC VIOLATION,1,WEST ENGLEWOOD
2024,67,OTHER OFFENSE,431,WEST ENGLEWOOD
2024,67,PUBLIC PEACE VIOLATION,9,WEST ENGLEWOOD
2024,67,ROBBERY,213,WEST ENGLEWOOD
2024,67,SEX OFFENSE,19,WEST ENGLEWOOD
2024,67,STALKING,6,WEST ENGLEWOOD
2024,67,THEFT,585,WEST ENGLEWOOD
2024,67,WEAPONS VIOLATION,294,WEST ENGLEWOOD
2024,68,ARSON,19,ENGLEWOOD
2024,68,ASSAULT,593,ENGLEWOOD
2024,68,BATTERY,1225,ENGLEWOOD
2024,68,BURGLARY,113,ENGLEWOOD
2024,68,CONCEALED CARRY LICENSE VIOLATION,10,ENGLEWOOD
2024,68,CRIMINAL DAMAGE,612,ENGLEWOOD
2024,68,CRIMINAL SEXUAL ASSAULT,37,ENGLEWOOD
2024,68,CRIMINAL TRESPASS,57,ENGLEWOOD
2024,68,DECEPTIVE PRACTICE,190,ENGLEWOOD
2024,68,HOMICIDE,21,ENGLEWOOD
2024,68,HUMAN TRAFFICKING,1,ENGLEWOOD
2024,68,INTERFERENCE WITH PUBLIC OFFICER,38,ENGLEWOOD
2024,68,INTIMIDATION,3,ENGLEWOOD
2024,68,KIDNAPPING,1,ENGLEWOOD
2024,68,LIQUOR LAW VIOLATION,3,ENGLEWOOD
2024,68,MOTOR VEHICLE THEFT,463,ENGLEWOOD
2024,68,NARCOTICS,155,ENGLEWOOD
2024,68,OBSCENITY,2,ENGLEWOOD
2024,68,OFFENSE INVOLVING CHILDREN,46,ENGLEWOOD
2024,68,OTHER OFFENSE,374,ENGLEWOOD
2024,68,PUBLIC INDECENCY,1,ENGLEWOOD
2024,68,PUBLIC PEACE VIOLATION,27,ENGLEWOOD
2024,68,ROBBERY,216,ENGLEWOOD
2024,68,SEX OFFENSE,21,ENGLEWOOD
2024,68,STALKING,10,ENGLEWOOD
2024,68,THEFT,669,ENGLEWOOD
2024,68,WEAPONS VIOLATION,315,ENGLEWOOD
2024,69,ARSON,24,GREATER GRAND CROSSING
2024,69,ASSAULT,691,GREATER GRAND CROSSING
2024,69,BATTERY,1437,GREATER GRAND CROSSING
2024,69,BURGLARY,245,GREATER GRAND CROSSING
2024,69,CONCEALED CARRY LICENSE VIOLATION,7,GREATER GRAND CROSSING
2024,69,CRIMINAL DAMAGE,728,GREATER GRAND CROSSING
2024,69,CRIMINAL SEXUAL ASSAULT,36,GREATER GRAND CROSSING
2024,69,CRIMINAL TRESPASS,117,GREATER GRAND CROSSING
2024,69,DECEPTIVE PRACTICE,246,GREATER GRAND CROSSING
2024,69,HOMICIDE,36,GREATER GRAND CROSSING
2024,69,INTERFERENCE WITH PUBLIC OFFICER,31,GREATER GRAND CROSSING
2024,69,INTIMIDATION,3,GREATER GRAND CROSSING
2024,69,KIDNAPPING,4,GREATER GRAND CROSSING
2024,69,LIQUOR LAW VIOLATION,5,GREATER GRAND CROSSING
2024,69,MOTOR VEHICLE THEFT,580,GREATER GRAND CROSSING
2024,69,NARCOTICS,98,GREATER GRAND CROSSING
2024,69,OFFENSE INVOLVING CHILDREN,42,GREATER GRAND CROSSING
2024,69,OTHER OFFENSE,521,GREATER GRAND CROSSING
2024,69,PUBLIC PEACE VIOLATION,25,GREATER GRAND CROSSING
2024,69,ROBBERY,252,GREATER GRAND CROSSING
2024,69,SEX OFFENSE,22,GREATER GRAND CROSSING
2024,69,STALKING,10,GREATER GRAND CROSSING
2024,69,THEFT,962,GREATER GRAND CROSSING
2024,69,WEAPONS VIOLATION,388,GREATER GRAND CROSSING
2024,70,ARSON,6,ASHBURN
2024,70,ASSAULT,242,ASHBURN
2024,70,BATTERY,380,ASHBURN
2024,70,BURGLARY,93,ASHBURN
2024,70,CRIMINAL DAMAGE,295,ASHBURN
2024,70,CRIMINAL SEXUAL ASSAULT,10,ASHBURN
2024,70,CRIMINAL TRESPASS,36,ASHBURN
2024,70,DECEPTIVE PRACTICE,170,ASHBURN
2024,70,HOMICIDE,6,ASHBURN
2024,70,INTERFERENCE WITH PUBLIC OFFICER,1,ASHBURN
2024,70,INTIMIDATION,1,ASHBURN
2024,70,MOTOR VEHICLE THEFT,389,ASHBURN
2024,70,NARCOTICS,9,ASHBURN
2024,70,OBSCENITY,5,ASHBURN
2024,70,OFFENSE INVOLVING CHILDREN,19,ASHBURN
2024,70,OTHER OFFENSE,201,ASHBURN
2024,70,PUBLIC PEACE VIOLATION,3,ASHBURN
2024,70,ROBBERY,48,ASHBURN
2024,70,SEX OFFENSE,13,ASHBURN
2024,70,STALKING,7,ASHBURN
2024,70,THEFT,432,ASHBURN
2024,70,WEAPONS VIOLATION,56,ASHBURN
2024,71,ARSON,12,AUBURN GRESHAM
2024,71,ASSAULT,774,AUBURN GRESHAM
2024,71,BATTERY,1361,AUBURN GRESHAM
2024,71,BURGLARY,212,AUBURN GRESHAM
2024,71,CONCEALED CARRY LICENSE VIOLATION,2,AUBURN GRESHAM
2024,71,CRIMINAL DAMAGE,979,AUBURN GRESHAM
2024,71,CRIMINAL SEXUAL ASSAULT,25,AUBURN GRESHAM
2024,71,CRIMINAL TRESPASS,113,AUBURN GRESHAM
2024,71,DECEPTIVE PRACTICE,269,AUBURN GRESHAM
2024,71,GAMBLING,2,AUBURN GRESHAM
2024,71,HOMICIDE,29,AUBURN GRESHAM
2024,71,HUMAN TRAFFICKING,1,AUBURN GRESHAM
2024,71,INTERFERENCE WITH PUBLIC OFFICER,22,AUBURN GRESHAM
2024,71,INTIMIDATION,1,AUBURN GRESHAM
2024,71,KIDNAPPING,2,AUBURN GRESHAM
2024,71,LIQUOR LAW VIOLATION,2,AUBURN GRESHAM
2024,71,MOTOR VEHICLE THEFT,585,AUBURN GRESHAM
2024,71,NARCOTICS,93,AUBURN GRESHAM
2024,71,OFFENSE INVOLVING CHILDREN,69,AUBURN GRESHAM
2024,71,OTHER OFFENSE,613,AUBURN GRESHAM
2024,71,PUBLIC INDECENCY,1,AUBURN GRESHAM
2024,71,PUBLIC PEACE VIOLATION,22,AUBURN GRESHAM
2024,71,ROBBERY,230,AUBURN GRESHAM
2024,71,SEX OFFENSE,31,AUBURN GRESHAM
2024,71,STALKING,23,AUBURN GRESHAM
2024,71,THEFT,901,AUBURN GRESHAM
2024,71,WEAPONS VIOLATION,264,AUBURN GRESHAM
2024,72,ASSAULT,71,BEVERLY
2024,72,BATTERY,102,BEVERLY
2024,72,BURGLARY,29,BEVERLY
2024,72,CRIMINAL DAMAGE,124,BEVERLY
2024,72,CRIMINAL SEXUAL ASSAULT,3,BEVERLY
2024,72,CRIMINAL TRESPASS,16,BEVERLY
2024,72,DECEPTIVE PRACTICE,99,BEVERLY
2024,72,HOMICIDE,1,BEVERLY
2024,72,INTIMIDATION,1,BEVERLY
2024,72,MOTOR VEHICLE THEFT,85,BEVERLY
2024,72,NARCOTICS,6,BEVERLY
2024,72,NON-CRIMINAL,1,BEVERLY
2024,72,OFFENSE INVOLVING CHILDREN,15,BEVERLY
2024,72,OTHER OFFENSE,110,BEVERLY
2024,72,PUBLIC PEACE VIOLATION,2,BEVERLY
2024,72,ROBBERY,14,BEVERLY
2024,72,SEX OFFENSE,5,BEVERLY
2024,72,STALKING,2,BEVERLY
2024,72,THEFT,217,BEVERLY
2024,72,WEAPONS VIOLATION,11,BEVERLY
2024,73,ARSON,2,WASHINGTON HEIGHTS
2024,73,ASSAULT,305,WASHINGTON HEIGHTS
2024,73,BATTERY,486,WASHINGTON HEIGHTS
2024,73,BURGLARY,84,WASHINGTON HEIGHTS
2024,73,CONCEALED CARRY LICENSE VIOLATION,2,WASHINGTON HEIGHTS
2024,73,CRIMINAL DAMAGE,374,WASHINGTON HEIGHTS
2024,73,CRIMINAL SEXUAL ASSAULT,16,WASHINGTON HEIGHTS
2024,73,CRIMINAL TRESPASS,41,WASHINGTON HEIGHTS
2024,73,DECEPTIVE PRACTICE,151,WASHINGTON HEIGHTS
2024,73,HOMICIDE,8,WASHINGTON HEIGHTS
2024,73,INTERFERENCE WITH PUBLIC OFFICER,18,WASHINGTON HEIGHTS
2024,73,INTIMIDATION,1,WASHINGTON HEIGHTS
2024,73,KIDNAPPING,1,WASHINGTON HEIGHTS
2024,73,LIQUOR LAW VIOLATION,1,WASHINGTON HEIGHTS
2024,73,MOTOR VEHICLE THEFT,306,WASHINGTON HEIGHTS
2024,73,NARCOTICS,63,WASHINGTON HEIGHTS
2024,73,OFFENSE INVOLVING CHILDREN,30,WASHINGTON HEIGHTS
2024,73,OTHER OFFENSE,260,WASHINGTON HEIGHTS
2024,73,PUBLIC PEACE VIOLATION,5,WASHINGTON HEIGHTS
2024,73,ROBBERY,72,WASHINGTON HEIGHTS
2024,73,SEX OFFENSE,11,WASHINGTON HEIGHTS
2024,73,STALKING,3,WASHINGTON HEIGHTS
2024,73,THEFT,709,WASHINGTON HEIGHTS
2024,73,WEAPONS VIOLATION,120,WASHINGTON HEIGHTS
2024,74,ASSAULT,45,MOUNT GREENWOOD
2024,74,BATTERY,94,MOUNT GREENWOOD
2024,74,BURGLARY,8,MOUNT GREENWOOD
2024,74,CRIMINAL DAMAGE,63,MOUNT GREENWOOD
2024,74,CRIMINAL SEXUAL ASSAULT,7,MOUNT GREENWOOD
2024,74,CRIMINAL TRESPASS,14,MOUNT GREENWOOD
2024,74,DECEPTIVE PRACTICE,77,MOUNT GREENWOOD
2024,74,INTERFERENCE WITH PUBLIC OFFICER,4,MOUNT GREENWOOD
2024,74,LIQUOR LAW VIOLATION,5,MOUNT GREENWOOD
2024,74,MOTOR VEHICLE THEFT,29,MOUNT GREENWOOD
2024,74,NARCOTICS,3,MOUNT GREENWOOD
2024,74,OFFENSE INVOLVING CHILDREN,7,MOUNT GREENWOOD
2024,74,OTHER OFFENSE,57,MOUNT GREENWOOD
2024,74,ROBBERY,4,MOUNT GREENWOOD
2024,74,SEX OFFENSE,3,MOUNT GREENWOOD
2024,74,STALKING,1,MOUNT GREENWOOD
2024,74,THEFT,126,MOUNT GREENWOOD
2024,74,WEAPONS VIOLATION,1,MOUNT GREENWOOD
2024,75,ARSON,2,MORGAN PARK
2024,75,ASSAULT,187,MORGAN PARK
2024,75,BATTERY,378,MORGAN PARK
2024,75,BURGLARY,45,MORGAN PARK
2024,75,CRIMINAL DAMAGE,235,MORGAN PARK
2024,75,CRIMINAL SEXUAL ASSAULT,11,MORGAN PARK
2024,75,CRIMINAL TRESPASS,26,MORGAN PARK
2024,75,DECEPTIVE PRACTICE,129,MORGAN PARK
2024,75,HOMICIDE,2,MORGAN PARK
2024,75,HUMAN TRAFFICKING,1,MORGAN PARK
2024,75,INTERFERENCE WITH PUBLIC OFFICER,13,MORGAN PARK
2024,75,INTIMIDATION,1,MORGAN PARK
2024,75,KIDNAPPING,2,MORGAN PARK
2024,75,LIQUOR LAW VIOLATION,2,MORGAN PARK
2024,75,MOTOR VEHICLE THEFT,187,MORGAN PARK
2024,75,NARCOTICS,36,MORGAN PARK
2024,75,OFFENSE INVOLVING CHILDREN,24,MORGAN PARK
2024,75,OTHER OFFENSE,198,MORGAN PARK
2024,75,PUBLIC PEACE VIOLATION,5,MORGAN PARK
2024,75,ROBBERY,46,MORGAN PARK
2024,75,SEX OFFENSE,8,MORGAN PARK
2024,75,STALKING,5,MORGAN PARK
2024,75,THEFT,392,MORGAN PARK
2024,75,WEAPONS VIOLATION,76,MORGAN PARK
2024,76,ASSAULT,100,OHARE
2024,76,BATTERY,266,OHARE
2024,76,BURGLARY,16,OHARE
2024,76,CONCEALED CARRY LICENSE VIOLATION,49,OHARE
2024,76,CRIMINAL DAMAGE,118,OHARE
2024,76,CRIMINAL SEXUAL ASSAULT,9,OHARE
2024,76,CRIMINAL TRESPASS,49,OHARE
2024,76,DECEPTIVE PRACTICE,236,OHARE
2024,76,LIQUOR LAW VIOLATION,2,OHARE
2024,76,MOTOR VEHICLE THEFT,124,OHARE
2024,76,NARCOTICS,55,OHARE
2024,76,OBSCENITY,1,OHARE
2024,76,OFFENSE INVOLVING CHILDREN,7,OHARE
2024,76,OTHER OFFENSE,89,OHARE
2024,76,PUBLIC PEACE VIOLATION,26,OHARE
2024,76,ROBBERY,7,OHARE
2024,76,SEX OFFENSE,10,OHARE
2024,76,STALKING,5,OHARE
2024,76,THEFT,516,OHARE
2024,76,WEAPONS VIOLATION,14,OHARE
2024,77,ARSON,4,EDGEWATER
2024,77,ASSAULT,273,EDGEWATER
2024,77,BATTERY,552,EDGEWATER
2024,77,BURGLARY,138,EDGEWATER
2024,77,CRIMINAL DAMAGE,399,EDGEWATER
2024,77,CRIMINAL SEXUAL ASSAULT,33,EDGEWATER
2024,77,CRIMINAL TRESPASS,120,EDGEWATER
2024,77,DECEPTIVE PRACTICE,248,EDGEWATER
2024,77,HOMICIDE,3,EDGEWATER
2024,77,INTERFERENCE WITH PUBLIC OFFICER,6,EDGEWATER
2024,77,INTIMIDATION,3,EDGEWATER
2024,77,KIDNAPPING,2,EDGEWATER
2024,77,MOTOR VEHICLE THEFT,247,EDGEWATER
2024,77,NARCOTICS,23,EDGEWATER
2024,77,OBSCENITY,2,EDGEWATER
2024,77,OFFENSE INVOLVING CHILDREN,13,EDGEWATER
2024,77,OTHER OFFENSE,184,EDGEWATER
2024,77,PUBLIC INDECENCY,1,EDGEWATER
2024,77,PUBLIC PEACE VIOLATION,10,EDGEWATER
2024,77,ROBBERY,98,EDGEWATER
2024,77,SEX OFFENSE,25,EDGEWATER
2024,77,STALKING,9,EDGEWATER
2024,77,THEFT,1159,EDGEWATER
2024,77,WEAPONS VIOLATION,18,EDGEWATER
2025,1,ARSON,6,ROGERS PARK
2025,1,ASSAULT,302,ROGERS PARK
2025,1,BATTERY,724,ROGERS PARK
2025,1,BURGLARY,131,ROGERS PARK
2025,1,CONCEALED CARRY LICENSE VIOLATION,1,ROGERS PARK
2025,1,CRIMINAL DAMAGE,330,ROGERS PARK
2025,1,CRIMINAL SEXUAL ASSAULT,33,ROGERS PARK
2025,1,CRIMINAL TRESPASS,131,ROGERS PARK
2025,1,DECEPTIVE PRACTICE,221,ROGERS PARK
2025,1,HOMICIDE,3,ROGERS PARK
2025,1,INTERFERENCE WITH PUBLIC OFFICER,5,ROGERS PARK
2025,1,INTIMIDATION,11,ROGERS PARK
2025,1,LIQUOR LAW VIOLATION,4,ROGERS PARK
2025,1,MOTOR VEHICLE THEFT,223,ROGERS PARK
2025,1,NARCOTICS,86,ROGERS PARK
2025,1,OBSCENITY,1,ROGERS PARK
2025,1,OFFENSE INVOLVING CHILDREN,20,ROGERS PARK
2025,1,OTHER OFFENSE,231,ROGERS PARK
2025,1,PUBLIC INDECENCY,1,ROGERS PARK
2025,1,PUBLIC PEACE VIOLATION,6,ROGERS PARK
2025,1,ROBBERY,90,ROGERS PARK
2025,1,SEX OFFENSE,27,ROGERS PARK
2025,1,STALKING,12,ROGERS PARK
2025,1,THEFT,1022,ROGERS PARK
2025,1,WEAPONS VIOLATION,37,ROGERS PARK
2025,2,ARSON,2,WEST RIDGE
2025,2,ASSAULT,249,WEST RIDGE
2025,2,BATTERY,593,WEST RIDGE
2025,2,BURGLARY,208,WEST RIDGE
2025,2,CONCEALED CARRY LICENSE VIOLATION,1,WEST RIDGE
2025,2,CRIMINAL DAMAGE,355,WEST RIDGE
2025,2,CRIMINAL SEXUAL ASSAULT,23,WEST RIDGE
2025,2,CRIMINAL TRESPASS,77,WEST RIDGE
2025,2,DECEPTIVE PRACTICE,225,WEST RIDGE
2025,2,GAMBLING,1,WEST RIDGE
2025,2,HOMICIDE,3,WEST RIDGE
2025,2,INTERFERENCE WITH PUBLIC OFFICER,5,WEST RIDGE
2025,2,INTIMIDATION,8,WEST RIDGE
2025,2,KIDNAPPING,1,WEST RIDGE
2025,2,LIQUOR LAW VIOLATION,4,WEST RIDGE
2025,2,MOTOR VEHICLE THEFT,248,WEST RIDGE
2025,2,NARCOTICS,23,WEST RIDGE
2025,2,OFFENSE INVOLVING CHILDREN,19,WEST RIDGE
2025,2,OTHER OFFENSE,242,WEST RIDGE
2025,2,PUBLIC INDECENCY,1,WEST RIDGE
2025,2,PUBLIC PEACE VIOLATION,6,WEST RIDGE
2025,2,ROBBERY,68,WEST RIDGE
2025,2,SEX OFFENSE,24,WEST RIDGE
2025,2,STALKING,6,WEST RIDGE
2025,2,THEFT,763,WEST RIDGE
2025,2,WEAPONS VIOLATION,25,WEST RIDGE
2025,3,ARSON,6,UPTOWN
2025,3,ASSAULT,370,UPTOWN
2025,3,BATTERY,773,UPTOWN
2025,3,BURGLARY,206,UPTOWN
2025,3,CRIMINAL DAMAGE,379,UPTOWN
2025,3,CRIMINAL SEXUAL ASSAULT,48,UPTOWN
2025,3,CRIMINAL TRESPASS,104,UPTOWN
2025,3,DECEPTIVE PRACTICE,307,UPTOWN
2025,3,HOMICIDE,2,UPTOWN
2025,3,HUMAN TRAFFICKING,1,UPTOWN
2025,3,INTERFERENCE WITH PUBLIC OFFICER,2,UPTOWN
2025,3,INTIMIDATION,1,UPTOWN
2025,3,KIDNAPPING,2,UPTOWN
2025,3,MOTOR VEHICLE THEFT,186,UPTOWN
2025,3,NARCOTICS,48,UPTOWN
2025,3,OFFENSE INVOLVING CHILDREN,14,UPTOWN
2025,3,OTHER OFFENSE,184,UPTOWN
2025,3,PROSTITUTION,1,UPTOWN
2025,3,PUBLIC PEACE VIOLATION,9,UPTOWN
2025,3,ROBBERY,76,UPTOWN
2025,3,SEX OFFENSE,38,UPTOWN
2025,3,STALKING,9,UPTOWN
2025,3,THEFT,1275,UPTOWN
2025,3,WEAPONS VIOLATION,32,UPTOWN
2025,4,ARSON,1,LINCOLN SQUARE
2025,4,ASSAULT,139,LINCOLN SQUARE
2025,4,BATTERY,274,LINCOLN SQUARE
2025,4,BURGLARY,92,LINCOLN SQUARE
2025,4,CRIMINAL DAMAGE,198,LINCOLN SQUARE
2025,4,CRIMINAL SEXUAL ASSAULT,13,LINCOLN SQUARE
2025,4,CRIMINAL TRESPASS,56,LINCOLN SQUARE
2025,4,DECEPTIVE PRACTICE,168,LINCOLN SQUARE
2025,4,HOMICIDE,1,LINCOLN SQUARE
2025,4,INTERFERENCE WITH PUBLIC OFFICER,2,LINCOLN SQUARE
2025,4,MOTOR VEHICLE THEFT,89,LINCOLN SQUARE
2025,4,NARCOTICS,19,LINCOLN SQUARE
2025,4,OBSCENITY,1,LINCOLN SQUARE
2025,4,OFFENSE INVOLVING CHILDREN,9,LINCOLN SQUARE
2025,4,OTHER OFFENSE,109,LINCOLN SQUARE
2025,4,PROSTITUTION,1,LINCOLN SQUARE
2025,4,PUBLIC PEACE VIOLATION,3,LINCOLN SQUARE
2025,4,ROBBERY,26,LINCOLN SQUARE
2025,4,SEX OFFENSE,23,LINCOLN SQUARE
2025,4,STALKING,6,LINCOLN SQUARE
2025,4,THEFT,607,LINCOLN SQUARE
2025,4,WEAPONS VIOLATION,14,LINCOLN SQUARE
2025,5,ARSON,1,NORTH CENTER
2025,5,ASSAULT,78,NORTH CENTER
2025,5,BATTERY,124,NORTH CENTER
2025,5,BURGLARY,93,NORTH CENTER
2025,5,CRIMINAL DAMAGE,178,NORTH CENTER
2025,5,CRIMINAL SEXUAL ASSAULT,9,NORTH CENTER
2025,5,CRIMINAL TRESPASS,36,NORTH CENTER
2025,5,DECEPTIVE PRACTICE,133,NORTH CENTER
2025,5,HOMICIDE,1,NORTH CENTER
2025,5,INTERFERENCE WITH PUBLIC OFFICER,2,NORTH CENTER
2025,5,KIDNAPPING,1,NORTH CENTER
2025,5,LIQUOR LAW VIOLATION,1,NORTH CENTER
2025,5,MOTOR VEHICLE THEFT,79,NORTH CENTER
2025,5,NARCOTICS,20,NORTH CENTER
2025,5,OFFENSE INVOLVING CHILDREN,6,NORTH CENTER
2025,5,OTHER OFFENSE,68,NORTH CENTER
2025,5,PUBLIC PEACE VIOLATION,3,NORTH CENTER
2025,5,ROBBERY,17,NORTH CENTER
2025,5,SEX OFFENSE,7,NORTH CENTER
2025,5,STALKING,7,NORTH CENTER
2025,5,THEFT,337,NORTH CENTER
2025,5,WEAPONS VIOLATION,5,NORTH CENTER
2025,6,ARSON,1,LAKE VIEW
2025,6,ASSAULT,327,LAKE VIEW
2025,6,BATTERY,747,LAKE VIEW
2025,6,BURGLARY,316,LAKE VIEW
2025,6,CONCEALED CARRY LICENSE VIOLATION,7,LAKE VIEW
2025,6,CRIMINAL DAMAGE,458,LAKE VIEW
2025,6,CRIMINAL SEXUAL ASSAULT,54,LAKE VIEW
2025,6,CRIMINAL TRESPASS,157,LAKE VIEW
2025,6,DECEPTIVE PRACTICE,565,LAKE VIEW
2025,6,INTERFERENCE WITH PUBLIC OFFICER,3,LAKE VIEW
2025,6,INTIMIDATION,5,LAKE VIEW
2025,6,KIDNAPPING,3,LAKE VIEW
2025,6,LIQUOR LAW VIOLATION,7,LAKE VIEW
2025,6,MOTOR VEHICLE THEFT,278,LAKE VIEW
2025,6,NARCOTICS,34,LAKE VIEW
2025,6,OBSCENITY,1,LAKE VIEW
2025,6,OFFENSE INVOLVING CHILDREN,6,LAKE VIEW
2025,6,OTHER OFFENSE,227,LAKE VIEW
2025,6,PROSTITUTION,1,LAKE VIEW
2025,6,PUBLIC PEACE VIOLATION,23,LAKE VIEW
2025,6,ROBBERY,157,LAKE VIEW
2025,6,SEX OFFENSE,37,LAKE VIEW
2025,6,STALKING,7,LAKE VIEW
2025,6,THEFT,2397,LAKE VIEW
2025,6,WEAPONS VIOLATION,33,LAKE VIEW
2025,7,ARSON,1,LINCOLN PARK
2025,7,ASSAULT,209,LINCOLN PARK
2025,7,BATTERY,325,LINCOLN PARK
2025,7,BURGLARY,272,LINCOLN PARK
2025,7,CRIMINAL DAMAGE,373,LINCOLN PARK
2025,7,CRIMINAL SEXUAL ASSAULT,22,LINCOLN PARK
2025,7,CRIMINAL TRESPASS,100,LINCOLN PARK
2025,7,DECEPTIVE PRACTICE,334,LINCOLN PARK
2025,7,HOMICIDE,1,LINCOLN PARK
2025,7,INTIMIDATION,2,LINCOLN PARK
2025,7,LIQUOR LAW VIOLATION,6,LINCOLN PARK
2025,7,MOTOR VEHICLE THEFT,204,LINCOLN PARK
2025,7,NARCOTICS,18,LINCOLN PARK
2025,7,OBSCENITY,1,LINCOLN PARK
2025,7,OFFENSE INVOLVING CHILDREN,4,LINCOLN PARK
2025,7,OTHER OFFENSE,123,LINCOLN PARK
2025,7,PUBLIC PEACE VIOLATION,16,LINCOLN PARK
2025,7,ROBBERY,64,LINCOLN PARK
2025,7,SEX OFFENSE,22,LINCOLN PARK
2025,7,STALKING,7,LINCOLN PARK
2025,7,THEFT,1672,LINCOLN PARK
2025,7,WEAPONS VIOLATION,25,LINCOLN PARK
2025,8,ARSON,4,NEAR NORTH SIDE
2025,8,ASSAULT,619,NEAR NORTH SIDE
2025,8,BATTERY,1527,NEAR NORTH SIDE
2025,8,BURGLARY,273,NEAR NORTH SIDE
2025,8,CONCEALED CARRY LICENSE VIOLATION,6,NEAR NORTH SIDE
2025,8,CRIMINAL DAMAGE,701,NEAR NORTH SIDE
2025,8,CRIMINAL SEXUAL ASSAULT,146,NEAR NORTH SIDE
2025,8,CRIMINAL TRESPASS,371,NEAR NORTH SIDE
2025,8,DECEPTIVE PRACTICE,1140,NEAR NORTH SIDE
2025,8,GAMBLING,2,NEAR NORTH SIDE
2025,8,HOMICIDE,12,NEAR NORTH SIDE
2025,8,INTERFERENCE WITH PUBLIC OFFICER,20,NEAR NORTH SIDE
2025,8,INTIMIDATION,9,NEAR NORTH SIDE
2025,8,KIDNAPPING,4,NEAR NORTH SIDE
2025,8,LIQUOR LAW VIOLATION,6,NEAR NORTH SIDE
2025,8,MOTOR VEHICLE THEFT,387,NEAR NORTH SIDE
2025,8,NARCOTICS,101,NEAR NORTH SIDE
2025,8,OFFENSE INVOLVING CHILDREN,26,NEAR NORTH SIDE
2025,8,OTHER OFFENSE,403,NEAR NORTH SIDE
2025,8,PROSTITUTION,2,NEAR NORTH SIDE
2025,8,PUBLIC INDECENCY,1,NEAR NORTH SIDE
2025,8,PUBLIC PEACE VIOLATION,80,NEAR NORTH SIDE
2025,8,ROBBERY,244,NEAR NORTH SIDE
2025,8,SEX OFFENSE,54,NEAR NORTH SIDE
2025,8,STALKING,26,NEAR NORTH SIDE
2025,8,THEFT,4539,NEAR NORTH SIDE
2025,8,WEAPONS VIOLATION,149,NEAR NORTH SIDE
2025,9,ARSON,1,EDISON PARK
2025,9,ASSAULT,22,EDISON PARK
2025,9,BATTERY,44,EDISON PARK
2025,9,BURGLARY,30,EDISON PARK
2025,9,CRIMINAL DAMAGE,33,EDISON PARK
2025,9,CRIMINAL TRESPASS,14,EDISON PARK
2025,9,DECEPTIVE PRACTICE,38,EDISON PARK
2025,9,INTERFERENCE WITH PUBLIC OFFICER,1,EDISON PARK
2025,9,LIQUOR LAW VIOLATION,1,EDISON PARK
2025,9,MOTOR VEHICLE THEFT,9,EDISON PARK
2025,9,OFFENSE INVOLVING CHILDREN,1,EDISON PARK
2025,9,OTHER OFFENSE,23,EDISON PARK
2025,9,PUBLIC PEACE VIOLATION,2,EDISON PARK
2025,9,SEX OFFENSE,1,EDISON PARK
2025,9,THEFT,45,EDISON PARK
2025,10,ARSON,2,NORWOOD PARK
2025,10,ASSAULT,90,NORWOOD PARK
2025,10,BATTERY,147,NORWOOD PARK
2025,10,BURGLARY,97,NORWOOD PARK
2025,10,CRIMINAL DAMAGE,124,NORWOOD PARK
2025,10,CRIMINAL SEXUAL ASSAULT,5,NORWOOD PARK
2025,10,CRIMINAL TRESPASS,45,NORWOOD PARK
2025,10,DECEPTIVE PRACTICE,126,NORWOOD PARK
2025,10,HOMICIDE,1,NORWOOD PARK
2025,10,INTERFERENCE WITH PUBLIC OFFICER,2,NORWOOD PARK
2025,10,INTIMIDATION,2,NORWOOD PARK
2025,10,KIDNAPPING,1,NORWOOD PARK
2025,10,LIQUOR LAW VIOLATION,1,NORWOOD PARK
2025,10,MOTOR VEHICLE THEFT,61,NORWOOD PARK
2025,10,NARCOTICS,13,NORWOOD PARK
2025,10,OBSCENITY,1,NORWOOD PARK
2025,10,OFFENSE INVOLVING CHILDREN,6,NORWOOD PARK
2025,10,OTHER OFFENSE,88,NORWOOD PARK
2025,10,PUBLIC PEACE VIOLATION,6,NORWOOD PARK
2025,10,ROBBERY,8,NORWOOD PARK
2025,10,SEX OFFENSE,5,NORWOOD PARK
2025,10,STALKING,8,NORWOOD PARK
2025,10,THEFT,255,NORWOOD PARK
2025,10,WEAPONS VIOLATION,3,NORWOOD PARK
2025,11,ASSAULT,81,JEFFERSON PARK
2025,11,BATTERY,166,JEFFERSON PARK
2025,11,BURGLARY,50,JEFFERSON PARK
2025,11,CRIMINAL DAMAGE,116,JEFFERSON PARK
2025,11,CRIMINAL SEXUAL ASSAULT,4,JEFFERSON PARK
2025,11,CRIMINAL TRESPASS,35,JEFFERSON PARK
2025,11,DECEPTIVE PRACTICE,81,JEFFERSON PARK
2025,11,INTERFERENCE WITH PUBLIC OFFICER,3,JEFFERSON PARK
2025,11,LIQUOR LAW VIOLATION,1,JEFFERSON PARK
2025,11,MOTOR VEHICLE THEFT,53,JEFFERSON PARK
2025,11,NARCOTICS,19,JEFFERSON PARK
2025,11,OFFENSE INVOLVING CHILDREN,4,JEFFERSON PARK
2025,11,OTHER OFFENSE,70,JEFFERSON PARK
2025,11,PUBLIC PEACE VIOLATION,3,JEFFERSON PARK
2025,11,ROBBERY,17,JEFFERSON PARK
2025,11,SEX OFFENSE,7,JEFFERSON PARK
2025,11,STALKING,6,JEFFERSON PARK
2025,11,THEFT,144,JEFFERSON PARK
2025,11,WEAPONS VIOLATION,6,JEFFERSON PARK
2025,12,ASSAULT,22,FOREST GLEN
2025,12,BATTERY,50,FOREST GLEN
2025,12,BURGLARY,47,FOREST GLEN
2025,12,CRIMINAL DAMAGE,38,FOREST GLEN
2025,12,CRIMINAL SEXUAL ASSAULT,2,FOREST GLEN
2025,12,CRIMINAL TRESPASS,13,FOREST GLEN
2025,12,DECEPTIVE PRACTICE,50,FOREST GLEN
2025,12,INTIMIDATION,1,FOREST GLEN
2025,12,MOTOR VEHICLE THEFT,29,FOREST GLEN
2025,12,NARCOTICS,10,FOREST GLEN
2025,12,OFFENSE INVOLVING CHILDREN,4,FOREST GLEN
2025,12,OTHER OFFENSE,33,FOREST GLEN
2025,12,PROSTITUTION,1,FOREST GLEN
2025,12,ROBBERY,3,FOREST GLEN
2025,12,SEX OFFENSE,3,FOREST GLEN
2025,12,STALKING,1,FOREST GLEN
2025,12,THEFT,91,FOREST GLEN
2025,12,WEAPONS VIOLATION,3,FOREST GLEN
2025,13,ASSAULT,68,NORTH PARK
2025,13,BATTERY,152,NORTH PARK
2025,13,BURGLARY,59,NORTH PARK
2025,13,CRIMINAL DAMAGE,78,NORTH PARK
2025,13,CRIMINAL SEXUAL ASSAULT,4,NORTH PARK
2025,13,CRIMINAL TRESPASS,20,NORTH PARK
2025,13,DECEPTIVE PRACTICE,77,NORTH PARK
2025,13,LIQUOR LAW VIOLATION,2,NORTH PARK
2025,13,MOTOR VEHICLE THEFT,60,NORTH PARK
2025,13,NARCOTICS,14,NORTH PARK
2025,13,OFFENSE INVOLVING CHILDREN,12,NORTH PARK
2025,13,OTHER OFFENSE,74,NORTH PARK
2025,13,PUBLIC PEACE VIOLATION,2,NORTH PARK
2025,13,ROBBERY,19,NORTH PARK
2025,13,SEX OFFENSE,3,NORTH PARK
2025,13,STALKING,3,NORTH PARK
2025,13,THEFT,307,NORTH PARK
2025,13,WEAPONS VIOLATION,14,NORTH PARK
2025,14,ARSON,2,ALBANY PARK
2025,14,ASSAULT,207,ALBANY PARK
2025,14,BATTERY,417,ALBANY PARK
2025,14,BURGLARY,109,ALBANY PARK
2025,14,CONCEALED CARRY LICENSE VIOLATION,1,ALBANY PARK
2025,14,CRIMINAL DAMAGE,297,ALBANY PARK
2025,14,CRIMINAL SEXUAL ASSAULT,14,ALBANY PARK
2025,14,CRIMINAL TRESPASS,64,ALBANY PARK
2025,14,DECEPTIVE PRACTICE,162,ALBANY PARK
2025,14,HOMICIDE,2,ALBANY PARK
2025,14,INTERFERENCE WITH PUBLIC OFFICER,5,ALBANY PARK
2025,14,LIQUOR LAW VIOLATION,1,ALBANY PARK
2025,14,MOTOR VEHICLE THEFT,150,ALBANY PARK
2025,14,NARCOTICS,29,ALBANY PARK
2025,14,OFFENSE INVOLVING CHILDREN,13,ALBANY PARK
2025,14,OTHER OFFENSE,228,ALBANY PARK
2025,14,PROSTITUTION,13,ALBANY PARK
2025,14,PUBLIC PEACE VIOLATION,7,ALBANY PARK
2025,14,ROBBERY,44,ALBANY PARK
2025,14,SEX OFFENSE,19,ALBANY PARK
2025,14,STALKING,5,ALBANY PARK
2025,14,THEFT,458,ALBANY PARK
2025,14,WEAPONS VIOLATION,32,ALBANY PARK
2025,15,ARSON,4,PORTAGE PARK
2025,15,ASSAULT,218,PORTAGE PARK
2025,15,BATTERY,452,PORTAGE PARK
2025,15,BURGLARY,165,PORTAGE PARK
2025,15,CONCEALED CARRY LICENSE VIOLATION,2,PORTAGE PARK
2025,15,CRIMINAL DAMAGE,310,PORTAGE PARK
2025,15,CRIMINAL SEXUAL ASSAULT,15,PORTAGE PARK
2025,15,CRIMINAL TRESPASS,64,PORTAGE PARK
2025,15,DECEPTIVE PRACTICE,196,PORTAGE PARK
2025,15,HOMICIDE,3,PORTAGE PARK
2025,15,INTERFERENCE WITH PUBLIC OFFICER,15,PORTAGE PARK
2025,15,INTIMIDATION,2,PORTAGE PARK
2025,15,KIDNAPPING,1,PORTAGE PARK
2025,15,LIQUOR LAW VIOLATION,6,PORTAGE PARK
2025,15,MOTOR VEHICLE THEFT,200,PORTAGE PARK
2025,15,NARCOTICS,76,PORTAGE PARK
2025,15,OFFENSE INVOLVING CHILDREN,18,PORTAGE PARK
2025,15,OTHER NARCOTIC VIOLATION,2,PORTAGE PARK
2025,15,OTHER OFFENSE,268,PORTAGE PARK
2025,15,PROSTITUTION,1,PORTAGE PARK
2025,15,PUBLIC PEACE VIOLATION,6,PORTAGE PARK
2025,15,ROBBERY,41,PORTAGE PARK
2025,15,SEX OFFENSE,24,PORTAGE PARK
2025,15,STALKING,12,PORTAGE PARK
2025,15,THEFT,791,PORTAGE PARK
2025,15,WEAPONS VIOLATION,68,PORTAGE PARK
2025,16,ARSON,4,IRVING PARK
2025,16,ASSAULT,175,IRVING PARK
2025,16,BATTERY,385,IRVING PARK
2025,16,BURGLARY,163,IRVING PARK
2025,16,CRIMINAL DAMAGE,266,IRVING PARK
2025,16,CRIMINAL SEXUAL ASSAULT,10,IRVING PARK
2025,16,CRIMINAL TRESPASS,49,IRVING PARK
2025,16,DECEPTIVE PRACTICE,183,IRVING PARK
2025,16,HOMICIDE,1,IRVING PARK
2025,16,HUMAN TRAFFICKING,2,IRVING PARK
2025,16,INTERFERENCE WITH PUBLIC OFFICER,7,IRVING PARK
2025,16,INTIMIDATION,3,IRVING PARK
2025,16,LIQUOR LAW VIOLATION,2,IRVING PARK
2025,16,MOTOR VEHICLE THEFT,145,IRVING PARK
2025,16,NARCOTICS,32,IRVING PARK
2025,16,OFFENSE INVOLVING CHILDREN,7,IRVING PARK
2025,16,OTHER NARCOTIC VIOLATION,1,IRVING PARK
2025,16,OTHER OFFENSE,239,IRVING PARK
2025,16,PROSTITUTION,2,IRVING PARK
2025,16,PUBLIC PEACE VIOLATION,5,IRVING PARK
2025,16,ROBBERY,39,IRVING PARK
2025,16,SEX OFFENSE,17,IRVING PARK
2025,16,STALKING,4,IRVING PARK
2025,16,THEFT,496,IRVING PARK
2025,16,WEAPONS VIOLATION,24,IRVING PARK
2025,17,ARSON,4,DUNNING
2025,17,ASSAULT,113,DUNNING
2025,17,BATTERY,251,DUNNING
2025,17,BURGLARY,94,DUNNING
2025,17,CONCEALED CARRY LICENSE VIOLATION,1,DUNNING
2025,17,CRIMINAL DAMAGE,169,DUNNING
2025,17,CRIMINAL SEXUAL ASSAULT,4,DUNNING
2025,17,CRIMINAL TRESPASS,37,DUNNING
2025,17,DECEPTIVE PRACTICE,106,DUNNING
2025,17,INTIMIDATION,2,DUNNING
2025,17,LIQUOR LAW VIOLATION,5,DUNNING
2025,17,MOTOR VEHICLE THEFT,113,DUNNING
2025,17,NARCOTICS,15,DUNNING
2025,17,OFFENSE INVOLVING CHILDREN,13,DUNNING
2025,17,OTHER OFFENSE,176,DUNNING
2025,17,PUBLIC PEACE VIOLATION,4,DUNNING
2025,17,ROBBERY,14,DUNNING
2025,17,SEX OFFENSE,9,DUNNING
2025,17,STALKING,6,DUNNING
2025,17,THEFT,234,DUNNING
2025,17,WEAPONS VIOLATION,12,DUNNING
2025,18,ARSON,1,MONTCLARE
2025,18,ASSAULT,49,MONTCLARE
2025,18,BATTERY,111,MONTCLARE
2025,18,BURGLARY,32,MONTCLARE
2025,18,CRIMINAL DAMAGE,74,MONTCLARE
2025,18,CRIMINAL SEXUAL ASSAULT,1,MONTCLARE
2025,18,CRIMINAL TRESPASS,14,MONTCLARE
2025,18,DECEPTIVE PRACTICE,57,MONTCLARE
2025,18,INTERFERENCE WITH PUBLIC OFFICER,1,MONTCLARE
2025,18,INTIMIDATION,2,MONTCLARE
2025,18,LIQUOR LAW VIOLATION,3,MONTCLARE
2025,18,MOTOR VEHICLE THEFT,59,MONTCLARE
2025,18,NARCOTICS,1,MONTCLARE
2025,18,OFFENSE INVOLVING CHILDREN,7,MONTCLARE
2025,18,OTHER OFFENSE,53,MONTCLARE
2025,18,ROBBERY,5,MONTCLARE
2025,18,SEX OFFENSE,2,MONTCLARE
2025,18,THEFT,169,MONTCLARE
2025,18,WEAPONS VIOLATION,5,MONTCLARE
2025,19,ARSON,2,BELMONT CRAGIN
2025,19,ASSAULT,355,BELMONT CRAGIN
2025,19,BATTERY,746,BELMONT CRAGIN
2025,19,BURGLARY,201,BELMONT CRAGIN
2025,19,CONCEALED CARRY LICENSE VIOLATION,6,BELMONT CRAGIN
2025,19,CRIMINAL DAMAGE,409,BELMONT CRAGIN
2025,19,CRIMINAL SEXUAL ASSAULT,24,BELMONT CRAGIN
2025,19,CRIMINAL TRESPASS,69,BELMONT CRAGIN
2025,19,DECEPTIVE PRACTICE,218,BELMONT CRAGIN
2025,19,HOMICIDE,3,BELMONT CRAGIN
2025,19,INTERFERENCE WITH PUBLIC OFFICER,21,BELMONT CRAGIN
2025,19,INTIMIDATION,1,BELMONT CRAGIN
2025,19,KIDNAPPING,1,BELMONT CRAGIN
2025,19,LIQUOR LAW VIOLATION,11,BELMONT CRAGIN
2025,19,MOTOR VEHICLE THEFT,277,BELMONT CRAGIN
2025,19,NARCOTICS,70,BELMONT CRAGIN
2025,19,OBSCENITY,2,BELMONT CRAGIN
2025,19,OFFENSE INVOLVING CHILDREN,29,BELMONT CRAGIN
2025,19,OTHER OFFENSE,335,BELMONT CRAGIN
2025,19,PROSTITUTION,7,BELMONT CRAGIN
2025,19,PUBLIC PEACE VIOLATION,9,BELMONT CRAGIN
2025,19,ROBBERY,86,BELMONT CRAGIN
2025,19,SEX OFFENSE,22,BELMONT CRAGIN
2025,19,STALKING,11,BELMONT CRAGIN
2025,19,THEFT,856,BELMONT CRAGIN
2025,19,WEAPONS VIOLATION,73,BELMONT CRAGIN
2025,20,ARSON,6,HERMOSA
2025,20,ASSAULT,114,HERMOSA
2025,20,BATTERY,226,HERMOSA
2025,20,BURGLARY,41,HERMOSA
2025,20,CONCEALED CARRY LICENSE VIOLATION,1,HERMOSA
2025,20,CRIMINAL DAMAGE,131,HERMOSA
2025,20,CRIMINAL SEXUAL ASSAULT,9,HERMOSA
2025,20,CRIMINAL TRESPASS,15,HERMOSA
2025,20,DECEPTIVE PRACTICE,85,HERMOSA
2025,20,HOMICIDE,1,HERMOSA
2025,20,INTERFERENCE WITH PUBLIC OFFICER,2,HERMOSA
2025,20,KIDNAPPING,1,HERMOSA
2025,20,LIQUOR LAW VIOLATION,6,HERMOSA
2025,20,MOTOR VEHICLE THEFT,72,HERMOSA
2025,20,NARCOTICS,12,HERMOSA
2025,20,OBSCENITY,1,HERMOSA
2025,20,OFFENSE INVOLVING CHILDREN,11,HERMOSA
2025,20,OTHER OFFENSE,102,HERMOSA
2025,20,PUBLIC PEACE VIOLATION,6,HERMOSA
2025,20,ROBBERY,32,HERMOSA
2025,20,SEX OFFENSE,7,HERMOSA
2025,20,STALKING,2,HERMOSA
2025,20,THEFT,221,HERMOSA
2025,20,WEAPONS VIOLATION,35,HERMOSA
2025,21,ARSON,1,AVONDALE
2025,21,ASSAULT,149,AVONDALE
2025,21,BATTERY,296,AVONDALE
2025,21,BURGLARY,140,AVONDALE
2025,21,CONCEALED CARRY LICENSE VIOLATION,1,AVONDALE
2025,21,CRIMINAL DAMAGE,239,AVONDALE
2025,21,CRIMINAL SEXUAL ASSAULT,5,AVONDALE
2025,21,CRIMINAL TRESPASS,44,AVONDALE
2025,21,DECEPTIVE PRACTICE,153,AVONDALE
2025,21,HOMICIDE,3,AVONDALE
2025,21,INTERFERENCE WITH PUBLIC OFFICER,2,AVONDALE
2025,21,KIDNAPPING,1,AVONDALE
2025,21,LIQUOR LAW VIOLATION,1,AVONDALE
2025,21,MOTOR VEHICLE THEFT,129,AVONDALE
2025,21,NARCOTICS,16,AVONDALE
2025,21,OFFENSE INVOLVING CHILDREN,3,AVONDALE
2025,21,OTHER NARCOTIC VIOLATION,1,AVONDALE
2025,21,OTHER OFFENSE,125,AVONDALE
2025,21,PROSTITUTION,1,AVONDALE
2025,21,ROBBERY,39,AVONDALE
2025,21,SEX OFFENSE,11,AVONDALE
2025,21,STALKING,1,AVONDALE
2025,21,THEFT,742,AVONDALE
2025,21,WEAPONS VIOLATION,20,AVONDALE
2025,22,ARSON,5,LOGAN SQUARE
2025,22,ASSAULT,295,LOGAN SQUARE
2025,22,BATTERY,515,LOGAN SQUARE
2025,22,BURGLARY,292,LOGAN SQUARE
2025,22,CONCEALED CARRY LICENSE VIOLATION,4,LOGAN SQUARE
2025,22,CRIMINAL DAMAGE,495,LOGAN SQUARE
2025,22,CRIMINAL SEXUAL ASSAULT,29,LOGAN SQUARE
2025,22,CRIMINAL TRESPASS,89,LOGAN SQUARE
2025,22,DECEPTIVE PRACTICE,274,LOGAN SQUARE
2025,22,HOMICIDE,2,LOGAN SQUARE
2025,22,INTERFERENCE WITH PUBLIC OFFICER,5,LOGAN SQUARE
2025,22,INTIMIDATION,4,LOGAN SQUARE
2025,22,LIQUOR LAW VIOLATION,7,LOGAN SQUARE
2025,22,MOTOR VEHICLE THEFT,279,LOGAN SQUARE
2025,22,NARCOTICS,32,LOGAN SQUARE
2025,22,OFFENSE INVOLVING CHILDREN,18,LOGAN SQUARE
2025,22,OTHER OFFENSE,241,LOGAN SQUARE
2025,22,PROSTITUTION,1,LOGAN SQUARE
2025,22,PUBLIC PEACE VIOLATION,11,LOGAN SQUARE
2025,22,ROBBERY,109,LOGAN SQUARE
2025,22,SEX OFFENSE,34,LOGAN SQUARE
2025,22,STALKING,14,LOGAN SQUARE
2025,22,THEFT,1612,LOGAN SQUARE
2025,22,WEAPONS VIOLATION,42,LOGAN SQUARE
2025,23,ARSON,11,HUMBOLDT PARK
2025,23,ASSAULT,486,HUMBOLDT PARK
2025,23,BATTERY,1150,HUMBOLDT PARK
2025,23,BURGLARY,171,HUMBOLDT PARK
2025,23,CONCEALED CARRY LICENSE VIOLATION,4,HUMBOLDT PARK
2025,23,CRIMINAL DAMAGE,513,HUMBOLDT PARK
2025,23,CRIMINAL SEXUAL ASSAULT,39,HUMBOLDT PARK
2025,23,CRIMINAL TRESPASS,108,HUMBOLDT PARK
2025,23,DECEPTIVE PRACTICE,244,HUMBOLDT PARK
2025,23,GAMBLING,2,HUMBOLDT PARK
2025,23,HOMICIDE,17,HUMBOLDT PARK
2025,23,INTERFERENCE WITH PUBLIC OFFICER,38,HUMBOLDT PARK
2025,23,INTIMIDATION,3,HUMBOLDT PARK
2025,23,KIDNAPPING,2,HUMBOLDT PARK
2025,23,LIQUOR LAW VIOLATION,3,HUMBOLDT PARK
2025,23,MOTOR VEHICLE THEFT,382,HUMBOLDT PARK
2025,23,NARCOTICS,1120,HUMBOLDT PARK
2025,23,NON-CRIMINAL,1,HUMBOLDT PARK
2025,23,OBSCENITY,2,HUMBOLDT PARK
2025,23,OFFENSE INVOLVING CHILDREN,46,HUMBOLDT PARK
2025,23,OTHER OFFENSE,402,HUMBOLDT PARK
2025,23,PROSTITUTION,2,HUMBOLDT PARK
2025,23,PUBLIC PEACE VIOLATION,30,HUMBOLDT PARK
2025,23,ROBBERY,175,HUMBOLDT PARK
2025,23,SEX OFFENSE,32,HUMBOLDT PARK
2025,23,STALKING,8,HUMBOLDT PARK
2025,23,THEFT,879,HUMBOLDT PARK
2025,23,WEAPONS VIOLATION,150,HUMBOLDT PARK
2025,24,ARSON,6,WEST TOWN
2025,24,ASSAULT,389,WEST TOWN
2025,24,BATTERY,769,WEST TOWN
2025,24,BURGLARY,520,WEST TOWN
2025,24,CONCEALED CARRY LICENSE VIOLATION,5,WEST TOWN
2025,24,CRIMINAL DAMAGE,788,WEST TOWN
2025,24,CRIMINAL SEXUAL ASSAULT,36,WEST TOWN
2025,24,CRIMINAL TRESPASS,138,WEST TOWN
2025,24,DECEPTIVE PRACTICE,465,WEST TOWN
2025,24,HOMICIDE,3,WEST TOWN
2025,24,INTERFERENCE WITH PUBLIC OFFICER,14,WEST TOWN
2025,24,INTIMIDATION,6,WEST TOWN
2025,24,KIDNAPPING,2,WEST TOWN
2025,24,LIQUOR LAW VIOLATION,12,WEST TOWN
2025,24,MOTOR VEHICLE THEFT,664,WEST TOWN
2025,24,NARCOTICS,48,WEST TOWN
2025,24,OFFENSE INVOLVING CHILDREN,30,WEST TOWN
2025,24,OTHER OFFENSE,265,WEST TOWN
2025,24,PUBLIC PEACE VIOLATION,20,WEST TOWN
2025,24,ROBBERY,175,WEST TOWN
2025,24,SEX OFFENSE,38,WEST TOWN
2025,24,STALKING,13,WEST TOWN
2025,24,THEFT,2231,WEST TOWN
2025,24,WEAPONS VIOLATION,63,WEST TOWN
2025,25,ARSON,31,AUSTIN
2025,25,ASSAULT,1154,AUSTIN
2025,25,BATTERY,2582,AUSTIN
2025,25,BURGLARY,366,AUSTIN
2025,25,CONCEALED CARRY LICENSE VIOLATION,7,AUSTIN
2025,25,CRIMINAL DAMAGE,1217,AUSTIN
2025,25,CRIMINAL SEXUAL ASSAULT,101,AUSTIN
2025,25,CRIMINAL TRESPASS,181,AUSTIN
2025,25,DECEPTIVE PRACTICE,468,AUSTIN
2025,25,HOMICIDE,45,AUSTIN
2025,25,HUMAN TRAFFICKING,2,AUSTIN
2025,25,INTERFERENCE WITH PUBLIC OFFICER,43,AUSTIN
2025,25,INTIMIDATION,4,AUSTIN
2025,25,KIDNAPPING,4,AUSTIN
2025,25,LIQUOR LAW VIOLATION,8,AUSTIN
2025,25,MOTOR VEHICLE THEFT,807,AUSTIN
2025,25,NARCOTICS,842,AUSTIN
2025,25,OBSCENITY,3,AUSTIN
2025,25,OFFENSE INVOLVING CHILDREN,54,AUSTIN
2025,25,OTHER OFFENSE,885,AUSTIN
2025,25,PROSTITUTION,46,AUSTIN
2025,25,PUBLIC PEACE VIOLATION,32,AUSTIN
2025,25,ROBBERY,346,AUSTIN
2025,25,SEX OFFENSE,63,AUSTIN
2025,25,STALKING,22,AUSTIN
2025,25,THEFT,1934,AUSTIN
2025,25,WEAPONS VIOLATION,314,AUSTIN
2025,26,ARSON,5,WEST GARFIELD PARK
2025,26,ASSAULT,332,WEST GARFIELD PARK
2025,26,BATTERY,762,WEST GARFIELD PARK
2025,26,BURGLARY,77,WEST GARFIELD PARK
2025,26,CONCEALED CARRY LICENSE VIOLATION,2,WEST GARFIELD PARK
2025,26,CRIMINAL DAMAGE,344,WEST GARFIELD PARK
2025,26,CRIMINAL SEXUAL ASSAULT,30,WEST GARFIELD PARK
2025,26,CRIMINAL TRESPASS,33,WEST GARFIELD PARK
2025,26,DECEPTIVE PRACTICE,102,WEST GARFIELD PARK
2025,26,HOMICIDE,14,WEST GARFIELD PARK
2025,26,INTERFERENCE WITH PUBLIC OFFICER,22,WEST GARFIELD PARK
2025,26,INTIMIDATION,1,WEST GARFIELD PARK
2025,26,KIDNAPPING,1,WEST GARFIELD PARK
2025,26,MOTOR VEHICLE THEFT,197,WEST GARFIELD PARK
2025,26,NARCOTICS,444,WEST GARFIELD PARK
2025,26,OBSCENITY,1,WEST GARFIELD PARK
2025,26,OFFENSE INVOLVING CHILDREN,32,WEST GARFIELD PARK
2025,26,OTHER OFFENSE,166,WEST GARFIELD PARK
2025,26,PROSTITUTION,11,WEST GARFIELD PARK
2025,26,PUBLIC PEACE VIOLATION,24,WEST GARFIELD PARK
2025,26,ROBBERY,149,WEST GARFIELD PARK
2025,26,SEX OFFENSE,8,WEST GARFIELD PARK
2025,26,STALKING,6,WEST GARFIELD PARK
2025,26,THEFT,338,WEST GARFIELD PARK
2025,26,WEAPONS VIOLATION,150,WEST GARFIELD PARK
2025,27,ARSON,2,EAST GARFIELD PARK
2025,27,ASSAULT,413,EAST GARFIELD PARK
2025,27,BATTERY,772,EAST GARFIELD PARK
2025,27,BURGLARY,94,EAST GARFIELD PARK
2025,27,CONCEALED CARRY LICENSE VIOLATION,3,EAST GARFIELD PARK
2025,27,CRIMINAL DAMAGE,388,EAST GARFIELD PARK
2025,27,CRIMINAL SEXUAL ASSAULT,28,EAST GARFIELD PARK
2025,27,CRIMINAL TRESPASS,65,EAST GARFIELD PARK
2025,27,DECEPTIVE PRACTICE,130,EAST GARFIELD PARK
2025,27,HOMICIDE,11,EAST GARFIELD PARK
2025,27,HUMAN TRAFFICKING,1,EAST GARFIELD PARK
2025,27,INTERFERENCE WITH PUBLIC OFFICER,12,EAST GARFIELD PARK
2025,27,KIDNAPPING,2,EAST GARFIELD PARK
2025,27,MOTOR VEHICLE THEFT,243,EAST GARFIELD PARK
2025,27,NARCOTICS,531,EAST GARFIELD PARK
2025,27,OBSCENITY,1,EAST GARFIELD PARK
2025,27,OFFENSE INVOLVING CHILDREN,26,EAST GARFIELD PARK
2025,27,OTHER OFFENSE,253,EAST GARFIELD PARK
2025,27,PUBLIC PEACE VIOLATION,19,EAST GARFIELD PARK
2025,27,ROBBERY,120,EAST GARFIELD PARK
2025,27,SEX OFFENSE,22,EAST GARFIELD PARK
2025,27,STALKING,16,EAST GARFIELD PARK
2025,27,THEFT,451,EAST GARFIELD PARK
2025,27,WEAPONS VIOLATION,111,EAST GARFIELD PARK
2025,28,ARSON,10,NEAR WEST SIDE
2025,28,ASSAULT,884,NEAR WEST SIDE
2025,28,BATTERY,1465,NEAR WEST SIDE
2025,28,BURGLARY,473,NEAR WEST SIDE
2025,28,CONCEALED CARRY LICENSE VIOLATION,17,NEAR WEST SIDE
2025,28,CRIMINAL DAMAGE,1100,NEAR WEST SIDE
2025,28,CRIMINAL SEXUAL ASSAULT,87,NEAR WEST SIDE
2025,28,CRIMINAL TRESPASS,315,NEAR WEST SIDE
2025,28,DECEPTIVE PRACTICE,623,NEAR WEST SIDE
2025,28,HOMICIDE,20,NEAR WEST SIDE
2025,28,INTERFERENCE WITH PUBLIC OFFICER,21,NEAR WEST SIDE
2025,28,INTIMIDATION,6,NEAR WEST SIDE
2025,28,KIDNAPPING,7,NEAR WEST SIDE
2025,28,LIQUOR LAW VIOLATION,16,NEAR WEST SIDE
2025,28,MOTOR VEHICLE THEFT,855,NEAR WEST SIDE
2025,28,NARCOTICS,158,NEAR WEST SIDE
2025,28,OBSCENITY,5,NEAR WEST SIDE
2025,28,OFFENSE INVOLVING CHILDREN,42,NEAR WEST SIDE
2025,28,OTHER OFFENSE,496,NEAR WEST SIDE
2025,28,PUBLIC INDECENCY,1,NEAR WEST SIDE
2025,28,PUBLIC PEACE VIOLATION,52,NEAR WEST SIDE
2025,28,ROBBERY,217,NEAR WEST SIDE
2025,28,SEX OFFENSE,50,NEAR WEST SIDE
2025,28,STALKING,38,NEAR WEST SIDE
2025,28,THEFT,2976,NEAR WEST SIDE
2025,28,WEAPONS VIOLATION,143,NEAR WEST SIDE
2025,29,ARSON,12,NORTH LAWNDALE
2025,29,ASSAULT,632,NORTH LAWNDALE
2025,29,BATTERY,1388,NORTH LAWNDALE
2025,29,BURGLARY,112,NORTH LAWNDALE
2025,29,CONCEALED CARRY LICENSE VIOLATION,19,NORTH LAWNDALE
2025,29,CRIMINAL DAMAGE,614,NORTH LAWNDALE
2025,29,CRIMINAL SEXUAL ASSAULT,46,NORTH LAWNDALE
2025,29,CRIMINAL TRESPASS,92,NORTH LAWNDALE
2025,29,DECEPTIVE PRACTICE,204,NORTH LAWNDALE
2025,29,HOMICIDE,19,NORTH LAWNDALE
2025,29,HUMAN TRAFFICKING,1,NORTH LAWNDALE
2025,29,INTERFERENCE WITH PUBLIC OFFICER,28,NORTH LAWNDALE
2025,29,INTIMIDATION,3,NORTH LAWNDALE
2025,29,LIQUOR LAW VIOLATION,4,NORTH LAWNDALE
2025,29,MOTOR VEHICLE THEFT,316,NORTH LAWNDALE
2025,29,NARCOTICS,996,NORTH LAWNDALE
2025,29,OFFENSE INVOLVING CHILDREN,39,NORTH LAWNDALE
2025,29,OTHER OFFENSE,543,NORTH LAWNDALE
2025,29,PUBLIC PEACE VIOLATION,44,NORTH LAWNDALE
2025,29,ROBBERY,178,NORTH LAWNDALE
2025,29,SEX OFFENSE,24,NORTH LAWNDALE
2025,29,STALKING,16,NORTH LAWNDALE
2025,29,THEFT,706,NORTH LAWNDALE
2025,29,WEAPONS VIOLATION,255,NORTH LAWNDALE
2025,30,ARSON,6,SOUTH LAWNDALE
2025,30,ASSAULT,391,SOUTH LAWNDALE
2025,30,BATTERY,829,SOUTH LAWNDALE
2025,30,BURGLARY,104,SOUTH LAWNDALE
2025,30,CONCEALED CARRY LICENSE VIOLATION,7,SOUTH LAWNDALE
2025,30,CRIMINAL DAMAGE,390,SOUTH LAWNDALE
2025,30,CRIMINAL SEXUAL ASSAULT,24,SOUTH LAWNDALE
2025,30,CRIMINAL TRESPASS,70,SOUTH LAWNDALE
2025,30,DECEPTIVE PRACTICE,159,SOUTH LAWNDALE
2025,30,HOMICIDE,13,SOUTH LAWNDALE
2025,30,INTERFERENCE WITH PUBLIC OFFICER,16,SOUTH LAWNDALE
2025,30,INTIMIDATION,1,SOUTH LAWNDALE
2025,30,KIDNAPPING,3,SOUTH LAWNDALE
2025,30,LIQUOR LAW VIOLATION,5,SOUTH LAWNDALE
2025,30,MOTOR VEHICLE THEFT,178,SOUTH LAWNDALE
2025,30,NARCOTICS,141,SOUTH LAWNDALE
2025,30,OBSCENITY,2,SOUTH LAWNDALE
2025,30,OFFENSE INVOLVING CHILDREN,26,SOUTH LAWNDALE
2025,30,OTHER OFFENSE,371,SOUTH LAWNDALE
2025,30,PUBLIC INDECENCY,1,SOUTH LAWNDALE
2025,30,PUBLIC PEACE VIOLATION,41,SOUTH LAWNDALE
2025,30,ROBBERY,124,SOUTH LAWNDALE
2025,30,SEX OFFENSE,27,SOUTH LAWNDALE
2025,30,STALKING,8,SOUTH LAWNDALE
2025,30,THEFT,562,SOUTH LAWNDALE
2025,30,WEAPONS VIOLATION,134,SOUTH LAWNDALE
2025,31,ARSON,4,LOWER WEST SIDE
2025,31,ASSAULT,268,LOWER WEST SIDE
2025,31,BATTERY,536,LOWER WEST SIDE
2025,31,BURGLARY,129,LOWER WEST SIDE
2025,31,CONCEALED CARRY LICENSE VIOLATION,5,LOWER WEST SIDE
2025,31,CRIMINAL DAMAGE,280,LOWER WEST SIDE
2025,31,CRIMINAL SEXUAL ASSAULT,19,LOWER WEST SIDE
2025,31,CRIMINAL TRESPASS,75,LOWER WEST SIDE
2025,31,DECEPTIVE PRACTICE,147,LOWER WEST SIDE
2025,31,HOMICIDE,2,LOWER WEST SIDE
2025,31,INTERFERENCE WITH PUBLIC OFFICER,5,LOWER WEST SIDE
2025,31,INTIMIDATION,5,LOWER WEST SIDE
2025,31,LIQUOR LAW VIOLATION,3,LOWER WEST SIDE
2025,31,MOTOR VEHICLE THEFT,182,LOWER WEST SIDE
2025,31,NARCOTICS,26,LOWER WEST SIDE
2025,31,OBSCENITY,1,LOWER WEST SIDE
2025,31,OFFENSE INVOLVING CHILDREN,15,LOWER WEST SIDE
2025,31,OTHER OFFENSE,136,LOWER WEST SIDE
2025,31,PUBLIC PEACE VIOLATION,24,LOWER WEST SIDE
2025,31,ROBBERY,63,LOWER WEST SIDE
2025,31,SEX OFFENSE,24,LOWER WEST SIDE
2025,31,STALKING,3,LOWER WEST SIDE
2025,31,THEFT,618,LOWER WEST SIDE
2025,31,WEAPONS VIOLATION,40,LOWER WEST SIDE
2025,32,ARSON,13,LOOP
2025,32,ASSAULT,461,LOOP
2025,32,BATTERY,1108,LOOP
2025,32,BURGLARY,188,LOOP
2025,32,CONCEALED CARRY LICENSE VIOLATION,13,LOOP
2025,32,CRIMINAL DAMAGE,545,LOOP
2025,32,CRIMINAL SEXUAL ASSAULT,41,LOOP
2025,32,CRIMINAL TRESPASS,341,LOOP
2025,32,DECEPTIVE PRACTICE,744,LOOP
2025,32,GAMBLING,1,LOOP
2025,32,HOMICIDE,5,LOOP
2025,32,INTERFERENCE WITH PUBLIC OFFICER,94,LOOP
2025,32,INTIMIDATION,5,LOOP
2025,32,KIDNAPPING,3,LOOP
2025,32,LIQUOR LAW VIOLATION,15,LOOP
2025,32,MOTOR VEHICLE THEFT,387,LOOP
2025,32,NARCOTICS,260,LOOP
2025,32,NON-CRIMINAL,1,LOOP
2025,32,OBSCENITY,1,LOOP
2025,32,OFFENSE INVOLVING CHILDREN,7,LOOP
2025,32,OTHER NARCOTIC VIOLATION,4,LOOP
2025,32,OTHER OFFENSE,360,LOOP
2025,32,PUBLIC INDECENCY,2,LOOP
2025,32,PUBLIC PEACE VIOLATION,102,LOOP
2025,32,ROBBERY,244,LOOP
2025,32,SEX OFFENSE,56,LOOP
2025,32,STALKING,15,LOOP
2025,32,THEFT,3281,LOOP
2025,32,WEAPONS VIOLATION,115,LOOP
2025,33,ARSON,1,NEAR SOUTH SIDE
2025,33,ASSAULT,191,NEAR SOUTH SIDE
2025,33,BATTERY,374,NEAR SOUTH SIDE
2025,33,BURGLARY,97,NEAR SOUTH SIDE
2025,33,CONCEALED CARRY LICENSE VIOLATION,4,NEAR SOUTH SIDE
2025,33,CRIMINAL DAMAGE,218,NEAR SOUTH SIDE
2025,33,CRIMINAL SEXUAL ASSAULT,14,NEAR SOUTH SIDE
2025,33,CRIMINAL TRESPASS,90,NEAR SOUTH SIDE
2025,33,DECEPTIVE PRACTICE,169,NEAR SOUTH SIDE
2025,33,GAMBLING,1,NEAR SOUTH SIDE
2025,33,HOMICIDE,4,NEAR SOUTH SIDE
2025,33,INTERFERENCE WITH PUBLIC OFFICER,18,NEAR SOUTH SIDE
2025,33,INTIMIDATION,2,NEAR SOUTH SIDE
2025,33,KIDNAPPING,2,NEAR SOUTH SIDE
2025,33,LIQUOR LAW VIOLATION,2,NEAR SOUTH SIDE
2025,33,MOTOR VEHICLE THEFT,230,NEAR SOUTH SIDE
2025,33,NARCOTICS,74,NEAR SOUTH SIDE
2025,33,OBSCENITY,2,NEAR SOUTH SIDE
2025,33,OFFENSE INVOLVING CHILDREN,11,NEAR SOUTH SIDE
2025,33,OTHER OFFENSE,185,NEAR SOUTH SIDE
2025,33,PROSTITUTION,1,NEAR SOUTH SIDE
2025,33,PUBLIC PEACE VIOLATION,36,NEAR SOUTH SIDE
2025,33,ROBBERY,36,NEAR SOUTH SIDE
2025,33,SEX OFFENSE,20,NEAR SOUTH SIDE
2025,33,STALKING,2,NEAR SOUTH SIDE
2025,33,THEFT,502,NEAR SOUTH SIDE
2025,33,WEAPONS VIOLATION,78,NEAR SOUTH SIDE
2025,34,ASSAULT,107,ARMOUR SQUARE
2025,34,BATTERY,179,ARMOUR SQUARE
2025,34,BURGLARY,49,ARMOUR SQUARE
2025,34,CONCEALED CARRY LICENSE VIOLATION,1,ARMOUR SQUARE
2025,34,CRIMINAL DAMAGE,143,ARMOUR SQUARE
2025,34,CRIMINAL SEXUAL ASSAULT,10,ARMOUR SQUARE
2025,34,CRIMINAL TRESPASS,24,ARMOUR SQUARE
2025,34,DECEPTIVE PRACTICE,84,ARMOUR SQUARE
2025,34,HOMICIDE,2,ARMOUR SQUARE
2025,34,INTERFERENCE WITH PUBLIC OFFICER,8,ARMOUR SQUARE
2025,34,INTIMIDATION,1,ARMOUR SQUARE
2025,34,LIQUOR LAW VIOLATION,2,ARMOUR SQUARE
2025,34,MOTOR VEHICLE THEFT,81,ARMOUR SQUARE
2025,34,NARCOTICS,17,ARMOUR SQUARE
2025,34,OFFENSE INVOLVING CHILDREN,3,ARMOUR SQUARE
2025,34,OTHER OFFENSE,35,ARMOUR SQUARE
2025,34,PROSTITUTION,1,ARMOUR SQUARE
2025,34,PUBLIC PEACE VIOLATION,8,ARMOUR SQUARE
2025,34,ROBBERY,67,ARMOUR SQUARE
2025,34,SEX OFFENSE,5,ARMOUR SQUARE
2025,34,STALKING,2,ARMOUR SQUARE
2025,34,THEFT,280,ARMOUR SQUARE
2025,34,WEAPONS VIOLATION,26,ARMOUR SQUARE
2025,35,ARSON,1,DOUGLAS
2025,35,ASSAULT,273,DOUGLAS
2025,35,BATTERY,486,DOUGLAS
2025,35,BURGLARY,93,DOUGLAS
2025,35,CONCEALED CARRY LICENSE VIOLATION,3,DOUGLAS
2025,35,CRIMINAL DAMAGE,335,DOUGLAS
2025,35,CRIMINAL SEXUAL ASSAULT,19,DOUGLAS
2025,35,CRIMINAL TRESPASS,60,DOUGLAS
2025,35,DECEPTIVE PRACTICE,149,DOUGLAS
2025,35,GAMBLING,1,DOUGLAS
2025,35,HOMICIDE,4,DOUGLAS
2025,35,INTERFERENCE WITH PUBLIC OFFICER,11,DOUGLAS
2025,35,INTIMIDATION,1,DOUGLAS
2025,35,MOTOR VEHICLE THEFT,352,DOUGLAS
2025,35,NARCOTICS,46,DOUGLAS
2025,35,OBSCENITY,3,DOUGLAS
2025,35,OFFENSE INVOLVING CHILDREN,11,DOUGLAS
2025,35,OTHER OFFENSE,183,DOUGLAS
2025,35,PUBLIC PEACE VIOLATION,13,DOUGLAS
2025,35,ROBBERY,56,DOUGLAS
2025,35,SEX OFFENSE,12,DOUGLAS
2025,35,STALKING,4,DOUGLAS
2025,35,THEFT,632,DOUGLAS
2025,35,WEAPONS VIOLATION,73,DOUGLAS
2025,36,ASSAULT,71,OAKLAND
2025,36,BATTERY,141,OAKLAND
2025,36,BURGLARY,20,OAKLAND
2025,36,CRIMINAL DAMAGE,121,OAKLAND
2025,36,CRIMINAL SEXUAL ASSAULT,1,OAKLAND
2025,36,CRIMINAL TRESPASS,10,OAKLAND
2025,36,DECEPTIVE PRACTICE,37,OAKLAND
2025,36,INTERFERENCE WITH PUBLIC OFFICER,2,OAKLAND
2025,36,MOTOR VEHICLE THEFT,115,OAKLAND
2025,36,NARCOTICS,4,OAKLAND
2025,36,OFFENSE INVOLVING CHILDREN,6,OAKLAND
2025,36,OTHER OFFENSE,40,OAKLAND
2025,36,PUBLIC PEACE VIOLATION,2,OAKLAND
2025,36,ROBBERY,14,OAKLAND
2025,36,SEX OFFENSE,3,OAKLAND
2025,36,STALKING,1,OAKLAND
2025,36,THEFT,151,OAKLAND
2025,36,WEAPONS VIOLATION,35,OAKLAND
2025,37,ARSON,2,FULLER PARK
2025,37,ASSAULT,64,FULLER PARK
2025,37,BATTERY,131,FULLER PARK
2025,37,BURGLARY,18,FULLER PARK
2025,37,CRIMINAL DAMAGE,63,FULLER PARK
2025,37,CRIMINAL SEXUAL ASSAULT,3,FULLER PARK
2025,37,CRIMINAL TRESPASS,12,FULLER PARK
2025,37,DECEPTIVE PRACTICE,19,FULLER PARK
2025,37,HOMICIDE,3,FULLER PARK
2025,37,INTERFERENCE WITH PUBLIC OFFICER,7,FULLER PARK
2025,37,MOTOR VEHICLE THEFT,62,FULLER PARK
2025,37,NARCOTICS,27,FULLER PARK
2025,37,OFFENSE INVOLVING CHILDREN,7,FULLER PARK
2025,37,OTHER OFFENSE,44,FULLER PARK
2025,37,PUBLIC PEACE VIOLATION,5,FULLER PARK
2025,37,ROBBERY,56,FULLER PARK
2025,37,SEX OFFENSE,1,FULLER PARK
2025,37,STALKING,2,FULLER PARK
2025,37,THEFT,111,FULLER PARK
2025,37,WEAPONS VIOLATION,36,FULLER PARK
2025,38,ARSON,2,GRAND BOULEVARD
2025,38,ASSAULT,348,GRAND BOULEVARD
2025,38,BATTERY,573,GRAND BOULEVARD
2025,38,BURGLARY,109,GRAND BOULEVARD
2025,38,CONCEALED CARRY LICENSE VIOLATION,2,GRAND BOULEVARD
2025,38,CRIMINAL DAMAGE,446,GRAND BOULEVARD
2025,38,CRIMINAL SEXUAL ASSAULT,22,GRAND BOULEVARD
2025,38,CRIMINAL TRESPASS,57,GRAND BOULEVARD
2025,38,DECEPTIVE PRACTICE,159,GRAND BOULEVARD
2025,38,HOMICIDE,3,GRAND BOULEVARD
2025,38,INTERFERENCE WITH PUBLIC OFFICER,8,GRAND BOULEVARD
2025,38,INTIMIDATION,1,GRAND BOULEVARD
2025,38,MOTOR VEHICLE THEFT,425,GRAND BOULEVARD
2025,38,NARCOTICS,50,GRAND BOULEVARD
2025,38,OFFENSE INVOLVING CHILDREN,28,GRAND BOULEVARD
2025,38,OTHER OFFENSE,232,GRAND BOULEVARD
2025,38,PROSTITUTION,4,GRAND BOULEVARD
2025,38,PUBLIC PEACE VIOLATION,16,GRAND BOULEVARD
2025,38,ROBBERY,63,GRAND BOULEVARD
2025,38,SEX OFFENSE,11,GRAND BOULEVARD
2025,38,STALKING,11,GRAND BOULEVARD
2025,38,THEFT,610,GRAND BOULEVARD
2025,38,WEAPONS VIOLATION,113,GRAND BOULEVARD
2025,39,ARSON,5,KENWOOD
2025,39,ASSAULT,181,KENWOOD
2025,39,BATTERY,317,KENWOOD
2025,39,BURGLARY,80,KENWOOD
2025,39,CRIMINAL DAMAGE,320,KENWOOD
2025,39,CRIMINAL SEXUAL ASSAULT,8,KENWOOD
2025,39,CRIMINAL TRESPASS,27,KENWOOD
2025,39,DECEPTIVE PRACTICE,104,KENWOOD
2025,39,INTERFERENCE WITH PUBLIC OFFICER,4,KENWOOD
2025,39,INTIMIDATION,1,KENWOOD
2025,39,KIDNAPPING,1,KENWOOD
2025,39,MOTOR VEHICLE THEFT,188,KENWOOD
2025,39,NARCOTICS,16,KENWOOD
2025,39,OFFENSE INVOLVING CHILDREN,21,KENWOOD
2025,39,OTHER OFFENSE,134,KENWOOD
2025,39,PUBLIC PEACE VIOLATION,5,KENWOOD
2025,39,ROBBERY,31,KENWOOD
2025,39,SEX OFFENSE,7,KENWOOD
2025,39,STALKING,4,KENWOOD
2025,39,THEFT,495,KENWOOD
2025,39,WEAPONS VIOLATION,29,KENWOOD
2025,40,ARSON,4,WASHINGTON PARK
2025,40,ASSAULT,293,WASHINGTON PARK
2025,40,BATTERY,555,WASHINGTON PARK
2025,40,BURGLARY,61,WASHINGTON PARK
2025,40,CONCEALED CARRY LICENSE VIOLATION,1,WASHINGTON PARK
2025,40,CRIMINAL DAMAGE,302,WASHINGTON PARK
2025,40,CRIMINAL SEXUAL ASSAULT,16,WASHINGTON PARK
2025,40,CRIMINAL TRESPASS,36,WASHINGTON PARK
2025,40,DECEPTIVE PRACTICE,75,WASHINGTON PARK
2025,40,GAMBLING,1,WASHINGTON PARK
2025,40,HOMICIDE,6,WASHINGTON PARK
2025,40,INTERFERENCE WITH PUBLIC OFFICER,14,WASHINGTON PARK
2025,40,INTIMIDATION,1,WASHINGTON PARK
2025,40,KIDNAPPING,1,WASHINGTON PARK
2025,40,LIQUOR LAW VIOLATION,3,WASHINGTON PARK
2025,40,MOTOR VEHICLE THEFT,237,WASHINGTON PARK
2025,40,NARCOTICS,55,WASHINGTON PARK
2025,40,OFFENSE INVOLVING CHILDREN,17,WASHINGTON PARK
2025,40,OTHER OFFENSE,189,WASHINGTON PARK
2025,40,PUBLIC PEACE VIOLATION,15,WASHINGTON PARK
2025,40,ROBBERY,42,WASHINGTON PARK
2025,40,SEX OFFENSE,3,WASHINGTON PARK
2025,40,STALKING,14,WASHINGTON PARK
2025,40,THEFT,335,WASHINGTON PARK
2025,40,WEAPONS VIOLATION,87,WASHINGTON PARK
2025,41,ASSAULT,145,HYDE PARK
2025,41,BATTERY,273,HYDE PARK
2025,41,BURGLARY,102,HYDE PARK
2025,41,CONCEALED CARRY LICENSE VIOLATION,1,HYDE PARK
2025,41,CRIMINAL DAMAGE,252,HYDE PARK
2025,41,CRIMINAL SEXUAL ASSAULT,26,HYDE PARK
2025,41,CRIMINAL TRESPASS,45,HYDE PARK
2025,41,DECEPTIVE PRACTICE,180,HYDE PARK
2025,41,INTERFERENCE WITH PUBLIC OFFICER,3,HYDE PARK
2025,41,INTIMIDATION,2,HYDE PARK
2025,41,LIQUOR LAW VIOLATION,2,HYDE PARK
2025,41,MOTOR VEHICLE THEFT,191,HYDE PARK
2025,41,NARCOTICS,6,HYDE PARK
2025,41,OBSCENITY,1,HYDE PARK
2025,41,OFFENSE INVOLVING CHILDREN,18,HYDE PARK
2025,41,OTHER OFFENSE,108,HYDE PARK
2025,41,PUBLIC PEACE VIOLATION,4,HYDE PARK
2025,41,ROBBERY,50,HYDE PARK
2025,41,SEX OFFENSE,13,HYDE PARK
2025,41,STALKING,9,HYDE PARK
2025,41,THEFT,1011,HYDE PARK
2025,41,WEAPONS VIOLATION,23,HYDE PARK
2025,42,ARSON,5,WOODLAWN
2025,42,ASSAULT,403,WOODLAWN
2025,42,BATTERY,718,WOODLAWN
2025,42,BURGLARY,131,WOODLAWN
2025,42,CONCEALED CARRY LICENSE VIOLATION,6,WOODLAWN
2025,42,CRIMINAL DAMAGE,427,WOODLAWN
2025,42,CRIMINAL SEXUAL ASSAULT,28,WOODLAWN
2025,42,CRIMINAL TRESPASS,77,WOODLAWN
2025,42,DECEPTIVE PRACTICE,182,WOODLAWN
2025,42,HOMICIDE,7,WOODLAWN
2025,42,INTERFERENCE WITH PUBLIC OFFICER,13,WOODLAWN
2025,42,INTIMIDATION,1,WOODLAWN
2025,42,KIDNAPPING,3,WOODLAWN
2025,42,LIQUOR LAW VIOLATION,2,WOODLAWN
2025,42,MOTOR VEHICLE THEFT,304,WOODLAWN
2025,42,NARCOTICS,62,WOODLAWN
2025,42,OBSCENITY,1,WOODLAWN
2025,42,OFFENSE INVOLVING CHILDREN,29,WOODLAWN
2025,42,OTHER OFFENSE,255,WOODLAWN
2025,42,PUBLIC PEACE VIOLATION,7,WOODLAWN
2025,42,ROBBERY,78,WOODLAWN
2025,42,SEX OFFENSE,19,WOODLAWN
2025,42,STALKING,6,WOODLAWN
2025,42,THEFT,707,WOODLAWN
2025,42,WEAPONS VIOLATION,126,WOODLAWN
2025,43,ARSON,14,SOUTH SHORE
2025,43,ASSAULT,941,SOUTH SHORE
2025,43,BATTERY,1784,SOUTH SHORE
2025,43,BURGLARY,352,SOUTH SHORE
2025,43,CONCEALED CARRY LICENSE VIOLATION,3,SOUTH SHORE
2025,43,CRIMINAL DAMAGE,1046,SOUTH SHORE
2025,43,CRIMINAL SEXUAL ASSAULT,53,SOUTH SHORE
2025,43,CRIMINAL TRESPASS,140,SOUTH SHORE
2025,43,DECEPTIVE PRACTICE,304,SOUTH SHORE
2025,43,HOMICIDE,22,SOUTH SHORE
2025,43,HUMAN TRAFFICKING,1,SOUTH SHORE
2025,43,INTERFERENCE WITH PUBLIC OFFICER,17,SOUTH SHORE
2025,43,INTIMIDATION,3,SOUTH SHORE
2025,43,KIDNAPPING,2,SOUTH SHORE
2025,43,LIQUOR LAW VIOLATION,1,SOUTH SHORE
2025,43,MOTOR VEHICLE THEFT,628,SOUTH SHORE
2025,43,NARCOTICS,116,SOUTH SHORE
2025,43,OFFENSE INVOLVING CHILDREN,69,SOUTH SHORE
2025,43,OTHER OFFENSE,581,SOUTH SHORE
2025,43,PROSTITUTION,3,SOUTH SHORE
2025,43,PUBLIC PEACE VIOLATION,15,SOUTH SHORE
2025,43,ROBBERY,227,SOUTH SHORE
2025,43,SEX OFFENSE,30,SOUTH SHORE
2025,43,STALKING,31,SOUTH SHORE
2025,43,THEFT,1273,SOUTH SHORE
2025,43,WEAPONS VIOLATION,245,SOUTH SHORE
2025,44,ARSON,9,CHATHAM
2025,44,ASSAULT,564,CHATHAM
2025,44,BATTERY,1032,CHATHAM
2025,44,BURGLARY,233,CHATHAM
2025,44,CONCEALED CARRY LICENSE VIOLATION,2,CHATHAM
2025,44,CRIMINAL DAMAGE,623,CHATHAM
2025,44,CRIMINAL SEXUAL ASSAULT,25,CHATHAM
2025,44,CRIMINAL TRESPASS,102,CHATHAM
2025,44,DECEPTIVE PRACTICE,214,CHATHAM
2025,44,HOMICIDE,10,CHATHAM
2025,44,INTERFERENCE WITH PUBLIC OFFICER,31,CHATHAM
2025,44,KIDNAPPING,2,CHATHAM
2025,44,MOTOR VEHICLE THEFT,406,CHATHAM
2025,44,NARCOTICS,60,CHATHAM
2025,44,OFFENSE INVOLVING CHILDREN,37,CHATHAM
2025,44,OTHER NARCOTIC VIOLATION,1,CHATHAM
2025,44,OTHER OFFENSE,450,CHATHAM
2025,44,PUBLIC PEACE VIOLATION,14,CHATHAM
2025,44,ROBBERY,183,CHATHAM
2025,44,SEX OFFENSE,17,CHATHAM
2025,44,STALKING,3,CHATHAM
2025,44,THEFT,1103,CHATHAM
2025,44,WEAPONS VIOLATION,124,CHATHAM
2025,45,ARSON,3,AVALON PARK
2025,45,ASSAULT,107,AVALON PARK
2025,45,BATTERY,197,AVALON PARK
2025,45,BURGLARY,55,AVALON PARK
2025,45,CONCEALED CARRY LICENSE VIOLATION,1,AVALON PARK
2025,45,CRIMINAL DAMAGE,152,AVALON PARK
2025,45,CRIMINAL SEXUAL ASSAULT,6,AVALON PARK
2025,45,CRIMINAL TRESPASS,20,AVALON PARK
2025,45,DECEPTIVE PRACTICE,67,AVALON PARK
2025,45,HOMICIDE,2,AVALON PARK
2025,45,INTERFERENCE WITH PUBLIC OFFICER,4,AVALON PARK
2025,45,MOTOR VEHICLE THEFT,95,AVALON PARK
2025,45,NARCOTICS,11,AVALON PARK
2025,45,OFFENSE INVOLVING CHILDREN,9,AVALON PARK
2025,45,OTHER OFFENSE,70,AVALON PARK
2025,45,PUBLIC PEACE VIOLATION,2,AVALON PARK
2025,45,ROBBERY,29,AVALON PARK
2025,45,SEX OFFENSE,6,AVALON PARK
2025,45,STALKING,2,AVALON PARK
2025,45,THEFT,159,AVALON PARK
2025,45,WEAPONS VIOLATION,22,AVALON PARK
2025,46,ARSON,12,SOUTH CHICAGO
2025,46,ASSAULT,399,SOUTH CHICAGO
2025,46,BATTERY,756,SOUTH CHICAGO
2025,46,BURGLARY,161,SOUTH CHICAGO
2025,46,CONCEALED CARRY LICENSE VIOLATION,2,SOUTH CHICAGO
2025,46,CRIMINAL DAMAGE,582,SOUTH CHICAGO
2025,46,CRIMINAL SEXUAL ASSAULT,18,SOUTH CHICAGO
2025,46,CRIMINAL TRESPASS,59,SOUTH CHICAGO
2025,46,DECEPTIVE PRACTICE,136,SOUTH CHICAGO
2025,46,HOMICIDE,8,SOUTH CHICAGO
2025,46,INTERFERENCE WITH PUBLIC OFFICER,17,SOUTH CHICAGO
2025,46,KIDNAPPING,1,SOUTH CHICAGO
2025,46,LIQUOR LAW VIOLATION,3,SOUTH CHICAGO
2025,46,MOTOR VEHICLE THEFT,372,SOUTH CHICAGO
2025,46,NARCOTICS,54,SOUTH CHICAGO
2025,46,OBSCENITY,1,SOUTH CHICAGO
2025,46,OFFENSE INVOLVING CHILDREN,30,SOUTH CHICAGO
2025,46,OTHER NARCOTIC VIOLATION,1,SOUTH CHICAGO
2025,46,OTHER OFFENSE,306,SOUTH CHICAGO
2025,46,PUBLIC PEACE VIOLATION,5,SOUTH CHICAGO
2025,46,ROBBERY,102,SOUTH CHICAGO
2025,46,SEX OFFENSE,13,SOUTH CHICAGO
2025,46,STALKING,3,SOUTH CHICAGO
2025,46,THEFT,466,SOUTH CHICAGO
2025,46,WEAPONS VIOLATION,125,SOUTH CHICAGO
2025,47,ASSAULT,26,BURNSIDE
2025,47,BATTERY,48,BURNSIDE
2025,47,BURGLARY,9,BURNSIDE
2025,47,CRIMINAL DAMAGE,28,BURNSIDE
2025,47,CRIMINAL SEXUAL ASSAULT,1,BURNSIDE
2025,47,CRIMINAL TRESPASS,2,BURNSIDE
2025,47,DECEPTIVE PRACTICE,8,BURNSIDE
2025,47,HOMICIDE,1,BURNSIDE
2025,47,INTERFERENCE WITH PUBLIC OFFICER,1,BURNSIDE
2025,47,MOTOR VEHICLE THEFT,24,BURNSIDE
2025,47,NARCOTICS,3,BURNSIDE
2025,47,OBSCENITY,1,BURNSIDE
2025,47,OFFENSE INVOLVING CHILDREN,4,BURNSIDE
2025,47,OTHER OFFENSE,21,BURNSIDE
2025,47,PUBLIC PEACE VIOLATION,1,BURNSIDE
2025,47,ROBBERY,10,BURNSIDE
2025,47,SEX OFFENSE,3,BURNSIDE
2025,47,STALKING,1,BURNSIDE
2025,47,THEFT,46,BURNSIDE
2025,47,WEAPONS VIOLATION,7,BURNSIDE
2025,48,ARSON,3,CALUMET HEIGHTS
2025,48,ASSAULT,125,CALUMET HEIGHTS
2025,48,BATTERY,218,CALUMET HEIGHTS
2025,48,BURGLARY,50,CALUMET HEIGHTS
2025,48,CONCEALED CARRY LICENSE VIOLATION,1,CALUMET HEIGHTS
2025,48,CRIMINAL DAMAGE,209,CALUMET HEIGHTS
2025,48,CRIMINAL SEXUAL ASSAULT,16,CALUMET HEIGHTS
2025,48,CRIMINAL TRESPASS,16,CALUMET HEIGHTS
2025,48,DECEPTIVE PRACTICE,79,CALUMET HEIGHTS
2025,48,HOMICIDE,4,CALUMET HEIGHTS
2025,48,INTERFERENCE WITH PUBLIC OFFICER,3,CALUMET HEIGHTS
2025,48,LIQUOR LAW VIOLATION,1,CALUMET HEIGHTS
2025,48,MOTOR VEHICLE THEFT,184,CALUMET HEIGHTS
2025,48,NARCOTICS,11,CALUMET HEIGHTS
2025,48,OBSCENITY,1,CALUMET HEIGHTS
2025,48,OFFENSE INVOLVING CHILDREN,13,CALUMET HEIGHTS
2025,48,OTHER OFFENSE,70,CALUMET HEIGHTS
2025,48,PUBLIC PEACE VIOLATION,1,CALUMET HEIGHTS
2025,48,ROBBERY,24,CALUMET HEIGHTS
2025,48,SEX OFFENSE,9,CALUMET HEIGHTS
2025,48,STALKING,5,CALUMET HEIGHTS
2025,48,THEFT,226,CALUMET HEIGHTS
2025,48,WEAPONS VIOLATION,33,CALUMET HEIGHTS
2025,49,ARSON,8,ROSELAND
2025,49,ASSAULT,540,ROSELAND
2025,49,BATTERY,1022,ROSELAND
2025,49,BURGLARY,167,ROSELAND
2025,49,CONCEALED CARRY LICENSE VIOLATION,4,ROSELAND
2025,49,CRIMINAL DAMAGE,675,ROSELAND
2025,49,CRIMINAL SEXUAL ASSAULT,34,ROSELAND
2025,49,CRIMINAL TRESPASS,98,ROSELAND
2025,49,DECEPTIVE PRACTICE,235,ROSELAND
2025,49,GAMBLING,1,ROSELAND
2025,49,HOMICIDE,18,ROSELAND
2025,49,HUMAN TRAFFICKING,1,ROSELAND
2025,49,INTERFERENCE WITH PUBLIC OFFICER,61,ROSELAND
2025,49,INTIMIDATION,1,ROSELAND
2025,49,KIDNAPPING,4,ROSELAND
2025,49,MOTOR VEHICLE THEFT,451,ROSELAND
2025,49,NARCOTICS,129,ROSELAND
2025,49,OFFENSE INVOLVING CHILDREN,57,ROSELAND
2025,49,OTHER OFFENSE,506,ROSELAND
2025,49,PROSTITUTION,5,ROSELAND
2025,49,PUBLIC PEACE VIOLATION,16,ROSELAND
2025,49,ROBBERY,154,ROSELAND
2025,49,SEX OFFENSE,30,ROSELAND
2025,49,STALKING,6,ROSELAND
2025,49,THEFT,818,ROSELAND
2025,49,WEAPONS VIOLATION,144,ROSELAND
2025,50,ARSON,2,PULLMAN
2025,50,ASSAULT,130,PULLMAN
2025,50,BATTERY,193,PULLMAN
2025,50,BURGLARY,23,PULLMAN
2025,50,CRIMINAL DAMAGE,116,PULLMAN
2025,50,CRIMINAL SEXUAL ASSAULT,10,PULLMAN
2025,50,CRIMINAL TRESPASS,20,PULLMAN
2025,50,DECEPTIVE PRACTICE,44,PULLMAN
2025,50,INTERFERENCE WITH PUBLIC OFFICER,11,PULLMAN
2025,50,INTIMIDATION,1,PULLMAN
2025,50,MOTOR VEHICLE THEFT,71,PULLMAN
2025,50,NARCOTICS,11,PULLMAN
2025,50,OFFENSE INVOLVING CHILDREN,10,PULLMAN
2025,50,OTHER OFFENSE,109,PULLMAN
2025,50,PUBLIC PEACE VIOLATION,4,PULLMAN
2025,50,ROBBERY,11,PULLMAN
2025,50,SEX OFFENSE,4,PULLMAN
2025,50,STALKING,8,PULLMAN
2025,50,THEFT,255,PULLMAN
2025,50,WEAPONS VIOLATION,29,PULLMAN
2025,51,ARSON,3,SOUTH DEERING
2025,51,ASSAULT,194,SOUTH DEERING
2025,51,BATTERY,328,SOUTH DEERING
2025,51,BURGLARY,53,SOUTH DEERING
2025,51,CRIMINAL DAMAGE,254,SOUTH DEERING
2025,51,CRIMINAL SEXUAL ASSAULT,4,SOUTH DEERING
2025,51,CRIMINAL TRESPASS,25,SOUTH DEERING
2025,51,DECEPTIVE PRACTICE,85,SOUTH DEERING
2025,51,HOMICIDE,5,SOUTH DEERING
2025,51,INTERFERENCE WITH PUBLIC OFFICER,2,SOUTH DEERING
2025,51,INTIMIDATION,1,SOUTH DEERING
2025,51,KIDNAPPING,1,SOUTH DEERING
2025,51,LIQUOR LAW VIOLATION,1,SOUTH DEERING
2025,51,MOTOR VEHICLE THEFT,187,SOUTH DEERING
2025,51,NARCOTICS,27,SOUTH DEERING
2025,51,OFFENSE INVOLVING CHILDREN,28,SOUTH DEERING
2025,51,OTHER OFFENSE,121,SOUTH DEERING
2025,51,PUBLIC INDECENCY,1,SOUTH DEERING
2025,51,PUBLIC PEACE VIOLATION,4,SOUTH DEERING
2025,51,ROBBERY,58,SOUTH DEERING
2025,51,SEX OFFENSE,5,SOUTH DEERING
2025,51,STALKING,3,SOUTH DEERING
2025,51,THEFT,377,SOUTH DEERING
2025,51,WEAPONS VIOLATION,46,SOUTH DEERING
2025,52,ARSON,2,EAST SIDE
2025,52,ASSAULT,158,EAST SIDE
2025,52,BATTERY,256,EAST SIDE
2025,52,BURGLARY,39,EAST SIDE
2025,52,CRIMINAL DAMAGE,216,EAST SIDE
2025,52,CRIMINAL TRESPASS,23,EAST SIDE
2025,52,DECEPTIVE PRACTICE,46,EAST SIDE
2025,52,HOMICIDE,6,EAST SIDE
2025,52,INTERFERENCE WITH PUBLIC OFFICER,3,EAST SIDE
2025,52,LIQUOR LAW VIOLATION,2,EAST SIDE
2025,52,MOTOR VEHICLE THEFT,200,EAST SIDE
2025,52,NARCOTICS,14,EAST SIDE
2025,52,OBSCENITY,1,EAST SIDE
2025,52,OFFENSE INVOLVING CHILDREN,14,EAST SIDE
2025,52,OTHER OFFENSE,122,EAST SIDE
2025,52,PUBLIC PEACE VIOLATION,7,EAST SIDE
2025,52,ROBBERY,19,EAST SIDE
2025,52,SEX OFFENSE,4,EAST SIDE
2025,52,STALKING,1,EAST SIDE
2025,52,THEFT,194,EAST SIDE
2025,52,WEAPONS VIOLATION,43,EAST SIDE
2025,53,ARSON,14,WEST PULLMAN
2025,53,ASSAULT,335,WEST PULLMAN
2025,53,BATTERY,594,WEST PULLMAN
2025,53,BURGLARY,165,WEST PULLMAN
2025,53,CONCEALED CARRY LICENSE VIOLATION,3,WEST PULLMAN
2025,53,CRIMINAL DAMAGE,462,WEST PULLMAN
2025,53,CRIMINAL SEXUAL ASSAULT,15,WEST PULLMAN
2025,53,CRIMINAL TRESPASS,54,WEST PULLMAN
2025,53,DECEPTIVE PRACTICE,152,WEST PULLMAN
2025,53,HOMICIDE,8,WEST PULLMAN
2025,53,INTERFERENCE WITH PUBLIC OFFICER,35,WEST PULLMAN
2025,53,INTIMIDATION,2,WEST PULLMAN
2025,53,KIDNAPPING,3,WEST PULLMAN
2025,53,MOTOR VEHICLE THEFT,281,WEST PULLMAN
2025,53,NARCOTICS,61,WEST PULLMAN
2025,53,OFFENSE INVOLVING CHILDREN,31,WEST PULLMAN
2025,53,OTHER OFFENSE,309,WEST PULLMAN
2025,53,PROSTITUTION,1,WEST PULLMAN
2025,53,PUBLIC PEACE VIOLATION,4,WEST PULLMAN
2025,53,ROBBERY,72,WEST PULLMAN
2025,53,SEX OFFENSE,18,WEST PULLMAN
2025,53,STALKING,13,WEST PULLMAN
2025,53,THEFT,453,WEST PULLMAN
2025,53,WEAPONS VIOLATION,87,WEST PULLMAN
2025,54,ARSON,5,RIVERDALE
2025,54,ASSAULT,165,RIVERDALE
2025,54,BATTERY,273,RIVERDALE
2025,54,BURGLARY,21,RIVERDALE
2025,54,CRIMINAL DAMAGE,141,RIVERDALE
2025,54,CRIMINAL SEXUAL ASSAULT,4,RIVERDALE
2025,54,CRIMINAL TRESPASS,14,RIVERDALE
2025,54,DECEPTIVE PRACTICE,17,RIVERDALE
2025,54,HOMICIDE,8,RIVERDALE
2025,54,INTERFERENCE WITH PUBLIC OFFICER,4,RIVERDALE
2025,54,KIDNAPPING,3,RIVERDALE
2025,54,MOTOR VEHICLE THEFT,82,RIVERDALE
2025,54,NARCOTICS,5,RIVERDALE
2025,54,OFFENSE INVOLVING CHILDREN,14,RIVERDALE
2025,54,OTHER OFFENSE,101,RIVERDALE
2025,54,PUBLIC PEACE VIOLATION,2,RIVERDALE
2025,54,ROBBERY,32,RIVERDALE
2025,54,SEX OFFENSE,2,RIVERDALE
2025,54,THEFT,123,RIVERDALE
2025,54,WEAPONS VIOLATION,36,RIVERDALE
2025,55,ARSON,1,HEGEWISCH
2025,55,ASSAULT,55,HEGEWISCH
2025,55,BATTERY,118,HEGEWISCH
2025,55,BURGLARY,26,HEGEWISCH
2025,55,CRIMINAL DAMAGE,146,HEGEWISCH
2025,55,CRIMINAL SEXUAL ASSAULT,2,HEGEWISCH
2025,55,CRIMINAL TRESPASS,19,HEGEWISCH
2025,55,DECEPTIVE PRACTICE,33,HEGEWISCH
2025,55,HOMICIDE,2,HEGEWISCH
2025,55,KIDNAPPING,1,HEGEWISCH
2025,55,MOTOR VEHICLE THEFT,103,HEGEWISCH
2025,55,NARCOTICS,1,HEGEWISCH
2025,55,OFFENSE INVOLVING CHILDREN,8,HEGEWISCH
2025,55,OTHER OFFENSE,60,HEGEWISCH
2025,55,ROBBERY,13,HEGEWISCH
2025,55,SEX OFFENSE,4,HEGEWISCH
2025,55,STALKING,4,HEGEWISCH
2025,55,THEFT,143,HEGEWISCH
2025,55,WEAPONS VIOLATION,12,HEGEWISCH
2025,56,ARSON,5,GARFIELD RIDGE
2025,56,ASSAULT,156,GARFIELD RIDGE
2025,56,BATTERY,293,GARFIELD RIDGE
2025,56,BURGLARY,76,GARFIELD RIDGE
2025,56,CONCEALED CARRY LICENSE VIOLATION,24,GARFIELD RIDGE
2025,56,CRIMINAL DAMAGE,305,GARFIELD RIDGE
2025,56,CRIMINAL SEXUAL ASSAULT,7,GARFIELD RIDGE
2025,56,CRIMINAL TRESPASS,49,GARFIELD RIDGE
2025,56,DECEPTIVE PRACTICE,185,GARFIELD RIDGE
2025,56,HOMICIDE,1,GARFIELD RIDGE
2025,56,HUMAN TRAFFICKING,1,GARFIELD RIDGE
2025,56,INTERFERENCE WITH PUBLIC OFFICER,6,GARFIELD RIDGE
2025,56,INTIMIDATION,1,GARFIELD RIDGE
2025,56,LIQUOR LAW VIOLATION,2,GARFIELD RIDGE
2025,56,MOTOR VEHICLE THEFT,141,GARFIELD RIDGE
2025,56,NARCOTICS,47,GARFIELD RIDGE
2025,56,OFFENSE INVOLVING CHILDREN,14,GARFIELD RIDGE
2025,56,OTHER OFFENSE,153,GARFIELD RIDGE
2025,56,PROSTITUTION,70,GARFIELD RIDGE
2025,56,PUBLIC INDECENCY,1,GARFIELD RIDGE
2025,56,PUBLIC PEACE VIOLATION,10,GARFIELD RIDGE
2025,56,ROBBERY,34,GARFIELD RIDGE
2025,56,SEX OFFENSE,9,GARFIELD RIDGE
2025,56,STALKING,6,GARFIELD RIDGE
2025,56,THEFT,360,GARFIELD RIDGE
2025,56,WEAPONS VIOLATION,39,GARFIELD RIDGE
2025,57,ASSAULT,70,ARCHER HEIGHTS
2025,57,BATTERY,136,ARCHER HEIGHTS
2025,57,BURGLARY,42,ARCHER HEIGHTS
2025,57,CONCEALED CARRY LICENSE VIOLATION,1,ARCHER HEIGHTS
2025,57,CRIMINAL DAMAGE,86,ARCHER HEIGHTS
2025,57,CRIMINAL SEXUAL ASSAULT,6,ARCHER HEIGHTS
2025,57,CRIMINAL TRESPASS,11,ARCHER HEIGHTS
2025,57,DECEPTIVE PRACTICE,85,ARCHER HEIGHTS
2025,57,HOMICIDE,2,ARCHER HEIGHTS
2025,57,HUMAN TRAFFICKING,1,ARCHER HEIGHTS
2025,57,INTERFERENCE WITH PUBLIC OFFICER,6,ARCHER HEIGHTS
2025,57,LIQUOR LAW VIOLATION,1,ARCHER HEIGHTS
2025,57,MOTOR VEHICLE THEFT,76,ARCHER HEIGHTS
2025,57,NARCOTICS,14,ARCHER HEIGHTS
2025,57,OFFENSE INVOLVING CHILDREN,2,ARCHER HEIGHTS
2025,57,OTHER OFFENSE,84,ARCHER HEIGHTS
2025,57,PUBLIC PEACE VIOLATION,4,ARCHER HEIGHTS
2025,57,ROBBERY,24,ARCHER HEIGHTS
2025,57,SEX OFFENSE,4,ARCHER HEIGHTS
2025,57,STALKING,2,ARCHER HEIGHTS
2025,57,THEFT,398,ARCHER HEIGHTS
2025,57,WEAPONS VIOLATION,20,ARCHER HEIGHTS
2025,58,ARSON,3,BRIGHTON PARK
2025,58,ASSAULT,187,BRIGHTON PARK
2025,58,BATTERY,403,BRIGHTON PARK
2025,58,BURGLARY,88,BRIGHTON PARK
2025,58,CONCEALED CARRY LICENSE VIOLATION,1,BRIGHTON PARK
2025,58,CRIMINAL DAMAGE,244,BRIGHTON PARK
2025,58,CRIMINAL SEXUAL ASSAULT,12,BRIGHTON PARK
2025,58,CRIMINAL TRESPASS,46,BRIGHTON PARK
2025,58,DECEPTIVE PRACTICE,130,BRIGHTON PARK
2025,58,HOMICIDE,3,BRIGHTON PARK
2025,58,INTERFERENCE WITH PUBLIC OFFICER,3,BRIGHTON PARK
2025,58,INTIMIDATION,3,BRIGHTON PARK
2025,58,KIDNAPPING,1,BRIGHTON PARK
2025,58,LIQUOR LAW VIOLATION,1,BRIGHTON PARK
2025,58,MOTOR VEHICLE THEFT,119,BRIGHTON PARK
2025,58,NARCOTICS,15,BRIGHTON PARK
2025,58,OFFENSE INVOLVING CHILDREN,28,BRIGHTON PARK
2025,58,OTHER OFFENSE,169,BRIGHTON PARK
2025,58,PROSTITUTION,3,BRIGHTON PARK
2025,58,PUBLIC PEACE VIOLATION,4,BRIGHTON PARK
2025,58,ROBBERY,36,BRIGHTON PARK
2025,58,SEX OFFENSE,8,BRIGHTON PARK
2025,58,STALKING,1,BRIGHTON PARK
2025,58,THEFT,370,BRIGHTON PARK
2025,58,WEAPONS VIOLATION,49,BRIGHTON PARK
2025,59,ARSON,3,MCKINLEY PARK
2025,59,ASSAULT,75,MCKINLEY PARK
2025,59,BATTERY,137,MCKINLEY PARK
2025,59,BURGLARY,53,MCKINLEY PARK
2025,59,CONCEALED CARRY LICENSE VIOLATION,1,MCKINLEY PARK
2025,59,CRIMINAL DAMAGE,95,MCKINLEY PARK
2025,59,CRIMINAL SEXUAL ASSAULT,7,MCKINLEY PARK
2025,59,CRIMINAL TRESPASS,21,MCKINLEY PARK
2025,59,DECEPTIVE PRACTICE,63,MCKINLEY PARK
2025,59,HOMICIDE,1,MCKINLEY PARK
2025,59,HUMAN TRAFFICKING,1,MCKINLEY PARK
2025,59,INTERFERENCE WITH PUBLIC OFFICER,3,MCKINLEY PARK
2025,59,KIDNAPPING,1,MCKINLEY PARK
2025,59,LIQUOR LAW VIOLATION,1,MCKINLEY PARK
2025,59,MOTOR VEHICLE THEFT,55,MCKINLEY PARK
2025,59,NARCOTICS,9,MCKINLEY PARK
2025,59,OFFENSE INVOLVING CHILDREN,2,MCKINLEY PARK
2025,59,OTHER OFFENSE,66,MCKINLEY PARK
2025,59,PROSTITUTION,1,MCKINLEY PARK
2025,59,PUBLIC PEACE VIOLATION,2,MCKINLEY PARK
2025,59,ROBBERY,19,MCKINLEY PARK
2025,59,SEX OFFENSE,3,MCKINLEY PARK
2025,59,STALKING,2,MCKINLEY PARK
2025,59,THEFT,273,MCKINLEY PARK
2025,59,WEAPONS VIOLATION,18,MCKINLEY PARK
2025,60,ARSON,2,BRIDGEPORT
2025,60,ASSAULT,188,BRIDGEPORT
2025,60,BATTERY,246,BRIDGEPORT
2025,60,BURGLARY,85,BRIDGEPORT
2025,60,CRIMINAL DAMAGE,213,BRIDGEPORT
2025,60,CRIMINAL SEXUAL ASSAULT,7,BRIDGEPORT
2025,60,CRIMINAL TRESPASS,52,BRIDGEPORT
2025,60,DECEPTIVE PRACTICE,127,BRIDGEPORT
2025,60,HOMICIDE,3,BRIDGEPORT
2025,60,INTERFERENCE WITH PUBLIC OFFICER,2,BRIDGEPORT
2025,60,INTIMIDATION,4,BRIDGEPORT
2025,60,MOTOR VEHICLE THEFT,118,BRIDGEPORT
2025,60,NARCOTICS,16,BRIDGEPORT
2025,60,OFFENSE INVOLVING CHILDREN,9,BRIDGEPORT
2025,60,OTHER OFFENSE,115,BRIDGEPORT
2025,60,PROSTITUTION,1,BRIDGEPORT
2025,60,PUBLIC PEACE VIOLATION,8,BRIDGEPORT
2025,60,ROBBERY,26,BRIDGEPORT
2025,60,SEX OFFENSE,9,BRIDGEPORT
2025,60,STALKING,2,BRIDGEPORT
2025,60,THEFT,399,BRIDGEPORT
2025,60,WEAPONS VIOLATION,23,BRIDGEPORT
2025,61,ARSON,12,NEW CITY
2025,61,ASSAULT,437,NEW CITY
2025,61,BATTERY,797,NEW CITY
2025,61,BURGLARY,148,NEW CITY
2025,61,CONCEALED CARRY LICENSE VIOLATION,4,NEW CITY
2025,61,CRIMINAL DAMAGE,384,NEW CITY
2025,61,CRIMINAL SEXUAL ASSAULT,21,NEW CITY
2025,61,CRIMINAL TRESPASS,68,NEW CITY
2025,61,DECEPTIVE PRACTICE,173,NEW CITY
2025,61,HOMICIDE,6,NEW CITY
2025,61,INTERFERENCE WITH PUBLIC OFFICER,12,NEW CITY
2025,61,INTIMIDATION,2,NEW CITY
2025,61,LIQUOR LAW VIOLATION,2,NEW CITY
2025,61,MOTOR VEHICLE THEFT,224,NEW CITY
2025,61,NARCOTICS,63,NEW CITY
2025,61,OFFENSE INVOLVING CHILDREN,32,NEW CITY
2025,61,OTHER OFFENSE,263,NEW CITY
2025,61,PROSTITUTION,2,NEW CITY
2025,61,PUBLIC PEACE VIOLATION,7,NEW CITY
2025,61,ROBBERY,109,NEW CITY
2025,61,SEX OFFENSE,17,NEW CITY
2025,61,STALKING,5,NEW CITY
2025,61,THEFT,582,NEW CITY
2025,61,WEAPONS VIOLATION,127,NEW CITY
2025,62,ARSON,5,WEST ELSDON
2025,62,ASSAULT,82,WEST ELSDON
2025,62,BATTERY,178,WEST ELSDON
2025,62,BURGLARY,39,WEST ELSDON
2025,62,CONCEALED CARRY LICENSE VIOLATION,1,WEST ELSDON
2025,62,CRIMINAL DAMAGE,118,WEST ELSDON
2025,62,CRIMINAL SEXUAL ASSAULT,1,WEST ELSDON
2025,62,CRIMINAL TRESPASS,17,WEST ELSDON
2025,62,DECEPTIVE PRACTICE,74,WEST ELSDON
2025,62,INTERFERENCE WITH PUBLIC OFFICER,4,WEST ELSDON
2025,62,MOTOR VEHICLE THEFT,72,WEST ELSDON
2025,62,NARCOTICS,9,WEST ELSDON
2025,62,OFFENSE INVOLVING CHILDREN,6,WEST ELSDON
2025,62,OTHER OFFENSE,89,WEST ELSDON
2025,62,PUBLIC PEACE VIOLATION,1,WEST ELSDON
2025,62,ROBBERY,25,WEST ELSDON
2025,62,SEX OFFENSE,5,WEST ELSDON
2025,62,THEFT,151,WEST ELSDON
2025,62,WEAPONS VIOLATION,20,WEST ELSDON
2025,63,ARSON,5,GAGE PARK
2025,63,ASSAULT,198,GAGE PARK
2025,63,BATTERY,408,GAGE PARK
2025,63,BURGLARY,72,GAGE PARK
2025,63,CRIMINAL DAMAGE,225,GAGE PARK
2025,63,CRIMINAL SEXUAL ASSAULT,9,GAGE PARK
2025,63,CRIMINAL TRESPASS,28,GAGE PARK
2025,63,DECEPTIVE PRACTICE,122,GAGE PARK
2025,63,HOMICIDE,4,GAGE PARK
2025,63,INTERFERENCE WITH PUBLIC OFFICER,7,GAGE PARK
2025,63,KIDNAPPING,2,GAGE PARK
2025,63,LIQUOR LAW VIOLATION,6,GAGE PARK
2025,63,MOTOR VEHICLE THEFT,137,GAGE PARK
2025,63,NARCOTICS,24,GAGE PARK
2025,63,OBSCENITY,1,GAGE PARK
2025,63,OFFENSE INVOLVING CHILDREN,24,GAGE PARK
2025,63,OTHER OFFENSE,172,GAGE PARK
2025,63,PUBLIC PEACE VIOLATION,6,GAGE PARK
2025,63,ROBBERY,56,GAGE PARK
2025,63,SEX OFFENSE,12,GAGE PARK
2025,63,STALKING,4,GAGE PARK
2025,63,THEFT,568,GAGE PARK
2025,63,WEAPONS VIOLATION,75,GAGE PARK
2025,64,ARSON,2,CLEARING
2025,64,ASSAULT,104,CLEARING
2025,64,BATTERY,196,CLEARING
2025,64,BURGLARY,45,CLEARING
2025,64,CONCEALED CARRY LICENSE VIOLATION,1,CLEARING
2025,64,CRIMINAL DAMAGE,129,CLEARING
2025,64,CRIMINAL SEXUAL ASSAULT,6,CLEARING
2025,64,CRIMINAL TRESPASS,22,CLEARING
2025,64,DECEPTIVE PRACTICE,80,CLEARING
2025,64,HOMICIDE,1,CLEARING
2025,64,INTERFERENCE WITH PUBLIC OFFICER,1,CLEARING
2025,64,INTIMIDATION,1,CLEARING
2025,64,LIQUOR LAW VIOLATION,2,CLEARING
2025,64,MOTOR VEHICLE THEFT,88,CLEARING
2025,64,NARCOTICS,7,CLEARING
2025,64,OBSCENITY,1,CLEARING
2025,64,OFFENSE INVOLVING CHILDREN,14,CLEARING
2025,64,OTHER OFFENSE,110,CLEARING
2025,64,PUBLIC PEACE VIOLATION,5,CLEARING
2025,64,ROBBERY,11,CLEARING
2025,64,SEX OFFENSE,6,CLEARING
2025,64,STALKING,3,CLEARING
2025,64,THEFT,173,CLEARING
2025,64,WEAPONS VIOLATION,8,CLEARING
2025,65,ARSON,2,WEST LAWN
2025,65,ASSAULT,136,WEST LAWN
2025,65,BATTERY,270,WEST LAWN
2025,65,BURGLARY,64,WEST LAWN
2025,65,CONCEALED CARRY LICENSE VIOLATION,3,WEST LAWN
2025,65,CRIMINAL DAMAGE,179,WEST LAWN
2025,65,CRIMINAL SEXUAL ASSAULT,8,WEST LAWN
2025,65,CRIMINAL TRESPASS,35,WEST LAWN
2025,65,DECEPTIVE PRACTICE,86,WEST LAWN
2025,65,HOMICIDE,2,WEST LAWN
2025,65,INTERFERENCE WITH PUBLIC OFFICER,6,WEST LAWN
2025,65,KIDNAPPING,1,WEST LAWN
2025,65,LIQUOR LAW VIOLATION,1,WEST LAWN
2025,65,MOTOR VEHICLE THEFT,162,WEST LAWN
2025,65,NARCOTICS,12,WEST LAWN
2025,65,OBSCENITY,1,WEST LAWN
2025,65,OFFENSE INVOLVING CHILDREN,19,WEST LAWN
2025,65,OTHER OFFENSE,135,WEST LAWN
2025,65,PUBLIC PEACE VIOLATION,5,WEST LAWN
2025,65,ROBBERY,32,WEST LAWN
2025,65,SEX OFFENSE,13,WEST LAWN
2025,65,STALKING,5,WEST LAWN
2025,65,THEFT,481,WEST LAWN
2025,65,WEAPONS VIOLATION,34,WEST LAWN
2025,66,ARSON,15,CHICAGO LAWN
2025,66,ASSAULT,533,CHICAGO LAWN
2025,66,BATTERY,997,CHICAGO LAWN
2025,66,BURGLARY,140,CHICAGO LAWN
2025,66,CONCEALED CARRY LICENSE VIOLATION,4,CHICAGO LAWN
2025,66,CRIMINAL DAMAGE,533,CHICAGO LAWN
2025,66,CRIMINAL SEXUAL ASSAULT,47,CHICAGO LAWN
2025,66,CRIMINAL TRESPASS,82,CHICAGO LAWN
2025,66,DECEPTIVE PRACTICE,213,CHICAGO LAWN
2025,66,GAMBLING,1,CHICAGO LAWN
2025,66,HOMICIDE,6,CHICAGO LAWN
2025,66,INTERFERENCE WITH PUBLIC OFFICER,26,CHICAGO LAWN
2025,66,INTIMIDATION,1,CHICAGO LAWN
2025,66,KIDNAPPING,2,CHICAGO LAWN
2025,66,MOTOR VEHICLE THEFT,280,CHICAGO LAWN
2025,66,NARCOTICS,193,CHICAGO LAWN
2025,66,OBSCENITY,2,CHICAGO LAWN
2025,66,OFFENSE INVOLVING CHILDREN,27,CHICAGO LAWN
2025,66,OTHER OFFENSE,457,CHICAGO LAWN
2025,66,PUBLIC PEACE VIOLATION,14,CHICAGO LAWN
2025,66,ROBBERY,122,CHICAGO LAWN
2025,66,SEX OFFENSE,32,CHICAGO LAWN
2025,66,STALKING,15,CHICAGO LAWN
2025,66,THEFT,701,CHICAGO LAWN
2025,66,WEAPONS VIOLATION,163,CHICAGO LAWN
2025,67,ARSON,10,WEST ENGLEWOOD
2025,67,ASSAULT,477,WEST ENGLEWOOD
2025,67,BATTERY,931,WEST ENGLEWOOD
2025,67,BURGLARY,106,WEST ENGLEWOOD
2025,67,CONCEALED CARRY LICENSE VIOLATION,5,WEST ENGLEWOOD
2025,67,CRIMINAL DAMAGE,541,WEST ENGLEWOOD
2025,67,CRIMINAL SEXUAL ASSAULT,30,WEST ENGLEWOOD
2025,67,CRIMINAL TRESPASS,60,WEST ENGLEWOOD
2025,67,DECEPTIVE PRACTICE,161,WEST ENGLEWOOD
2025,67,HOMICIDE,8,WEST ENGLEWOOD
2025,67,HUMAN TRAFFICKING,1,WEST ENGLEWOOD
2025,67,INTERFERENCE WITH PUBLIC OFFICER,37,WEST ENGLEWOOD
2025,67,INTIMIDATION,3,WEST ENGLEWOOD
2025,67,KIDNAPPING,3,WEST ENGLEWOOD
2025,67,LIQUOR LAW VIOLATION,1,WEST ENGLEWOOD
2025,67,MOTOR VEHICLE THEFT,275,WEST ENGLEWOOD
2025,67,NARCOTICS,211,WEST ENGLEWOOD
2025,67,OBSCENITY,1,WEST ENGLEWOOD
2025,67,OFFENSE INVOLVING CHILDREN,46,WEST ENGLEWOOD
2025,67,OTHER OFFENSE,357,WEST ENGLEWOOD
2025,67,PUBLIC PEACE VIOLATION,11,WEST ENGLEWOOD
2025,67,ROBBERY,117,WEST ENGLEWOOD
2025,67,SEX OFFENSE,23,WEST ENGLEWOOD
2025,67,STALKING,6,WEST ENGLEWOOD
2025,67,THEFT,550,WEST ENGLEWOOD
2025,67,WEAPONS VIOLATION,195,WEST ENGLEWOOD
2025,68,ARSON,10,ENGLEWOOD
2025,68,ASSAULT,569,ENGLEWOOD
2025,68,BATTERY,1144,ENGLEWOOD
2025,68,BURGLARY,153,ENGLEWOOD
2025,68,CONCEALED CARRY LICENSE VIOLATION,1,ENGLEWOOD
2025,68,CRIMINAL DAMAGE,529,ENGLEWOOD
2025,68,CRIMINAL SEXUAL ASSAULT,30,ENGLEWOOD
2025,68,CRIMINAL TRESPASS,83,ENGLEWOOD
2025,68,DECEPTIVE PRACTICE,162,ENGLEWOOD
2025,68,HOMICIDE,12,ENGLEWOOD
2025,68,INTERFERENCE WITH PUBLIC OFFICER,39,ENGLEWOOD
2025,68,INTIMIDATION,1,ENGLEWOOD
2025,68,KIDNAPPING,3,ENGLEWOOD
2025,68,LIQUOR LAW VIOLATION,3,ENGLEWOOD
2025,68,MOTOR VEHICLE THEFT,359,ENGLEWOOD
2025,68,NARCOTICS,181,ENGLEWOOD
2025,68,OFFENSE INVOLVING CHILDREN,48,ENGLEWOOD
2025,68,OTHER OFFENSE,451,ENGLEWOOD
2025,68,PROSTITUTION,4,ENGLEWOOD
2025,68,PUBLIC PEACE VIOLATION,25,ENGLEWOOD
2025,68,ROBBERY,148,ENGLEWOOD
2025,68,SEX OFFENSE,22,ENGLEWOOD
2025,68,STALKING,11,ENGLEWOOD
2025,68,THEFT,638,ENGLEWOOD
2025,68,WEAPONS VIOLATION,233,ENGLEWOOD
2025,69,ARSON,16,GREATER GRAND CROSSING
2025,69,ASSAULT,750,GREATER GRAND CROSSING
2025,69,BATTERY,1368,GREATER GRAND CROSSING
2025,69,BURGLARY,208,GREATER GRAND CROSSING
2025,69,CONCEALED CARRY LICENSE VIOLATION,10,GREATER GRAND CROSSING
2025,69,CRIMINAL DAMAGE,732,GREATER GRAND CROSSING
2025,69,CRIMINAL SEXUAL ASSAULT,42,GREATER GRAND CROSSING
2025,69,CRIMINAL TRESPASS,135,GREATER GRAND CROSSING
2025,69,DECEPTIVE PRACTICE,238,GREATER GRAND CROSSING
2025,69,HOMICIDE,20,GREATER GRAND CROSSING
2025,69,HUMAN TRAFFICKING,1,GREATER GRAND CROSSING
2025,69,INTERFERENCE WITH PUBLIC OFFICER,34,GREATER GRAND CROSSING
2025,69,INTIMIDATION,3,GREATER GRAND CROSSING
2025,69,LIQUOR LAW VIOLATION,3,GREATER GRAND CROSSING
2025,69,MOTOR VEHICLE THEFT,417,GREATER GRAND CROSSING
2025,69,NARCOTICS,144,GREATER GRAND CROSSING
2025,69,OBSCENITY,1,GREATER GRAND CROSSING
2025,69,OFFENSE INVOLVING CHILDREN,57,GREATER GRAND CROSSING
2025,69,OTHER OFFENSE,440,GREATER GRAND CROSSING
2025,69,PUBLIC INDECENCY,1,GREATER GRAND CROSSING
2025,69,PUBLIC PEACE VIOLATION,19,GREATER GRAND CROSSING
2025,69,ROBBERY,195,GREATER GRAND CROSSING
2025,69,SEX OFFENSE,19,GREATER GRAND CROSSING
2025,69,STALKING,9,GREATER GRAND CROSSING
2025,69,THEFT,855,GREATER GRAND CROSSING
2025,69,WEAPONS VIOLATION,261,GREATER GRAND CROSSING
2025,70,ARSON,4,ASHBURN
2025,70,ASSAULT,211,ASHBURN
2025,70,BATTERY,377,ASHBURN
2025,70,BURGLARY,71,ASHBURN
2025,70,CONCEALED CARRY LICENSE VIOLATION,1,ASHBURN
2025,70,CRIMINAL DAMAGE,228,ASHBURN
2025,70,CRIMINAL SEXUAL ASSAULT,12,ASHBURN
2025,70,CRIMINAL TRESPASS,36,ASHBURN
2025,70,DECEPTIVE PRACTICE,166,ASHBURN
2025,70,HOMICIDE,2,ASHBURN
2025,70,INTERFERENCE WITH PUBLIC OFFICER,4,ASHBURN
2025,70,LIQUOR LAW VIOLATION,1,ASHBURN
2025,70,MOTOR VEHICLE THEFT,221,ASHBURN
2025,70,NARCOTICS,8,ASHBURN
2025,70,OBSCENITY,1,ASHBURN
2025,70,OFFENSE INVOLVING CHILDREN,26,ASHBURN
2025,70,OTHER OFFENSE,171,ASHBURN
2025,70,PUBLIC PEACE VIOLATION,8,ASHBURN
2025,70,ROBBERY,34,ASHBURN
2025,70,SEX OFFENSE,16,ASHBURN
2025,70,STALKING,8,ASHBURN
2025,70,THEFT,299,ASHBURN
2025,70,WEAPONS VIOLATION,41,ASHBURN
2025,71,ARSON,13,AUBURN GRESHAM
2025,71,ASSAULT,676,AUBURN GRESHAM
2025,71,BATTERY,1235,AUBURN GRESHAM
2025,71,BURGLARY,238,AUBURN GRESHAM
2025,71,CONCEALED CARRY LICENSE VIOLATION,3,AUBURN GRESHAM
2025,71,CRIMINAL DAMAGE,860,AUBURN GRESHAM
2025,71,CRIMINAL SEXUAL ASSAULT,44,AUBURN GRESHAM
2025,71,CRIMINAL TRESPASS,109,AUBURN GRESHAM
2025,71,DECEPTIVE PRACTICE,275,AUBURN GRESHAM
2025,71,GAMBLING,2,AUBURN GRESHAM
2025,71,HOMICIDE,19,AUBURN GRESHAM
2025,71,INTERFERENCE WITH PUBLIC OFFICER,23,AUBURN GRESHAM
2025,71,INTIMIDATION,3,AUBURN GRESHAM
2025,71,KIDNAPPING,4,AUBURN GRESHAM
2025,71,LIQUOR LAW VIOLATION,3,AUBURN GRESHAM
2025,71,MOTOR VEHICLE THEFT,557,AUBURN GRESHAM
2025,71,NARCOTICS,111,AUBURN GRESHAM
2025,71,OBSCENITY,1,AUBURN GRESHAM
2025,71,OFFENSE INVOLVING CHILDREN,55,AUBURN GRESHAM
2025,71,OTHER OFFENSE,509,AUBURN GRESHAM
2025,71,PROSTITUTION,1,AUBURN GRESHAM
2025,71,PUBLIC PEACE VIOLATION,23,AUBURN GRESHAM
2025,71,ROBBERY,162,AUBURN GRESHAM
2025,71,SEX OFFENSE,17,AUBURN GRESHAM
2025,71,STALKING,16,AUBURN GRESHAM
2025,71,THEFT,864,AUBURN GRESHAM
2025,71,WEAPONS VIOLATION,135,AUBURN GRESHAM
2025,72,ARSON,1,BEVERLY
2025,72,ASSAULT,77,BEVERLY
2025,72,BATTERY,153,BEVERLY
2025,72,BURGLARY,44,BEVERLY
2025,72,CONCEALED CARRY LICENSE VIOLATION,1,BEVERLY
2025,72,CRIMINAL DAMAGE,114,BEVERLY
2025,72,CRIMINAL SEXUAL ASSAULT,5,BEVERLY
2025,72,CRIMINAL TRESPASS,28,BEVERLY
2025,72,DECEPTIVE PRACTICE,101,BEVERLY
2025,72,HOMICIDE,1,BEVERLY
2025,72,INTERFERENCE WITH PUBLIC OFFICER,1,BEVERLY
2025,72,KIDNAPPING,1,BEVERLY
2025,72,LIQUOR LAW VIOLATION,2,BEVERLY
2025,72,MOTOR VEHICLE THEFT,75,BEVERLY
2025,72,NARCOTICS,10,BEVERLY
2025,72,OBSCENITY,1,BEVERLY
2025,72,OFFENSE INVOLVING CHILDREN,10,BEVERLY
2025,72,OTHER OFFENSE,81,BEVERLY
2025,72,PUBLIC PEACE VIOLATION,1,BEVERLY
2025,72,ROBBERY,12,BEVERLY
2025,72,SEX OFFENSE,8,BEVERLY
2025,72,STALKING,3,BEVERLY
2025,72,THEFT,218,BEVERLY
2025,72,WEAPONS VIOLATION,9,BEVERLY
2025,73,ARSON,2,WASHINGTON HEIGHTS
2025,73,ASSAULT,269,WASHINGTON HEIGHTS
2025,73,BATTERY,441,WASHINGTON HEIGHTS
2025,73,BURGLARY,106,WASHINGTON HEIGHTS
2025,73,CONCEALED CARRY LICENSE VIOLATION,3,WASHINGTON HEIGHTS
2025,73,CRIMINAL DAMAGE,370,WASHINGTON HEIGHTS
2025,73,CRIMINAL SEXUAL ASSAULT,17,WASHINGTON HEIGHTS
2025,73,CRIMINAL TRESPASS,52,WASHINGTON HEIGHTS
2025,73,DECEPTIVE PRACTICE,182,WASHINGTON HEIGHTS
2025,73,HOMICIDE,3,WASHINGTON HEIGHTS
2025,73,INTERFERENCE WITH PUBLIC OFFICER,10,WASHINGTON HEIGHTS
2025,73,INTIMIDATION,1,WASHINGTON HEIGHTS
2025,73,LIQUOR LAW VIOLATION,1,WASHINGTON HEIGHTS
2025,73,MOTOR VEHICLE THEFT,285,WASHINGTON HEIGHTS
2025,73,NARCOTICS,54,WASHINGTON HEIGHTS
2025,73,OBSCENITY,1,WASHINGTON HEIGHTS
2025,73,OFFENSE INVOLVING CHILDREN,16,WASHINGTON HEIGHTS
2025,73,OTHER OFFENSE,257,WASHINGTON HEIGHTS
2025,73,PUBLIC PEACE VIOLATION,19,WASHINGTON HEIGHTS
2025,73,ROBBERY,64,WASHINGTON HEIGHTS
2025,73,SEX OFFENSE,14,WASHINGTON HEIGHTS
2025,73,STALKING,9,WASHINGTON HEIGHTS
2025,73,THEFT,476,WASHINGTON HEIGHTS
2025,73,WEAPONS VIOLATION,91,WASHINGTON HEIGHTS
2025,74,ASSAULT,44,MOUNT GREENWOOD
2025,74,BATTERY,102,MOUNT GREENWOOD
2025,74,BURGLARY,20,MOUNT GREENWOOD
2025,74,CRIMINAL DAMAGE,57,MOUNT GREENWOOD
2025,74,CRIMINAL SEXUAL ASSAULT,2,MOUNT GREENWOOD
2025,74,CRIMINAL TRESPASS,14,MOUNT GREENWOOD
2025,74,DECEPTIVE PRACTICE,60,MOUNT GREENWOOD
2025,74,KIDNAPPING,2,MOUNT GREENWOOD
2025,74,LIQUOR LAW VIOLATION,2,MOUNT GREENWOOD
2025,74,MOTOR VEHICLE THEFT,30,MOUNT GREENWOOD
2025,74,OFFENSE INVOLVING CHILDREN,3,MOUNT GREENWOOD
2025,74,OTHER OFFENSE,54,MOUNT GREENWOOD
2025,74,PUBLIC PEACE VIOLATION,2,MOUNT GREENWOOD
2025,74,ROBBERY,7,MOUNT GREENWOOD
2025,74,SEX OFFENSE,4,MOUNT GREENWOOD
2025,74,STALKING,3,MOUNT GREENWOOD
2025,74,THEFT,103,MOUNT GREENWOOD
2025,74,WEAPONS VIOLATION,3,MOUNT GREENWOOD
2025,75,ARSON,2,MORGAN PARK
2025,75,ASSAULT,163,MORGAN PARK
2025,75,BATTERY,349,MORGAN PARK
2025,75,BURGLARY,55,MORGAN PARK
2025,75,CONCEALED CARRY LICENSE VIOLATION,1,MORGAN PARK
2025,75,CRIMINAL DAMAGE,207,MORGAN PARK
2025,75,CRIMINAL SEXUAL ASSAULT,10,MORGAN PARK
2025,75,CRIMINAL TRESPASS,30,MORGAN PARK
2025,75,DECEPTIVE PRACTICE,129,MORGAN PARK
2025,75,HOMICIDE,5,MORGAN PARK
2025,75,HUMAN TRAFFICKING,1,MORGAN PARK
2025,75,INTERFERENCE WITH PUBLIC OFFICER,6,MORGAN PARK
2025,75,INTIMIDATION,2,MORGAN PARK
2025,75,KIDNAPPING,3,MORGAN PARK
2025,75,LIQUOR LAW VIOLATION,1,MORGAN PARK
2025,75,MOTOR VEHICLE THEFT,101,MORGAN PARK
2025,75,NARCOTICS,25,MORGAN PARK
2025,75,OFFENSE INVOLVING CHILDREN,24,MORGAN PARK
2025,75,OTHER OFFENSE,173,MORGAN PARK
2025,75,PUBLIC PEACE VIOLATION,6,MORGAN PARK
2025,75,ROBBERY,37,MORGAN PARK
2025,75,SEX OFFENSE,13,MORGAN PARK
2025,75,THEFT,435,MORGAN PARK
2025,75,WEAPONS VIOLATION,45,MORGAN PARK
2025,76,ASSAULT,79,OHARE
2025,76,BATTERY,225,OHARE
2025,76,BURGLARY,24,OHARE
2025,76,CONCEALED CARRY LICENSE VIOLATION,59,OHARE
2025,76,CRIMINAL DAMAGE,105,OHARE
2025,76,CRIMINAL SEXUAL ASSAULT,2,OHARE
2025,76,CRIMINAL TRESPASS,108,OHARE
2025,76,DECEPTIVE PRACTICE,170,OHARE
2025,76,HOMICIDE,2,OHARE
2025,76,INTIMIDATION,1,OHARE
2025,76,LIQUOR LAW VIOLATION,2,OHARE
2025,76,MOTOR VEHICLE THEFT,83,OHARE
2025,76,NARCOTICS,25,OHARE
2025,76,OBSCENITY,2,OHARE
2025,76,OFFENSE INVOLVING CHILDREN,1,OHARE
2025,76,OTHER OFFENSE,110,OHARE
2025,76,PUBLIC PEACE VIOLATION,74,OHARE
2025,76,ROBBERY,2,OHARE
2025,76,SEX OFFENSE,7,OHARE
2025,76,STALKING,3,OHARE
2025,76,THEFT,520,OHARE
2025,76,WEAPONS VIOLATION,33,OHARE
2025,77,ARSON,4,EDGEWATER
2025,77,ASSAULT,256,EDGEWATER
2025,77,BATTERY,481,EDGEWATER
2025,77,BURGLARY,169,EDGEWATER
2025,77,CONCEALED CARRY LICENSE VIOLATION,1,EDGEWATER
2025,77,CRIMINAL DAMAGE,236,EDGEWATER
2025,77,CRIMINAL SEXUAL ASSAULT,23,EDGEWATER
2025,77,CRIMINAL TRESPASS,89,EDGEWATER
2025,77,DECEPTIVE PRACTICE,238,EDGEWATER
2025,77,HOMICIDE,3,EDGEWATER
2025,77,INTERFERENCE WITH PUBLIC OFFICER,1,EDGEWATER
2025,77,INTIMIDATION,5,EDGEWATER
2025,77,MOTOR VEHICLE THEFT,145,EDGEWATER
2025,77,NARCOTICS,17,EDGEWATER
2025,77,NON-CRIMINAL,1,EDGEWATER
2025,77,OBSCENITY,2,EDGEWATER
2025,77,OFFENSE INVOLVING CHILDREN,8,EDGEWATER
2025,77,OTHER OFFENSE,190,EDGEWATER
2025,77,PROSTITUTION,1,EDGEWATER
2025,77,PUBLIC PEACE VIOLATION,8,EDGEWATER
2025,77,ROBBERY,60,EDGEWATER
2025,77,SEX OFFENSE,18,EDGEWATER
2025,77,STALKING,7,EDGEWATER
2025,77,THEFT,937,EDGEWATER
2025,77,WEAPONS VIOLATION,21,EDGEWATER
